2026-06-14 17:54:06,597 [INFO] sqlalchemy.engine.Engine: SELECT DATABASE()
2026-06-14 17:54:06,598 [INFO] sqlalchemy.engine.Engine: [raw sql] ()
2026-06-14 17:54:06,742 [INFO] sqlalchemy.engine.Engine: SELECT @@sql_mode
2026-06-14 17:54:06,742 [INFO] sqlalchemy.engine.Engine: [raw sql] ()
2026-06-14 17:54:06,801 [INFO] sqlalchemy.engine.Engine: SELECT @@lower_case_table_names
2026-06-14 17:54:06,802 [INFO] sqlalchemy.engine.Engine: [raw sql] ()
2026-06-14 17:54:07,563 [INFO] sqlalchemy.engine.Engine: BEGIN (implicit)
2026-06-14 17:54:07,564 [INFO] sqlalchemy.engine.Engine: DESCRIBE `club_db`.`users`
2026-06-14 17:54:07,564 [INFO] sqlalchemy.engine.Engine: [raw sql] ()
2026-06-14 17:54:07,825 [INFO] sqlalchemy.engine.Engine: DESCRIBE `club_db`.`clubs`
2026-06-14 17:54:07,825 [INFO] sqlalchemy.engine.Engine: [raw sql] ()
2026-06-14 17:54:07,882 [INFO] sqlalchemy.engine.Engine: DESCRIBE `club_db`.`club_members`
2026-06-14 17:54:07,883 [INFO] sqlalchemy.engine.Engine: [raw sql] ()
2026-06-14 17:54:07,936 [INFO] sqlalchemy.engine.Engine: DESCRIBE `club_db`.`venues`
2026-06-14 17:54:07,936 [INFO] sqlalchemy.engine.Engine: [raw sql] ()
2026-06-14 17:54:07,999 [INFO] sqlalchemy.engine.Engine: DESCRIBE `club_db`.`venue_time_slots`
2026-06-14 17:54:07,999 [INFO] sqlalchemy.engine.Engine: [raw sql] ()
2026-06-14 17:54:08,043 [INFO] sqlalchemy.engine.Engine: DESCRIBE `club_db`.`booking_orders`
2026-06-14 17:54:08,043 [INFO] sqlalchemy.engine.Engine: [raw sql] ()
2026-06-14 17:54:08,085 [INFO] sqlalchemy.engine.Engine: DESCRIBE `club_db`.`settlement_records`
2026-06-14 17:54:08,086 [INFO] sqlalchemy.engine.Engine: [raw sql] ()
2026-06-14 17:54:08,132 [INFO] sqlalchemy.engine.Engine: DESCRIBE `club_db`.`match_posts`
2026-06-14 17:54:08,133 [INFO] sqlalchemy.engine.Engine: [raw sql] ()
2026-06-14 17:54:08,183 [INFO] sqlalchemy.engine.Engine: DESCRIBE `club_db`.`match_registrations`
2026-06-14 17:54:08,184 [INFO] sqlalchemy.engine.Engine: [raw sql] ()
2026-06-14 17:54:08,243 [INFO] sqlalchemy.engine.Engine: DESCRIBE `club_db`.`tournaments`
2026-06-14 17:54:08,243 [INFO] sqlalchemy.engine.Engine: [raw sql] ()
2026-06-14 17:54:08,282 [INFO] sqlalchemy.engine.Engine: DESCRIBE `club_db`.`tournament_registrations`
2026-06-14 17:54:08,282 [INFO] sqlalchemy.engine.Engine: [raw sql] ()
2026-06-14 17:54:08,511 [INFO] sqlalchemy.engine.Engine: DESCRIBE `club_db`.`notifications`
2026-06-14 17:54:08,512 [INFO] sqlalchemy.engine.Engine: [raw sql] ()
2026-06-14 17:54:08,591 [INFO] sqlalchemy.engine.Engine: COMMIT
2026-06-14 17:54:11,725 [INFO] sqlalchemy.engine.Engine: SELECT DATABASE()
2026-06-14 17:54:11,726 [INFO] sqlalchemy.engine.Engine: [raw sql] ()
2026-06-14 17:54:11,812 [INFO] sqlalchemy.engine.Engine: SELECT @@sql_mode
2026-06-14 17:54:11,813 [INFO] sqlalchemy.engine.Engine: [raw sql] ()
2026-06-14 17:54:11,873 [INFO] sqlalchemy.engine.Engine: SELECT @@lower_case_table_names
2026-06-14 17:54:11,873 [INFO] sqlalchemy.engine.Engine: [raw sql] ()
2026-06-14 17:54:12,364 [INFO] sqlalchemy.engine.Engine: BEGIN (implicit)
2026-06-14 17:54:12,365 [INFO] sqlalchemy.engine.Engine: DESCRIBE `club_db`.`users`
2026-06-14 17:54:12,365 [INFO] sqlalchemy.engine.Engine: [raw sql] ()
2026-06-14 17:54:12,418 [INFO] sqlalchemy.engine.Engine: DESCRIBE `club_db`.`clubs`
2026-06-14 17:54:12,418 [INFO] sqlalchemy.engine.Engine: [raw sql] ()
2026-06-14 17:54:12,471 [INFO] sqlalchemy.engine.Engine: DESCRIBE `club_db`.`club_members`
2026-06-14 17:54:12,472 [INFO] sqlalchemy.engine.Engine: [raw sql] ()
2026-06-14 17:54:12,519 [INFO] sqlalchemy.engine.Engine: DESCRIBE `club_db`.`venues`
2026-06-14 17:54:12,520 [INFO] sqlalchemy.engine.Engine: [raw sql] ()
2026-06-14 17:54:12,568 [INFO] sqlalchemy.engine.Engine: DESCRIBE `club_db`.`venue_time_slots`
2026-06-14 17:54:12,568 [INFO] sqlalchemy.engine.Engine: [raw sql] ()
2026-06-14 17:54:12,621 [INFO] sqlalchemy.engine.Engine: DESCRIBE `club_db`.`booking_orders`
2026-06-14 17:54:12,621 [INFO] sqlalchemy.engine.Engine: [raw sql] ()
2026-06-14 17:54:12,683 [INFO] sqlalchemy.engine.Engine: DESCRIBE `club_db`.`settlement_records`
2026-06-14 17:54:12,684 [INFO] sqlalchemy.engine.Engine: [raw sql] ()
2026-06-14 17:54:12,953 [INFO] sqlalchemy.engine.Engine: DESCRIBE `club_db`.`match_posts`
2026-06-14 17:54:12,954 [INFO] sqlalchemy.engine.Engine: [raw sql] ()
2026-06-14 17:54:13,012 [INFO] sqlalchemy.engine.Engine: DESCRIBE `club_db`.`match_registrations`
2026-06-14 17:54:13,012 [INFO] sqlalchemy.engine.Engine: [raw sql] ()
2026-06-14 17:54:13,060 [INFO] sqlalchemy.engine.Engine: DESCRIBE `club_db`.`tournaments`
2026-06-14 17:54:13,060 [INFO] sqlalchemy.engine.Engine: [raw sql] ()
2026-06-14 17:54:13,104 [INFO] sqlalchemy.engine.Engine: DESCRIBE `club_db`.`tournament_registrations`
2026-06-14 17:54:13,104 [INFO] sqlalchemy.engine.Engine: [raw sql] ()
2026-06-14 17:54:13,158 [INFO] sqlalchemy.engine.Engine: DESCRIBE `club_db`.`notifications`
2026-06-14 17:54:13,158 [INFO] sqlalchemy.engine.Engine: [raw sql] ()
2026-06-14 17:54:13,204 [INFO] sqlalchemy.engine.Engine: COMMIT
2026-06-14 17:54:13,297 [INFO] club-api: Database tables created/verified
2026-06-14 17:55:34,558 [INFO] sqlalchemy.engine.Engine: SELECT DATABASE()
2026-06-14 17:55:34,559 [INFO] sqlalchemy.engine.Engine: [raw sql] ()
2026-06-14 17:55:34,669 [INFO] sqlalchemy.engine.Engine: SELECT @@sql_mode
2026-06-14 17:55:34,670 [INFO] sqlalchemy.engine.Engine: [raw sql] ()
2026-06-14 17:55:34,710 [INFO] sqlalchemy.engine.Engine: SELECT @@lower_case_table_names
2026-06-14 17:55:34,710 [INFO] sqlalchemy.engine.Engine: [raw sql] ()
2026-06-14 17:55:34,808 [INFO] sqlalchemy.engine.Engine: BEGIN (implicit)
2026-06-14 17:55:34,809 [INFO] sqlalchemy.engine.Engine: DESCRIBE `club_db`.`users`
2026-06-14 17:55:34,809 [INFO] sqlalchemy.engine.Engine: [raw sql] ()
2026-06-14 17:55:34,860 [INFO] sqlalchemy.engine.Engine: DESCRIBE `club_db`.`clubs`
2026-06-14 17:55:34,861 [INFO] sqlalchemy.engine.Engine: [raw sql] ()
2026-06-14 17:55:34,910 [INFO] sqlalchemy.engine.Engine: DESCRIBE `club_db`.`club_members`
2026-06-14 17:55:34,911 [INFO] sqlalchemy.engine.Engine: [raw sql] ()
2026-06-14 17:55:34,967 [INFO] sqlalchemy.engine.Engine: DESCRIBE `club_db`.`venues`
2026-06-14 17:55:34,968 [INFO] sqlalchemy.engine.Engine: [raw sql] ()
2026-06-14 17:55:35,017 [INFO] sqlalchemy.engine.Engine: DESCRIBE `club_db`.`venue_time_slots`
2026-06-14 17:55:35,018 [INFO] sqlalchemy.engine.Engine: [raw sql] ()
2026-06-14 17:55:35,078 [INFO] sqlalchemy.engine.Engine: DESCRIBE `club_db`.`booking_orders`
2026-06-14 17:55:35,078 [INFO] sqlalchemy.engine.Engine: [raw sql] ()
2026-06-14 17:55:35,130 [INFO] sqlalchemy.engine.Engine: DESCRIBE `club_db`.`settlement_records`
2026-06-14 17:55:35,130 [INFO] sqlalchemy.engine.Engine: [raw sql] ()
2026-06-14 17:55:35,268 [INFO] sqlalchemy.engine.Engine: DESCRIBE `club_db`.`match_posts`
2026-06-14 17:55:35,268 [INFO] sqlalchemy.engine.Engine: [raw sql] ()
2026-06-14 17:55:35,313 [INFO] sqlalchemy.engine.Engine: DESCRIBE `club_db`.`match_registrations`
2026-06-14 17:55:35,314 [INFO] sqlalchemy.engine.Engine: [raw sql] ()
2026-06-14 17:55:35,349 [INFO] sqlalchemy.engine.Engine: DESCRIBE `club_db`.`tournaments`
2026-06-14 17:55:35,349 [INFO] sqlalchemy.engine.Engine: [raw sql] ()
2026-06-14 17:55:35,410 [INFO] sqlalchemy.engine.Engine: DESCRIBE `club_db`.`tournament_registrations`
2026-06-14 17:55:35,410 [INFO] sqlalchemy.engine.Engine: [raw sql] ()
2026-06-14 17:55:35,478 [INFO] sqlalchemy.engine.Engine: DESCRIBE `club_db`.`notifications`
2026-06-14 17:55:35,479 [INFO] sqlalchemy.engine.Engine: [raw sql] ()
2026-06-14 17:55:35,526 [INFO] sqlalchemy.engine.Engine: COMMIT
2026-06-14 17:55:35,609 [INFO] club-api: Database tables created/verified
2026-06-14 17:55:41,593 [INFO] sqlalchemy.engine.Engine: BEGIN (implicit)
2026-06-14 17:55:41,639 [INFO] sqlalchemy.engine.Engine: SELECT users.id, users.openid, users.unionid, users.nickname, users.avatar_url, users.phone, users.`role`, users.created_at, users.updated_at 
FROM users 
WHERE users.id = %s
2026-06-14 17:55:41,639 [INFO] sqlalchemy.engine.Engine: [generated in 0.00024s] (1,)
2026-06-14 17:55:41,693 [INFO] sqlalchemy.engine.Engine: SELECT club_members.club_id 
FROM club_members 
WHERE club_members.user_id = %s
2026-06-14 17:55:41,693 [INFO] sqlalchemy.engine.Engine: [generated in 0.00041s] (1,)
2026-06-14 17:55:41,735 [INFO] sqlalchemy.engine.Engine: COMMIT
2026-06-14 17:55:41,929 [INFO] sqlalchemy.engine.Engine: BEGIN (implicit)
2026-06-14 17:55:41,930 [INFO] sqlalchemy.engine.Engine: SELECT count(match_posts.id) AS count_1 
FROM match_posts
2026-06-14 17:55:41,930 [INFO] sqlalchemy.engine.Engine: [generated in 0.00015s] ()
2026-06-14 17:55:41,930 [INFO] sqlalchemy.engine.Engine: BEGIN (implicit)
2026-06-14 17:55:41,930 [INFO] sqlalchemy.engine.Engine: SELECT count(tournaments.id) AS count_1 
FROM tournaments 
WHERE tournaments.status = %s
2026-06-14 17:55:41,930 [INFO] sqlalchemy.engine.Engine: [generated in 0.00012s] ('open',)
2026-06-14 17:55:41,966 [INFO] sqlalchemy.engine.Engine: SELECT match_posts.id, match_posts.club_id, match_posts.user_id, match_posts.title, match_posts.sport_type, match_posts.preferred_date, match_posts.preferred_start, match_posts.preferred_end, match_posts.players_needed, match_posts.level_required, match_posts.notes, match_posts.venue_id, match_posts.booking_id, match_posts.group_chat_id, match_posts.status, match_posts.created_at, users.nickname, users.avatar_url, clubs.name, count(match_registrations.id) AS count_1 
FROM match_posts INNER JOIN users ON match_posts.user_id = users.id INNER JOIN clubs ON match_posts.club_id = clubs.id LEFT OUTER JOIN match_registrations ON match_registrations.post_id = match_posts.id GROUP BY match_posts.id ORDER BY match_posts.created_at DESC 
 LIMIT %s, %s
2026-06-14 17:55:41,966 [INFO] sqlalchemy.engine.Engine: [generated in 0.00033s] (0, 10)
2026-06-14 17:55:41,984 [INFO] sqlalchemy.engine.Engine: SELECT tournaments.id, tournaments.club_id, tournaments.title, tournaments.description, tournaments.sport_type, tournaments.start_time, tournaments.end_time, tournaments.venue_id, tournaments.lock_venue, tournaments.max_participants, tournaments.current_participants, tournaments.entry_fee, tournaments.cover_image, tournaments.group_chat_id, tournaments.status, tournaments.created_at, clubs.name 
FROM tournaments INNER JOIN clubs ON tournaments.club_id = clubs.id 
WHERE tournaments.status = %s ORDER BY tournaments.start_time 
 LIMIT %s, %s
2026-06-14 17:55:41,984 [INFO] sqlalchemy.engine.Engine: [generated in 0.00016s] ('open', 0, 5)
2026-06-14 17:55:42,034 [INFO] sqlalchemy.engine.Engine: COMMIT
2026-06-14 17:55:42,042 [INFO] sqlalchemy.engine.Engine: COMMIT
2026-06-14 17:55:44,462 [INFO] sqlalchemy.engine.Engine: BEGIN (implicit)
2026-06-14 17:55:44,464 [INFO] sqlalchemy.engine.Engine: SELECT count(clubs.id) AS count_1 
FROM clubs 
WHERE clubs.status = %s
2026-06-14 17:55:44,464 [INFO] sqlalchemy.engine.Engine: [generated in 0.00067s] ('active',)
2026-06-14 17:55:44,546 [INFO] sqlalchemy.engine.Engine: SELECT clubs.id, clubs.name, clubs.sport_types, clubs.description, clubs.cover_image, clubs.images, clubs.address, clubs.latitude, clubs.longitude, clubs.contact_phone, clubs.split_ratio, clubs.sub_merchant_id, clubs.status, clubs.created_at, clubs.updated_at 
FROM clubs 
WHERE clubs.status = %s ORDER BY clubs.id DESC 
 LIMIT %s, %s
2026-06-14 17:55:44,546 [INFO] sqlalchemy.engine.Engine: [generated in 0.00081s] ('active', 0, 20)
2026-06-14 17:55:44,605 [INFO] sqlalchemy.engine.Engine: COMMIT
2026-06-14 17:55:46,095 [INFO] sqlalchemy.engine.Engine: BEGIN (implicit)
2026-06-14 17:55:46,097 [INFO] sqlalchemy.engine.Engine: SELECT clubs.id, clubs.name, clubs.sport_types, clubs.description, clubs.cover_image, clubs.images, clubs.address, clubs.latitude, clubs.longitude, clubs.contact_phone, clubs.split_ratio, clubs.sub_merchant_id, clubs.status, clubs.created_at, clubs.updated_at 
FROM clubs 
WHERE clubs.id = %s
2026-06-14 17:55:46,097 [INFO] sqlalchemy.engine.Engine: [generated in 0.00040s] (12,)
2026-06-14 17:55:46,197 [INFO] sqlalchemy.engine.Engine: SELECT venues.id, venues.club_id, venues.name, venues.sport_type, venues.price_per_hour, venues.max_capacity, venues.open_time, venues.close_time, venues.cover_image, venues.status, venues.sort_order, venues.created_at 
FROM venues 
WHERE venues.club_id = %s
2026-06-14 17:55:46,197 [INFO] sqlalchemy.engine.Engine: [generated in 0.00085s] (12,)
2026-06-14 17:55:46,286 [INFO] sqlalchemy.engine.Engine: ROLLBACK
2026-06-14 17:56:48,028 [INFO] sqlalchemy.engine.Engine: SELECT DATABASE()
2026-06-14 17:56:48,028 [INFO] sqlalchemy.engine.Engine: [raw sql] ()
2026-06-14 17:56:48,110 [INFO] sqlalchemy.engine.Engine: SELECT @@sql_mode
2026-06-14 17:56:48,110 [INFO] sqlalchemy.engine.Engine: [raw sql] ()
2026-06-14 17:56:48,154 [INFO] sqlalchemy.engine.Engine: SELECT @@lower_case_table_names
2026-06-14 17:56:48,154 [INFO] sqlalchemy.engine.Engine: [raw sql] ()
2026-06-14 17:56:48,233 [INFO] sqlalchemy.engine.Engine: BEGIN (implicit)
2026-06-14 17:56:48,234 [INFO] sqlalchemy.engine.Engine: DESCRIBE `club_db`.`users`
2026-06-14 17:56:48,235 [INFO] sqlalchemy.engine.Engine: [raw sql] ()
2026-06-14 17:56:48,283 [INFO] sqlalchemy.engine.Engine: DESCRIBE `club_db`.`clubs`
2026-06-14 17:56:48,284 [INFO] sqlalchemy.engine.Engine: [raw sql] ()
2026-06-14 17:56:48,338 [INFO] sqlalchemy.engine.Engine: DESCRIBE `club_db`.`club_members`
2026-06-14 17:56:48,338 [INFO] sqlalchemy.engine.Engine: [raw sql] ()
2026-06-14 17:56:48,379 [INFO] sqlalchemy.engine.Engine: DESCRIBE `club_db`.`venues`
2026-06-14 17:56:48,379 [INFO] sqlalchemy.engine.Engine: [raw sql] ()
2026-06-14 17:56:48,427 [INFO] sqlalchemy.engine.Engine: DESCRIBE `club_db`.`venue_time_slots`
2026-06-14 17:56:48,428 [INFO] sqlalchemy.engine.Engine: [raw sql] ()
2026-06-14 17:56:48,494 [INFO] sqlalchemy.engine.Engine: DESCRIBE `club_db`.`booking_orders`
2026-06-14 17:56:48,494 [INFO] sqlalchemy.engine.Engine: [raw sql] ()
2026-06-14 17:56:48,540 [INFO] sqlalchemy.engine.Engine: DESCRIBE `club_db`.`settlement_records`
2026-06-14 17:56:48,540 [INFO] sqlalchemy.engine.Engine: [raw sql] ()
2026-06-14 17:56:48,633 [INFO] sqlalchemy.engine.Engine: DESCRIBE `club_db`.`match_posts`
2026-06-14 17:56:48,634 [INFO] sqlalchemy.engine.Engine: [raw sql] ()
2026-06-14 17:56:48,688 [INFO] sqlalchemy.engine.Engine: DESCRIBE `club_db`.`match_registrations`
2026-06-14 17:56:48,689 [INFO] sqlalchemy.engine.Engine: [raw sql] ()
2026-06-14 17:56:48,736 [INFO] sqlalchemy.engine.Engine: DESCRIBE `club_db`.`tournaments`
2026-06-14 17:56:48,737 [INFO] sqlalchemy.engine.Engine: [raw sql] ()
2026-06-14 17:56:48,792 [INFO] sqlalchemy.engine.Engine: DESCRIBE `club_db`.`tournament_registrations`
2026-06-14 17:56:48,792 [INFO] sqlalchemy.engine.Engine: [raw sql] ()
2026-06-14 17:56:48,853 [INFO] sqlalchemy.engine.Engine: DESCRIBE `club_db`.`notifications`
2026-06-14 17:56:48,853 [INFO] sqlalchemy.engine.Engine: [raw sql] ()
2026-06-14 17:56:48,914 [INFO] sqlalchemy.engine.Engine: COMMIT
2026-06-14 17:56:49,037 [INFO] club-api: Database tables created/verified
2026-06-14 18:01:01,289 [INFO] sqlalchemy.engine.Engine: SELECT DATABASE()
2026-06-14 18:01:01,290 [INFO] sqlalchemy.engine.Engine: [raw sql] ()
2026-06-14 18:01:01,433 [INFO] sqlalchemy.engine.Engine: SELECT @@sql_mode
2026-06-14 18:01:01,434 [INFO] sqlalchemy.engine.Engine: [raw sql] ()
2026-06-14 18:01:01,493 [INFO] sqlalchemy.engine.Engine: SELECT @@lower_case_table_names
2026-06-14 18:01:01,494 [INFO] sqlalchemy.engine.Engine: [raw sql] ()
2026-06-14 18:01:01,709 [INFO] sqlalchemy.engine.Engine: BEGIN (implicit)
2026-06-14 18:01:01,710 [INFO] sqlalchemy.engine.Engine: DESCRIBE `club_db`.`users`
2026-06-14 18:01:01,711 [INFO] sqlalchemy.engine.Engine: [raw sql] ()
2026-06-14 18:01:01,802 [INFO] sqlalchemy.engine.Engine: DESCRIBE `club_db`.`clubs`
2026-06-14 18:01:01,803 [INFO] sqlalchemy.engine.Engine: [raw sql] ()
2026-06-14 18:01:01,905 [INFO] sqlalchemy.engine.Engine: DESCRIBE `club_db`.`club_members`
2026-06-14 18:01:01,905 [INFO] sqlalchemy.engine.Engine: [raw sql] ()
2026-06-14 18:01:02,006 [INFO] sqlalchemy.engine.Engine: DESCRIBE `club_db`.`venues`
2026-06-14 18:01:02,006 [INFO] sqlalchemy.engine.Engine: [raw sql] ()
2026-06-14 18:01:02,131 [INFO] sqlalchemy.engine.Engine: DESCRIBE `club_db`.`venue_time_slots`
2026-06-14 18:01:02,132 [INFO] sqlalchemy.engine.Engine: [raw sql] ()
2026-06-14 18:01:02,211 [INFO] sqlalchemy.engine.Engine: DESCRIBE `club_db`.`booking_orders`
2026-06-14 18:01:02,211 [INFO] sqlalchemy.engine.Engine: [raw sql] ()
2026-06-14 18:01:02,315 [INFO] sqlalchemy.engine.Engine: DESCRIBE `club_db`.`settlement_records`
2026-06-14 18:01:02,315 [INFO] sqlalchemy.engine.Engine: [raw sql] ()
2026-06-14 18:01:02,417 [INFO] sqlalchemy.engine.Engine: DESCRIBE `club_db`.`match_posts`
2026-06-14 18:01:02,417 [INFO] sqlalchemy.engine.Engine: [raw sql] ()
2026-06-14 18:01:02,545 [INFO] sqlalchemy.engine.Engine: DESCRIBE `club_db`.`match_registrations`
2026-06-14 18:01:02,545 [INFO] sqlalchemy.engine.Engine: [raw sql] ()
2026-06-14 18:01:02,621 [INFO] sqlalchemy.engine.Engine: DESCRIBE `club_db`.`tournaments`
2026-06-14 18:01:02,621 [INFO] sqlalchemy.engine.Engine: [raw sql] ()
2026-06-14 18:01:02,726 [INFO] sqlalchemy.engine.Engine: DESCRIBE `club_db`.`tournament_registrations`
2026-06-14 18:01:02,727 [INFO] sqlalchemy.engine.Engine: [raw sql] ()
2026-06-14 18:01:02,831 [INFO] sqlalchemy.engine.Engine: DESCRIBE `club_db`.`notifications`
2026-06-14 18:01:02,831 [INFO] sqlalchemy.engine.Engine: [raw sql] ()
2026-06-14 18:01:02,933 [INFO] sqlalchemy.engine.Engine: COMMIT
2026-06-14 18:01:03,133 [INFO] club-api: Database tables created/verified
2026-06-14 18:01:56,777 [INFO] sqlalchemy.engine.Engine: SELECT DATABASE()
2026-06-14 18:01:56,777 [INFO] sqlalchemy.engine.Engine: [raw sql] ()
2026-06-14 18:01:56,872 [INFO] sqlalchemy.engine.Engine: SELECT @@sql_mode
2026-06-14 18:01:56,872 [INFO] sqlalchemy.engine.Engine: [raw sql] ()
2026-06-14 18:01:56,928 [INFO] sqlalchemy.engine.Engine: SELECT @@lower_case_table_names
2026-06-14 18:01:56,929 [INFO] sqlalchemy.engine.Engine: [raw sql] ()
2026-06-14 18:01:57,028 [INFO] sqlalchemy.engine.Engine: BEGIN (implicit)
2026-06-14 18:01:57,029 [INFO] sqlalchemy.engine.Engine: DESCRIBE `club_db`.`users`
2026-06-14 18:01:57,029 [INFO] sqlalchemy.engine.Engine: [raw sql] ()
2026-06-14 18:01:57,068 [INFO] sqlalchemy.engine.Engine: DESCRIBE `club_db`.`clubs`
2026-06-14 18:01:57,069 [INFO] sqlalchemy.engine.Engine: [raw sql] ()
2026-06-14 18:01:57,125 [INFO] sqlalchemy.engine.Engine: DESCRIBE `club_db`.`club_members`
2026-06-14 18:01:57,125 [INFO] sqlalchemy.engine.Engine: [raw sql] ()
2026-06-14 18:01:57,180 [INFO] sqlalchemy.engine.Engine: DESCRIBE `club_db`.`venues`
2026-06-14 18:01:57,180 [INFO] sqlalchemy.engine.Engine: [raw sql] ()
2026-06-14 18:01:57,233 [INFO] sqlalchemy.engine.Engine: DESCRIBE `club_db`.`venue_time_slots`
2026-06-14 18:01:57,234 [INFO] sqlalchemy.engine.Engine: [raw sql] ()
2026-06-14 18:01:57,283 [INFO] sqlalchemy.engine.Engine: DESCRIBE `club_db`.`booking_orders`
2026-06-14 18:01:57,284 [INFO] sqlalchemy.engine.Engine: [raw sql] ()
2026-06-14 18:01:57,328 [INFO] sqlalchemy.engine.Engine: DESCRIBE `club_db`.`settlement_records`
2026-06-14 18:01:57,328 [INFO] sqlalchemy.engine.Engine: [raw sql] ()
2026-06-14 18:01:57,383 [INFO] sqlalchemy.engine.Engine: DESCRIBE `club_db`.`match_posts`
2026-06-14 18:01:57,383 [INFO] sqlalchemy.engine.Engine: [raw sql] ()
2026-06-14 18:01:57,430 [INFO] sqlalchemy.engine.Engine: DESCRIBE `club_db`.`match_registrations`
2026-06-14 18:01:57,431 [INFO] sqlalchemy.engine.Engine: [raw sql] ()
2026-06-14 18:01:57,467 [INFO] sqlalchemy.engine.Engine: DESCRIBE `club_db`.`tournaments`
2026-06-14 18:01:57,468 [INFO] sqlalchemy.engine.Engine: [raw sql] ()
2026-06-14 18:01:57,521 [INFO] sqlalchemy.engine.Engine: DESCRIBE `club_db`.`tournament_registrations`
2026-06-14 18:01:57,522 [INFO] sqlalchemy.engine.Engine: [raw sql] ()
2026-06-14 18:01:57,577 [INFO] sqlalchemy.engine.Engine: DESCRIBE `club_db`.`notifications`
2026-06-14 18:01:57,577 [INFO] sqlalchemy.engine.Engine: [raw sql] ()
2026-06-14 18:01:57,633 [INFO] sqlalchemy.engine.Engine: COMMIT
2026-06-14 18:01:57,729 [INFO] club-api: Database tables created/verified
2026-06-14 18:02:04,883 [INFO] sqlalchemy.engine.Engine: BEGIN (implicit)
2026-06-14 18:02:04,921 [INFO] sqlalchemy.engine.Engine: SELECT users.id, users.openid, users.unionid, users.nickname, users.avatar_url, users.phone, users.`role`, users.created_at, users.updated_at 
FROM users 
WHERE users.id = %s
2026-06-14 18:02:04,921 [INFO] sqlalchemy.engine.Engine: [generated in 0.00033s] (1,)
2026-06-14 18:02:05,010 [INFO] sqlalchemy.engine.Engine: SELECT club_members.club_id 
FROM club_members 
WHERE club_members.user_id = %s
2026-06-14 18:02:05,010 [INFO] sqlalchemy.engine.Engine: [generated in 0.00023s] (1,)
2026-06-14 18:02:05,055 [INFO] sqlalchemy.engine.Engine: COMMIT
2026-06-14 18:02:32,073 [INFO] sqlalchemy.engine.Engine: BEGIN (implicit)
2026-06-14 18:02:32,074 [INFO] sqlalchemy.engine.Engine: SELECT users.id, users.openid, users.unionid, users.nickname, users.avatar_url, users.phone, users.`role`, users.created_at, users.updated_at 
FROM users 
WHERE users.id = %s
2026-06-14 18:02:32,074 [INFO] sqlalchemy.engine.Engine: [cached since 27.15s ago] (1,)
2026-06-14 18:02:32,233 [INFO] sqlalchemy.engine.Engine: SELECT club_members.club_id 
FROM club_members 
WHERE club_members.user_id = %s
2026-06-14 18:02:32,233 [INFO] sqlalchemy.engine.Engine: [cached since 27.22s ago] (1,)
2026-06-14 18:02:32,327 [INFO] sqlalchemy.engine.Engine: COMMIT
2026-06-14 18:02:32,532 [INFO] sqlalchemy.engine.Engine: BEGIN (implicit)
2026-06-14 18:02:32,536 [INFO] sqlalchemy.engine.Engine: SELECT count(tournaments.id) AS count_1 
FROM tournaments 
WHERE tournaments.status = %s
2026-06-14 18:02:32,536 [INFO] sqlalchemy.engine.Engine: [generated in 0.00061s] ('open',)
2026-06-14 18:02:32,662 [INFO] sqlalchemy.engine.Engine: SELECT tournaments.id, tournaments.club_id, tournaments.title, tournaments.description, tournaments.sport_type, tournaments.start_time, tournaments.end_time, tournaments.venue_id, tournaments.lock_venue, tournaments.max_participants, tournaments.current_participants, tournaments.entry_fee, tournaments.cover_image, tournaments.group_chat_id, tournaments.status, tournaments.created_at, clubs.name 
FROM tournaments INNER JOIN clubs ON tournaments.club_id = clubs.id 
WHERE tournaments.status = %s ORDER BY tournaments.start_time 
 LIMIT %s, %s
2026-06-14 18:02:32,662 [INFO] sqlalchemy.engine.Engine: [generated in 0.00042s] ('open', 0, 5)
2026-06-14 18:02:32,663 [INFO] sqlalchemy.engine.Engine: BEGIN (implicit)
2026-06-14 18:02:32,664 [INFO] sqlalchemy.engine.Engine: SELECT count(match_posts.id) AS count_1 
FROM match_posts
2026-06-14 18:02:32,664 [INFO] sqlalchemy.engine.Engine: [generated in 0.00022s] ()
2026-06-14 18:02:32,746 [INFO] sqlalchemy.engine.Engine: COMMIT
2026-06-14 18:02:32,750 [INFO] sqlalchemy.engine.Engine: SELECT match_posts.id, match_posts.club_id, match_posts.user_id, match_posts.title, match_posts.sport_type, match_posts.preferred_date, match_posts.preferred_start, match_posts.preferred_end, match_posts.players_needed, match_posts.level_required, match_posts.notes, match_posts.venue_id, match_posts.booking_id, match_posts.group_chat_id, match_posts.status, match_posts.created_at, users.nickname, users.avatar_url, clubs.name, count(match_registrations.id) AS count_1 
FROM match_posts INNER JOIN users ON match_posts.user_id = users.id INNER JOIN clubs ON match_posts.club_id = clubs.id LEFT OUTER JOIN match_registrations ON match_registrations.post_id = match_posts.id GROUP BY match_posts.id ORDER BY match_posts.created_at DESC 
 LIMIT %s, %s
2026-06-14 18:02:32,750 [INFO] sqlalchemy.engine.Engine: [generated in 0.00021s] (0, 10)
2026-06-14 18:02:32,841 [INFO] sqlalchemy.engine.Engine: COMMIT
2026-06-14 18:02:38,146 [INFO] sqlalchemy.engine.Engine: BEGIN (implicit)
2026-06-14 18:02:38,147 [INFO] sqlalchemy.engine.Engine: SELECT count(clubs.id) AS count_1 
FROM clubs 
WHERE clubs.status = %s
2026-06-14 18:02:38,148 [INFO] sqlalchemy.engine.Engine: [generated in 0.00033s] ('active',)
2026-06-14 18:02:38,287 [INFO] sqlalchemy.engine.Engine: SELECT clubs.id, clubs.name, clubs.sport_types, clubs.description, clubs.cover_image, clubs.images, clubs.address, clubs.latitude, clubs.longitude, clubs.contact_phone, clubs.split_ratio, clubs.sub_merchant_id, clubs.status, clubs.created_at, clubs.updated_at 
FROM clubs 
WHERE clubs.status = %s ORDER BY clubs.id DESC 
 LIMIT %s, %s
2026-06-14 18:02:38,288 [INFO] sqlalchemy.engine.Engine: [generated in 0.00106s] ('active', 0, 20)
2026-06-14 18:02:38,373 [INFO] sqlalchemy.engine.Engine: COMMIT
2026-06-14 18:02:39,845 [INFO] sqlalchemy.engine.Engine: BEGIN (implicit)
2026-06-14 18:02:39,847 [INFO] sqlalchemy.engine.Engine: SELECT clubs.id, clubs.name, clubs.sport_types, clubs.description, clubs.cover_image, clubs.images, clubs.address, clubs.latitude, clubs.longitude, clubs.contact_phone, clubs.split_ratio, clubs.sub_merchant_id, clubs.status, clubs.created_at, clubs.updated_at 
FROM clubs 
WHERE clubs.id = %s
2026-06-14 18:02:39,848 [INFO] sqlalchemy.engine.Engine: [generated in 0.00044s] (12,)
2026-06-14 18:02:39,952 [INFO] sqlalchemy.engine.Engine: SELECT venues.id, venues.club_id, venues.name, venues.sport_type, venues.price_per_hour, venues.max_capacity, venues.open_time, venues.close_time, venues.cover_image, venues.status, venues.sort_order, venues.created_at 
FROM venues 
WHERE venues.club_id = %s
2026-06-14 18:02:39,953 [INFO] sqlalchemy.engine.Engine: [generated in 0.00110s] (12,)
2026-06-14 18:02:40,023 [INFO] sqlalchemy.engine.Engine: ROLLBACK
2026-06-14 18:04:46,692 [INFO] sqlalchemy.engine.Engine: SELECT DATABASE()
2026-06-14 18:04:46,693 [INFO] sqlalchemy.engine.Engine: [raw sql] ()
2026-06-14 18:04:47,086 [INFO] sqlalchemy.engine.Engine: SELECT @@sql_mode
2026-06-14 18:04:47,087 [INFO] sqlalchemy.engine.Engine: [raw sql] ()
2026-06-14 18:04:47,621 [INFO] sqlalchemy.engine.Engine: SELECT @@lower_case_table_names
2026-06-14 18:04:47,622 [INFO] sqlalchemy.engine.Engine: [raw sql] ()
2026-06-14 18:04:48,460 [INFO] sqlalchemy.engine.Engine: BEGIN (implicit)
2026-06-14 18:04:48,461 [INFO] sqlalchemy.engine.Engine: DESCRIBE `club_db`.`users`
2026-06-14 18:04:48,461 [INFO] sqlalchemy.engine.Engine: [raw sql] ()
2026-06-14 18:04:48,946 [INFO] sqlalchemy.engine.Engine: DESCRIBE `club_db`.`clubs`
2026-06-14 18:04:48,947 [INFO] sqlalchemy.engine.Engine: [raw sql] ()
2026-06-14 18:04:49,344 [INFO] sqlalchemy.engine.Engine: DESCRIBE `club_db`.`club_members`
2026-06-14 18:04:49,345 [INFO] sqlalchemy.engine.Engine: [raw sql] ()
2026-06-14 18:04:49,677 [INFO] sqlalchemy.engine.Engine: DESCRIBE `club_db`.`venues`
2026-06-14 18:04:49,677 [INFO] sqlalchemy.engine.Engine: [raw sql] ()
2026-06-14 18:04:49,981 [INFO] sqlalchemy.engine.Engine: DESCRIBE `club_db`.`venue_time_slots`
2026-06-14 18:04:49,982 [INFO] sqlalchemy.engine.Engine: [raw sql] ()
2026-06-14 18:04:50,445 [INFO] sqlalchemy.engine.Engine: DESCRIBE `club_db`.`booking_orders`
2026-06-14 18:04:50,445 [INFO] sqlalchemy.engine.Engine: [raw sql] ()
2026-06-14 18:04:50,693 [INFO] sqlalchemy.engine.Engine: DESCRIBE `club_db`.`settlement_records`
2026-06-14 18:04:50,693 [INFO] sqlalchemy.engine.Engine: [raw sql] ()
2026-06-14 18:04:50,776 [INFO] sqlalchemy.engine.Engine: DESCRIBE `club_db`.`match_posts`
2026-06-14 18:04:50,777 [INFO] sqlalchemy.engine.Engine: [raw sql] ()
2026-06-14 18:04:50,856 [INFO] sqlalchemy.engine.Engine: DESCRIBE `club_db`.`match_registrations`
2026-06-14 18:04:50,857 [INFO] sqlalchemy.engine.Engine: [raw sql] ()
2026-06-14 18:04:50,933 [INFO] sqlalchemy.engine.Engine: DESCRIBE `club_db`.`tournaments`
2026-06-14 18:04:50,934 [INFO] sqlalchemy.engine.Engine: [raw sql] ()
2026-06-14 18:04:50,992 [INFO] sqlalchemy.engine.Engine: DESCRIBE `club_db`.`tournament_registrations`
2026-06-14 18:04:50,993 [INFO] sqlalchemy.engine.Engine: [raw sql] ()
2026-06-14 18:04:51,058 [INFO] sqlalchemy.engine.Engine: DESCRIBE `club_db`.`notifications`
2026-06-14 18:04:51,059 [INFO] sqlalchemy.engine.Engine: [raw sql] ()
2026-06-14 18:04:51,146 [INFO] sqlalchemy.engine.Engine: COMMIT
2026-06-14 18:04:51,260 [INFO] club-api: Database tables created/verified
2026-06-14 18:04:53,619 [INFO] sqlalchemy.engine.Engine: SELECT DATABASE()
2026-06-14 18:04:53,620 [INFO] sqlalchemy.engine.Engine: [raw sql] ()
2026-06-14 18:04:53,744 [INFO] sqlalchemy.engine.Engine: SELECT @@sql_mode
2026-06-14 18:04:53,744 [INFO] sqlalchemy.engine.Engine: [raw sql] ()
2026-06-14 18:04:53,846 [INFO] sqlalchemy.engine.Engine: SELECT @@lower_case_table_names
2026-06-14 18:04:53,846 [INFO] sqlalchemy.engine.Engine: [raw sql] ()
2026-06-14 18:04:54,029 [INFO] sqlalchemy.engine.Engine: BEGIN (implicit)
2026-06-14 18:04:54,030 [INFO] sqlalchemy.engine.Engine: DESCRIBE `club_db`.`users`
2026-06-14 18:04:54,030 [INFO] sqlalchemy.engine.Engine: [raw sql] ()
2026-06-14 18:04:54,130 [INFO] sqlalchemy.engine.Engine: DESCRIBE `club_db`.`clubs`
2026-06-14 18:04:54,130 [INFO] sqlalchemy.engine.Engine: [raw sql] ()
2026-06-14 18:04:54,333 [INFO] sqlalchemy.engine.Engine: DESCRIBE `club_db`.`club_members`
2026-06-14 18:04:54,334 [INFO] sqlalchemy.engine.Engine: [raw sql] ()
2026-06-14 18:04:54,540 [INFO] sqlalchemy.engine.Engine: DESCRIBE `club_db`.`venues`
2026-06-14 18:04:54,540 [INFO] sqlalchemy.engine.Engine: [raw sql] ()
2026-06-14 18:04:54,652 [INFO] sqlalchemy.engine.Engine: DESCRIBE `club_db`.`venue_time_slots`
2026-06-14 18:04:54,653 [INFO] sqlalchemy.engine.Engine: [raw sql] ()
2026-06-14 18:04:54,705 [INFO] sqlalchemy.engine.Engine: DESCRIBE `club_db`.`booking_orders`
2026-06-14 18:04:54,706 [INFO] sqlalchemy.engine.Engine: [raw sql] ()
2026-06-14 18:04:54,784 [INFO] sqlalchemy.engine.Engine: DESCRIBE `club_db`.`settlement_records`
2026-06-14 18:04:54,785 [INFO] sqlalchemy.engine.Engine: [raw sql] ()
2026-06-14 18:04:54,824 [INFO] sqlalchemy.engine.Engine: DESCRIBE `club_db`.`match_posts`
2026-06-14 18:04:54,825 [INFO] sqlalchemy.engine.Engine: [raw sql] ()
2026-06-14 18:04:54,887 [INFO] sqlalchemy.engine.Engine: DESCRIBE `club_db`.`match_registrations`
2026-06-14 18:04:54,887 [INFO] sqlalchemy.engine.Engine: [raw sql] ()
2026-06-14 18:04:54,947 [INFO] sqlalchemy.engine.Engine: DESCRIBE `club_db`.`tournaments`
2026-06-14 18:04:54,948 [INFO] sqlalchemy.engine.Engine: [raw sql] ()
2026-06-14 18:04:55,050 [INFO] sqlalchemy.engine.Engine: DESCRIBE `club_db`.`tournament_registrations`
2026-06-14 18:04:55,050 [INFO] sqlalchemy.engine.Engine: [raw sql] ()
2026-06-14 18:04:55,143 [INFO] sqlalchemy.engine.Engine: DESCRIBE `club_db`.`notifications`
2026-06-14 18:04:55,143 [INFO] sqlalchemy.engine.Engine: [raw sql] ()
2026-06-14 18:04:55,208 [INFO] sqlalchemy.engine.Engine: COMMIT
2026-06-14 18:04:55,349 [INFO] club-api: Database tables created/verified
2026-06-14 18:05:05,688 [INFO] sqlalchemy.engine.Engine: SELECT DATABASE()
2026-06-14 18:05:05,688 [INFO] sqlalchemy.engine.Engine: [raw sql] ()
2026-06-14 18:05:05,989 [INFO] sqlalchemy.engine.Engine: SELECT @@sql_mode
2026-06-14 18:05:05,990 [INFO] sqlalchemy.engine.Engine: [raw sql] ()
2026-06-14 18:05:06,219 [INFO] sqlalchemy.engine.Engine: SELECT @@lower_case_table_names
2026-06-14 18:05:06,219 [INFO] sqlalchemy.engine.Engine: [raw sql] ()
2026-06-14 18:05:07,093 [INFO] sqlalchemy.engine.Engine: BEGIN (implicit)
2026-06-14 18:05:07,093 [INFO] sqlalchemy.engine.Engine: DESCRIBE `club_db`.`users`
2026-06-14 18:05:07,094 [INFO] sqlalchemy.engine.Engine: [raw sql] ()
2026-06-14 18:05:07,947 [INFO] sqlalchemy.engine.Engine: DESCRIBE `club_db`.`clubs`
2026-06-14 18:05:07,947 [INFO] sqlalchemy.engine.Engine: [raw sql] ()
2026-06-14 18:05:08,518 [INFO] sqlalchemy.engine.Engine: DESCRIBE `club_db`.`club_members`
2026-06-14 18:05:08,519 [INFO] sqlalchemy.engine.Engine: [raw sql] ()
2026-06-14 18:05:09,107 [INFO] sqlalchemy.engine.Engine: DESCRIBE `club_db`.`venues`
2026-06-14 18:05:09,108 [INFO] sqlalchemy.engine.Engine: [raw sql] ()
2026-06-14 18:05:09,809 [INFO] sqlalchemy.engine.Engine: DESCRIBE `club_db`.`venue_time_slots`
2026-06-14 18:05:09,809 [INFO] sqlalchemy.engine.Engine: [raw sql] ()
2026-06-14 18:05:10,417 [INFO] sqlalchemy.engine.Engine: DESCRIBE `club_db`.`booking_orders`
2026-06-14 18:05:10,417 [INFO] sqlalchemy.engine.Engine: [raw sql] ()
2026-06-14 18:05:10,747 [INFO] sqlalchemy.engine.Engine: DESCRIBE `club_db`.`settlement_records`
2026-06-14 18:05:10,747 [INFO] sqlalchemy.engine.Engine: [raw sql] ()
2026-06-14 18:05:11,108 [INFO] sqlalchemy.engine.Engine: DESCRIBE `club_db`.`match_posts`
2026-06-14 18:05:11,108 [INFO] sqlalchemy.engine.Engine: [raw sql] ()
2026-06-14 18:05:11,556 [INFO] sqlalchemy.engine.Engine: DESCRIBE `club_db`.`match_registrations`
2026-06-14 18:05:11,556 [INFO] sqlalchemy.engine.Engine: [raw sql] ()
2026-06-14 18:05:11,992 [INFO] sqlalchemy.engine.Engine: DESCRIBE `club_db`.`tournaments`
2026-06-14 18:05:11,992 [INFO] sqlalchemy.engine.Engine: [raw sql] ()
2026-06-14 18:05:12,558 [INFO] sqlalchemy.engine.Engine: DESCRIBE `club_db`.`tournament_registrations`
2026-06-14 18:05:12,558 [INFO] sqlalchemy.engine.Engine: [raw sql] ()
2026-06-14 18:05:13,010 [INFO] sqlalchemy.engine.Engine: DESCRIBE `club_db`.`notifications`
2026-06-14 18:05:13,011 [INFO] sqlalchemy.engine.Engine: [raw sql] ()
2026-06-14 18:05:13,442 [INFO] sqlalchemy.engine.Engine: COMMIT
2026-06-14 18:05:14,240 [INFO] club-api: Database tables created/verified
2026-06-14 18:05:16,230 [INFO] club-api: GET /api/v1/health → 404 (6ms)
2026-06-14 18:05:17,744 [INFO] httpx: HTTP Request: GET https://api.weixin.qq.com/sns/jscode2session?appid=wxfad430ba15c6c3e2&secret=112f68e2e9c2bac1873eca568bcdc92f&js_code=test_code_wx&grant_type=authorization_code "HTTP/1.1 200 OK"
2026-06-14 18:05:17,747 [INFO] club-api: POST /api/v1/auth/login → 400 (1505ms) body={"code":"test_code_wx"}
2026-06-14 18:05:35,250 [INFO] sqlalchemy.engine.Engine: SELECT DATABASE()
2026-06-14 18:05:35,251 [INFO] sqlalchemy.engine.Engine: [raw sql] ()
2026-06-14 18:05:36,754 [INFO] sqlalchemy.engine.Engine: SELECT @@sql_mode
2026-06-14 18:05:36,754 [INFO] sqlalchemy.engine.Engine: [raw sql] ()
2026-06-14 18:05:37,563 [INFO] sqlalchemy.engine.Engine: SELECT @@lower_case_table_names
2026-06-14 18:05:37,563 [INFO] sqlalchemy.engine.Engine: [raw sql] ()
2026-06-14 18:05:38,520 [INFO] sqlalchemy.engine.Engine: BEGIN (implicit)
2026-06-14 18:05:38,521 [INFO] sqlalchemy.engine.Engine: DESCRIBE `club_db`.`users`
2026-06-14 18:05:38,521 [INFO] sqlalchemy.engine.Engine: [raw sql] ()
2026-06-14 18:05:38,906 [INFO] sqlalchemy.engine.Engine: DESCRIBE `club_db`.`clubs`
2026-06-14 18:05:38,906 [INFO] sqlalchemy.engine.Engine: [raw sql] ()
2026-06-14 18:05:39,336 [INFO] sqlalchemy.engine.Engine: DESCRIBE `club_db`.`club_members`
2026-06-14 18:05:39,336 [INFO] sqlalchemy.engine.Engine: [raw sql] ()
2026-06-14 18:05:39,635 [INFO] sqlalchemy.engine.Engine: DESCRIBE `club_db`.`venues`
2026-06-14 18:05:39,636 [INFO] sqlalchemy.engine.Engine: [raw sql] ()
2026-06-14 18:05:39,725 [INFO] sqlalchemy.engine.Engine: DESCRIBE `club_db`.`venue_time_slots`
2026-06-14 18:05:39,725 [INFO] sqlalchemy.engine.Engine: [raw sql] ()
2026-06-14 18:05:39,825 [INFO] sqlalchemy.engine.Engine: DESCRIBE `club_db`.`booking_orders`
2026-06-14 18:05:39,825 [INFO] sqlalchemy.engine.Engine: [raw sql] ()
2026-06-14 18:05:39,929 [INFO] sqlalchemy.engine.Engine: DESCRIBE `club_db`.`settlement_records`
2026-06-14 18:05:39,929 [INFO] sqlalchemy.engine.Engine: [raw sql] ()
2026-06-14 18:05:40,049 [INFO] sqlalchemy.engine.Engine: DESCRIBE `club_db`.`match_posts`
2026-06-14 18:05:40,049 [INFO] sqlalchemy.engine.Engine: [raw sql] ()
2026-06-14 18:05:40,129 [INFO] sqlalchemy.engine.Engine: DESCRIBE `club_db`.`match_registrations`
2026-06-14 18:05:40,130 [INFO] sqlalchemy.engine.Engine: [raw sql] ()
2026-06-14 18:05:40,366 [INFO] sqlalchemy.engine.Engine: DESCRIBE `club_db`.`tournaments`
2026-06-14 18:05:40,367 [INFO] sqlalchemy.engine.Engine: [raw sql] ()
2026-06-14 18:05:40,867 [INFO] sqlalchemy.engine.Engine: DESCRIBE `club_db`.`tournament_registrations`
2026-06-14 18:05:40,868 [INFO] sqlalchemy.engine.Engine: [raw sql] ()
2026-06-14 18:05:41,194 [INFO] sqlalchemy.engine.Engine: DESCRIBE `club_db`.`notifications`
2026-06-14 18:05:41,194 [INFO] sqlalchemy.engine.Engine: [raw sql] ()
2026-06-14 18:05:41,498 [INFO] sqlalchemy.engine.Engine: COMMIT
2026-06-14 18:05:42,196 [INFO] club-api: Database tables created/verified
2026-06-14 18:05:45,795 [INFO] sqlalchemy.engine.Engine: SELECT DATABASE()
2026-06-14 18:05:45,796 [INFO] sqlalchemy.engine.Engine: [raw sql] ()
2026-06-14 18:05:46,374 [INFO] sqlalchemy.engine.Engine: SELECT @@sql_mode
2026-06-14 18:05:46,375 [INFO] sqlalchemy.engine.Engine: [raw sql] ()
2026-06-14 18:05:46,609 [INFO] sqlalchemy.engine.Engine: SELECT @@lower_case_table_names
2026-06-14 18:05:46,610 [INFO] sqlalchemy.engine.Engine: [raw sql] ()
2026-06-14 18:05:47,229 [INFO] sqlalchemy.engine.Engine: BEGIN (implicit)
2026-06-14 18:05:47,230 [INFO] sqlalchemy.engine.Engine: DESCRIBE `club_db`.`users`
2026-06-14 18:05:47,230 [INFO] sqlalchemy.engine.Engine: [raw sql] ()
2026-06-14 18:05:47,628 [INFO] sqlalchemy.engine.Engine: DESCRIBE `club_db`.`clubs`
2026-06-14 18:05:47,628 [INFO] sqlalchemy.engine.Engine: [raw sql] ()
2026-06-14 18:05:48,041 [INFO] sqlalchemy.engine.Engine: DESCRIBE `club_db`.`club_members`
2026-06-14 18:05:48,042 [INFO] sqlalchemy.engine.Engine: [raw sql] ()
2026-06-14 18:05:48,533 [INFO] sqlalchemy.engine.Engine: DESCRIBE `club_db`.`venues`
2026-06-14 18:05:48,534 [INFO] sqlalchemy.engine.Engine: [raw sql] ()
2026-06-14 18:05:49,112 [INFO] sqlalchemy.engine.Engine: DESCRIBE `club_db`.`venue_time_slots`
2026-06-14 18:05:49,113 [INFO] sqlalchemy.engine.Engine: [raw sql] ()
2026-06-14 18:05:49,381 [INFO] sqlalchemy.engine.Engine: DESCRIBE `club_db`.`booking_orders`
2026-06-14 18:05:49,382 [INFO] sqlalchemy.engine.Engine: [raw sql] ()
2026-06-14 18:05:49,827 [INFO] sqlalchemy.engine.Engine: DESCRIBE `club_db`.`settlement_records`
2026-06-14 18:05:49,828 [INFO] sqlalchemy.engine.Engine: [raw sql] ()
2026-06-14 18:05:50,043 [INFO] sqlalchemy.engine.Engine: DESCRIBE `club_db`.`match_posts`
2026-06-14 18:05:50,043 [INFO] sqlalchemy.engine.Engine: [raw sql] ()
2026-06-14 18:05:50,186 [INFO] sqlalchemy.engine.Engine: DESCRIBE `club_db`.`match_registrations`
2026-06-14 18:05:50,186 [INFO] sqlalchemy.engine.Engine: [raw sql] ()
2026-06-14 18:05:50,500 [INFO] sqlalchemy.engine.Engine: DESCRIBE `club_db`.`tournaments`
2026-06-14 18:05:50,500 [INFO] sqlalchemy.engine.Engine: [raw sql] ()
2026-06-14 18:05:50,607 [INFO] sqlalchemy.engine.Engine: DESCRIBE `club_db`.`tournament_registrations`
2026-06-14 18:05:50,607 [INFO] sqlalchemy.engine.Engine: [raw sql] ()
2026-06-14 18:05:50,656 [INFO] sqlalchemy.engine.Engine: DESCRIBE `club_db`.`notifications`
2026-06-14 18:05:50,657 [INFO] sqlalchemy.engine.Engine: [raw sql] ()
2026-06-14 18:05:50,707 [INFO] sqlalchemy.engine.Engine: COMMIT
2026-06-14 18:05:50,848 [INFO] club-api: Database tables created/verified
2026-06-14 18:05:50,862 [INFO] club-api: GET /health → 200 (5ms)
2026-06-14 18:05:50,896 [INFO] sqlalchemy.engine.Engine: BEGIN (implicit)
2026-06-14 18:05:50,958 [INFO] sqlalchemy.engine.Engine: SELECT count(clubs.id) AS count_1 
FROM clubs 
WHERE clubs.status = %s
2026-06-14 18:05:50,958 [INFO] sqlalchemy.engine.Engine: [generated in 0.00032s] ('active',)
2026-06-14 18:05:51,121 [INFO] sqlalchemy.engine.Engine: SELECT clubs.id, clubs.name, clubs.sport_types, clubs.description, clubs.cover_image, clubs.images, clubs.address, clubs.latitude, clubs.longitude, clubs.contact_phone, clubs.split_ratio, clubs.sub_merchant_id, clubs.status, clubs.created_at, clubs.updated_at 
FROM clubs 
WHERE clubs.status = %s ORDER BY clubs.id DESC 
 LIMIT %s, %s
2026-06-14 18:05:51,122 [INFO] sqlalchemy.engine.Engine: [generated in 0.00099s] ('active', 0, 20)
2026-06-14 18:05:51,222 [INFO] sqlalchemy.engine.Engine: COMMIT
2026-06-14 18:05:51,356 [INFO] club-api: GET /api/v1/clubs → 200 (465ms)
2026-06-14 18:05:51,391 [INFO] sqlalchemy.engine.Engine: BEGIN (implicit)
2026-06-14 18:05:51,393 [INFO] sqlalchemy.engine.Engine: SELECT clubs.id, clubs.name, clubs.sport_types, clubs.description, clubs.cover_image, clubs.images, clubs.address, clubs.latitude, clubs.longitude, clubs.contact_phone, clubs.split_ratio, clubs.sub_merchant_id, clubs.status, clubs.created_at, clubs.updated_at 
FROM clubs 
WHERE clubs.id = %s
2026-06-14 18:05:51,394 [INFO] sqlalchemy.engine.Engine: [generated in 0.00073s] (12,)
2026-06-14 18:05:51,469 [INFO] sqlalchemy.engine.Engine: SELECT venues.id, venues.club_id, venues.name, venues.sport_type, venues.price_per_hour, venues.max_capacity, venues.open_time, venues.close_time, venues.cover_image, venues.status, venues.sort_order, venues.created_at 
FROM venues 
WHERE venues.club_id = %s
2026-06-14 18:05:51,469 [INFO] sqlalchemy.engine.Engine: [generated in 0.00047s] (12,)
2026-06-14 18:05:51,528 [INFO] sqlalchemy.engine.Engine: ROLLBACK
2026-06-14 18:05:51,724 [INFO] sqlalchemy.engine.Engine: BEGIN (implicit)
2026-06-14 18:05:51,725 [INFO] sqlalchemy.engine.Engine: SELECT count(match_posts.id) AS count_1 
FROM match_posts
2026-06-14 18:05:51,725 [INFO] sqlalchemy.engine.Engine: [generated in 0.00037s] ()
2026-06-14 18:05:52,010 [INFO] sqlalchemy.engine.Engine: SELECT match_posts.id, match_posts.club_id, match_posts.user_id, match_posts.title, match_posts.sport_type, match_posts.preferred_date, match_posts.preferred_start, match_posts.preferred_end, match_posts.players_needed, match_posts.level_required, match_posts.notes, match_posts.venue_id, match_posts.booking_id, match_posts.group_chat_id, match_posts.status, match_posts.created_at, users.nickname, users.avatar_url, clubs.name, count(match_registrations.id) AS count_1 
FROM match_posts INNER JOIN users ON match_posts.user_id = users.id INNER JOIN clubs ON match_posts.club_id = clubs.id LEFT OUTER JOIN match_registrations ON match_registrations.post_id = match_posts.id GROUP BY match_posts.id ORDER BY match_posts.created_at DESC 
 LIMIT %s, %s
2026-06-14 18:05:52,010 [INFO] sqlalchemy.engine.Engine: [generated in 0.00063s] (0, 20)
2026-06-14 18:05:52,224 [INFO] sqlalchemy.engine.Engine: COMMIT
2026-06-14 18:05:52,909 [INFO] club-api: GET /api/v1/posts → 200 (1187ms)
2026-06-14 18:09:10,465 [INFO] sqlalchemy.engine.Engine: SELECT DATABASE()
2026-06-14 18:09:10,465 [INFO] sqlalchemy.engine.Engine: [raw sql] ()
2026-06-14 18:09:10,596 [INFO] sqlalchemy.engine.Engine: SELECT @@sql_mode
2026-06-14 18:09:10,597 [INFO] sqlalchemy.engine.Engine: [raw sql] ()
2026-06-14 18:09:10,670 [INFO] sqlalchemy.engine.Engine: SELECT @@lower_case_table_names
2026-06-14 18:09:10,671 [INFO] sqlalchemy.engine.Engine: [raw sql] ()
2026-06-14 18:09:10,871 [INFO] sqlalchemy.engine.Engine: BEGIN (implicit)
2026-06-14 18:09:10,873 [INFO] sqlalchemy.engine.Engine: DESCRIBE `club_db`.`users`
2026-06-14 18:09:10,873 [INFO] sqlalchemy.engine.Engine: [raw sql] ()
2026-06-14 18:09:10,975 [INFO] sqlalchemy.engine.Engine: DESCRIBE `club_db`.`clubs`
2026-06-14 18:09:10,975 [INFO] sqlalchemy.engine.Engine: [raw sql] ()
2026-06-14 18:09:11,077 [INFO] sqlalchemy.engine.Engine: DESCRIBE `club_db`.`club_members`
2026-06-14 18:09:11,077 [INFO] sqlalchemy.engine.Engine: [raw sql] ()
2026-06-14 18:09:11,178 [INFO] sqlalchemy.engine.Engine: DESCRIBE `club_db`.`venues`
2026-06-14 18:09:11,178 [INFO] sqlalchemy.engine.Engine: [raw sql] ()
2026-06-14 18:09:11,280 [INFO] sqlalchemy.engine.Engine: DESCRIBE `club_db`.`venue_time_slots`
2026-06-14 18:09:11,280 [INFO] sqlalchemy.engine.Engine: [raw sql] ()
2026-06-14 18:09:11,385 [INFO] sqlalchemy.engine.Engine: DESCRIBE `club_db`.`booking_orders`
2026-06-14 18:09:11,385 [INFO] sqlalchemy.engine.Engine: [raw sql] ()
2026-06-14 18:09:11,501 [INFO] sqlalchemy.engine.Engine: DESCRIBE `club_db`.`settlement_records`
2026-06-14 18:09:11,501 [INFO] sqlalchemy.engine.Engine: [raw sql] ()
2026-06-14 18:09:11,588 [INFO] sqlalchemy.engine.Engine: DESCRIBE `club_db`.`match_posts`
2026-06-14 18:09:11,589 [INFO] sqlalchemy.engine.Engine: [raw sql] ()
2026-06-14 18:09:11,694 [INFO] sqlalchemy.engine.Engine: DESCRIBE `club_db`.`match_registrations`
2026-06-14 18:09:11,695 [INFO] sqlalchemy.engine.Engine: [raw sql] ()
2026-06-14 18:09:11,794 [INFO] sqlalchemy.engine.Engine: DESCRIBE `club_db`.`tournaments`
2026-06-14 18:09:11,794 [INFO] sqlalchemy.engine.Engine: [raw sql] ()
2026-06-14 18:09:11,897 [INFO] sqlalchemy.engine.Engine: DESCRIBE `club_db`.`tournament_registrations`
2026-06-14 18:09:11,897 [INFO] sqlalchemy.engine.Engine: [raw sql] ()
2026-06-14 18:09:11,952 [INFO] sqlalchemy.engine.Engine: DESCRIBE `club_db`.`notifications`
2026-06-14 18:09:11,953 [INFO] sqlalchemy.engine.Engine: [raw sql] ()
2026-06-14 18:09:12,106 [INFO] sqlalchemy.engine.Engine: COMMIT
2026-06-14 18:09:12,308 [INFO] club-api: Database tables created/verified
2026-06-14 18:10:00,050 [INFO] sqlalchemy.engine.Engine: SELECT DATABASE()
2026-06-14 18:10:00,050 [INFO] sqlalchemy.engine.Engine: [raw sql] ()
2026-06-14 18:10:00,142 [INFO] sqlalchemy.engine.Engine: SELECT @@sql_mode
2026-06-14 18:10:00,143 [INFO] sqlalchemy.engine.Engine: [raw sql] ()
2026-06-14 18:10:00,194 [INFO] sqlalchemy.engine.Engine: SELECT @@lower_case_table_names
2026-06-14 18:10:00,194 [INFO] sqlalchemy.engine.Engine: [raw sql] ()
2026-06-14 18:10:00,297 [INFO] sqlalchemy.engine.Engine: BEGIN (implicit)
2026-06-14 18:10:00,297 [INFO] sqlalchemy.engine.Engine: DESCRIBE `club_db`.`users`
2026-06-14 18:10:00,297 [INFO] sqlalchemy.engine.Engine: [raw sql] ()
2026-06-14 18:10:00,341 [INFO] sqlalchemy.engine.Engine: DESCRIBE `club_db`.`clubs`
2026-06-14 18:10:00,341 [INFO] sqlalchemy.engine.Engine: [raw sql] ()
2026-06-14 18:10:00,400 [INFO] sqlalchemy.engine.Engine: DESCRIBE `club_db`.`club_members`
2026-06-14 18:10:00,401 [INFO] sqlalchemy.engine.Engine: [raw sql] ()
2026-06-14 18:10:00,454 [INFO] sqlalchemy.engine.Engine: DESCRIBE `club_db`.`venues`
2026-06-14 18:10:00,454 [INFO] sqlalchemy.engine.Engine: [raw sql] ()
2026-06-14 18:10:00,575 [INFO] sqlalchemy.engine.Engine: DESCRIBE `club_db`.`venue_time_slots`
2026-06-14 18:10:00,575 [INFO] sqlalchemy.engine.Engine: [raw sql] ()
2026-06-14 18:10:00,622 [INFO] sqlalchemy.engine.Engine: DESCRIBE `club_db`.`booking_orders`
2026-06-14 18:10:00,622 [INFO] sqlalchemy.engine.Engine: [raw sql] ()
2026-06-14 18:10:00,661 [INFO] sqlalchemy.engine.Engine: DESCRIBE `club_db`.`settlement_records`
2026-06-14 18:10:00,662 [INFO] sqlalchemy.engine.Engine: [raw sql] ()
2026-06-14 18:10:00,705 [INFO] sqlalchemy.engine.Engine: DESCRIBE `club_db`.`match_posts`
2026-06-14 18:10:00,706 [INFO] sqlalchemy.engine.Engine: [raw sql] ()
2026-06-14 18:10:00,759 [INFO] sqlalchemy.engine.Engine: DESCRIBE `club_db`.`match_registrations`
2026-06-14 18:10:00,760 [INFO] sqlalchemy.engine.Engine: [raw sql] ()
2026-06-14 18:10:00,806 [INFO] sqlalchemy.engine.Engine: DESCRIBE `club_db`.`tournaments`
2026-06-14 18:10:00,807 [INFO] sqlalchemy.engine.Engine: [raw sql] ()
2026-06-14 18:10:00,850 [INFO] sqlalchemy.engine.Engine: DESCRIBE `club_db`.`tournament_registrations`
2026-06-14 18:10:00,850 [INFO] sqlalchemy.engine.Engine: [raw sql] ()
2026-06-14 18:10:00,922 [INFO] sqlalchemy.engine.Engine: DESCRIBE `club_db`.`notifications`
2026-06-14 18:10:00,923 [INFO] sqlalchemy.engine.Engine: [raw sql] ()
2026-06-14 18:10:00,967 [INFO] sqlalchemy.engine.Engine: COMMIT
2026-06-14 18:10:01,066 [INFO] club-api: Database tables created/verified
2026-06-14 18:10:07,694 [INFO] sqlalchemy.engine.Engine: BEGIN (implicit)
2026-06-14 18:10:07,725 [INFO] sqlalchemy.engine.Engine: SELECT users.id, users.openid, users.unionid, users.nickname, users.avatar_url, users.phone, users.`role`, users.created_at, users.updated_at 
FROM users 
WHERE users.id = %s
2026-06-14 18:10:07,725 [INFO] sqlalchemy.engine.Engine: [generated in 0.00024s] (1,)
2026-06-14 18:10:07,807 [INFO] sqlalchemy.engine.Engine: SELECT club_members.club_id 
FROM club_members 
WHERE club_members.user_id = %s
2026-06-14 18:10:07,808 [INFO] sqlalchemy.engine.Engine: [generated in 0.00030s] (1,)
2026-06-14 18:10:07,844 [INFO] sqlalchemy.engine.Engine: COMMIT
2026-06-14 18:10:08,013 [INFO] club-api: GET /api/v1/users/me → 200 (331ms)
2026-06-14 18:10:08,113 [INFO] sqlalchemy.engine.Engine: BEGIN (implicit)
2026-06-14 18:10:08,116 [INFO] sqlalchemy.engine.Engine: SELECT count(tournaments.id) AS count_1 
FROM tournaments 
WHERE tournaments.status = %s
2026-06-14 18:10:08,116 [INFO] sqlalchemy.engine.Engine: [generated in 0.00036s] ('open',)
2026-06-14 18:10:08,117 [INFO] sqlalchemy.engine.Engine: BEGIN (implicit)
2026-06-14 18:10:08,118 [INFO] sqlalchemy.engine.Engine: SELECT count(match_posts.id) AS count_1 
FROM match_posts
2026-06-14 18:10:08,118 [INFO] sqlalchemy.engine.Engine: [generated in 0.00014s] ()
2026-06-14 18:10:08,222 [INFO] sqlalchemy.engine.Engine: SELECT tournaments.id, tournaments.club_id, tournaments.title, tournaments.description, tournaments.sport_type, tournaments.start_time, tournaments.end_time, tournaments.venue_id, tournaments.lock_venue, tournaments.max_participants, tournaments.current_participants, tournaments.entry_fee, tournaments.cover_image, tournaments.group_chat_id, tournaments.status, tournaments.created_at, clubs.name 
FROM tournaments INNER JOIN clubs ON tournaments.club_id = clubs.id 
WHERE tournaments.status = %s ORDER BY tournaments.start_time 
 LIMIT %s, %s
2026-06-14 18:10:08,225 [INFO] sqlalchemy.engine.Engine: [generated in 0.00286s] ('open', 0, 5)
2026-06-14 18:10:08,232 [INFO] sqlalchemy.engine.Engine: SELECT match_posts.id, match_posts.club_id, match_posts.user_id, match_posts.title, match_posts.sport_type, match_posts.preferred_date, match_posts.preferred_start, match_posts.preferred_end, match_posts.players_needed, match_posts.level_required, match_posts.notes, match_posts.venue_id, match_posts.booking_id, match_posts.group_chat_id, match_posts.status, match_posts.created_at, users.nickname, users.avatar_url, clubs.name, count(match_registrations.id) AS count_1 
FROM match_posts INNER JOIN users ON match_posts.user_id = users.id INNER JOIN clubs ON match_posts.club_id = clubs.id LEFT OUTER JOIN match_registrations ON match_registrations.post_id = match_posts.id GROUP BY match_posts.id ORDER BY match_posts.created_at DESC 
 LIMIT %s, %s
2026-06-14 18:10:08,233 [INFO] sqlalchemy.engine.Engine: [generated in 0.00062s] (0, 10)
2026-06-14 18:10:08,320 [INFO] sqlalchemy.engine.Engine: COMMIT
2026-06-14 18:10:08,323 [INFO] sqlalchemy.engine.Engine: COMMIT
2026-06-14 18:10:08,519 [INFO] club-api: GET /api/v1/tournaments → 200 (791ms)
2026-06-14 18:10:08,520 [INFO] club-api: GET /api/v1/posts → 200 (794ms)
2026-06-14 18:10:09,884 [INFO] sqlalchemy.engine.Engine: BEGIN (implicit)
2026-06-14 18:10:09,886 [INFO] sqlalchemy.engine.Engine: SELECT count(clubs.id) AS count_1 
FROM clubs 
WHERE clubs.status = %s
2026-06-14 18:10:09,887 [INFO] sqlalchemy.engine.Engine: [generated in 0.00063s] ('active',)
2026-06-14 18:10:09,960 [INFO] sqlalchemy.engine.Engine: SELECT clubs.id, clubs.name, clubs.sport_types, clubs.description, clubs.cover_image, clubs.images, clubs.address, clubs.latitude, clubs.longitude, clubs.contact_phone, clubs.split_ratio, clubs.sub_merchant_id, clubs.status, clubs.created_at, clubs.updated_at 
FROM clubs 
WHERE clubs.status = %s ORDER BY clubs.id DESC 
 LIMIT %s, %s
2026-06-14 18:10:09,960 [INFO] sqlalchemy.engine.Engine: [generated in 0.00047s] ('active', 0, 20)
2026-06-14 18:10:10,064 [INFO] sqlalchemy.engine.Engine: COMMIT
2026-06-14 18:10:10,193 [INFO] club-api: GET /api/v1/clubs → 200 (311ms)
2026-06-14 18:10:11,368 [INFO] sqlalchemy.engine.Engine: BEGIN (implicit)
2026-06-14 18:10:11,370 [INFO] sqlalchemy.engine.Engine: SELECT clubs.id, clubs.name, clubs.sport_types, clubs.description, clubs.cover_image, clubs.images, clubs.address, clubs.latitude, clubs.longitude, clubs.contact_phone, clubs.split_ratio, clubs.sub_merchant_id, clubs.status, clubs.created_at, clubs.updated_at 
FROM clubs 
WHERE clubs.id = %s
2026-06-14 18:10:11,370 [INFO] sqlalchemy.engine.Engine: [generated in 0.00046s] (12,)
2026-06-14 18:10:11,505 [INFO] sqlalchemy.engine.Engine: SELECT venues.id, venues.club_id, venues.name, venues.sport_type, venues.price_per_hour, venues.max_capacity, venues.open_time, venues.close_time, venues.cover_image, venues.status, venues.sort_order, venues.created_at 
FROM venues 
WHERE venues.club_id = %s
2026-06-14 18:10:11,505 [INFO] sqlalchemy.engine.Engine: [generated in 0.00060s] (12,)
2026-06-14 18:10:11,593 [INFO] sqlalchemy.engine.Engine: ROLLBACK
2026-06-14 18:11:01,643 [INFO] club-api: GET /health → 200 (2ms)
2026-06-14 18:11:01,657 [INFO] sqlalchemy.engine.Engine: BEGIN (implicit)
2026-06-14 18:11:01,658 [INFO] sqlalchemy.engine.Engine: SELECT count(clubs.id) AS count_1 
FROM clubs 
WHERE clubs.status = %s
2026-06-14 18:11:01,659 [INFO] sqlalchemy.engine.Engine: [cached since 51.77s ago] ('active',)
2026-06-14 18:11:01,702 [INFO] sqlalchemy.engine.Engine: SELECT clubs.id, clubs.name, clubs.sport_types, clubs.description, clubs.cover_image, clubs.images, clubs.address, clubs.latitude, clubs.longitude, clubs.contact_phone, clubs.split_ratio, clubs.sub_merchant_id, clubs.status, clubs.created_at, clubs.updated_at 
FROM clubs 
WHERE clubs.status = %s ORDER BY clubs.id DESC 
 LIMIT %s, %s
2026-06-14 18:11:01,703 [INFO] sqlalchemy.engine.Engine: [cached since 51.74s ago] ('active', 0, 20)
2026-06-14 18:11:01,779 [INFO] sqlalchemy.engine.Engine: COMMIT
2026-06-14 18:11:01,954 [INFO] club-api: GET /api/v1/clubs → 200 (299ms)
2026-06-14 18:11:01,989 [INFO] sqlalchemy.engine.Engine: BEGIN (implicit)
2026-06-14 18:11:01,990 [INFO] sqlalchemy.engine.Engine: SELECT clubs.id, clubs.name, clubs.sport_types, clubs.description, clubs.cover_image, clubs.images, clubs.address, clubs.latitude, clubs.longitude, clubs.contact_phone, clubs.split_ratio, clubs.sub_merchant_id, clubs.status, clubs.created_at, clubs.updated_at 
FROM clubs 
WHERE clubs.id = %s
2026-06-14 18:11:01,990 [INFO] sqlalchemy.engine.Engine: [cached since 50.62s ago] (12,)
2026-06-14 18:11:02,076 [INFO] sqlalchemy.engine.Engine: SELECT venues.id, venues.club_id, venues.name, venues.sport_type, venues.price_per_hour, venues.max_capacity, venues.open_time, venues.close_time, venues.cover_image, venues.status, venues.sort_order, venues.created_at 
FROM venues 
WHERE venues.club_id = %s
2026-06-14 18:11:02,076 [INFO] sqlalchemy.engine.Engine: [cached since 50.57s ago] (12,)
2026-06-14 18:11:02,185 [INFO] sqlalchemy.engine.Engine: ROLLBACK
2026-06-14 18:11:02,423 [INFO] sqlalchemy.engine.Engine: BEGIN (implicit)
2026-06-14 18:11:02,424 [INFO] sqlalchemy.engine.Engine: SELECT count(match_posts.id) AS count_1 
FROM match_posts
2026-06-14 18:11:02,425 [INFO] sqlalchemy.engine.Engine: [cached since 54.31s ago] ()
2026-06-14 18:11:02,521 [INFO] sqlalchemy.engine.Engine: SELECT match_posts.id, match_posts.club_id, match_posts.user_id, match_posts.title, match_posts.sport_type, match_posts.preferred_date, match_posts.preferred_start, match_posts.preferred_end, match_posts.players_needed, match_posts.level_required, match_posts.notes, match_posts.venue_id, match_posts.booking_id, match_posts.group_chat_id, match_posts.status, match_posts.created_at, users.nickname, users.avatar_url, clubs.name, count(match_registrations.id) AS count_1 
FROM match_posts INNER JOIN users ON match_posts.user_id = users.id INNER JOIN clubs ON match_posts.club_id = clubs.id LEFT OUTER JOIN match_registrations ON match_registrations.post_id = match_posts.id GROUP BY match_posts.id ORDER BY match_posts.created_at DESC 
 LIMIT %s, %s
2026-06-14 18:11:02,521 [INFO] sqlalchemy.engine.Engine: [cached since 54.29s ago] (0, 20)
2026-06-14 18:11:02,613 [INFO] sqlalchemy.engine.Engine: COMMIT
2026-06-14 18:11:02,799 [INFO] club-api: GET /api/v1/posts → 200 (379ms)
2026-06-14 18:11:10,098 [INFO] sqlalchemy.engine.Engine: BEGIN (implicit)
2026-06-14 18:11:10,099 [INFO] sqlalchemy.engine.Engine: SELECT clubs.id, clubs.name, clubs.sport_types, clubs.description, clubs.cover_image, clubs.images, clubs.address, clubs.latitude, clubs.longitude, clubs.contact_phone, clubs.split_ratio, clubs.sub_merchant_id, clubs.status, clubs.created_at, clubs.updated_at 
FROM clubs 
WHERE clubs.id = %s
2026-06-14 18:11:10,099 [INFO] sqlalchemy.engine.Engine: [cached since 58.73s ago] (12,)
2026-06-14 18:11:10,174 [INFO] sqlalchemy.engine.Engine: SELECT venues.id, venues.club_id, venues.name, venues.sport_type, venues.price_per_hour, venues.max_capacity, venues.open_time, venues.close_time, venues.cover_image, venues.status, venues.sort_order, venues.created_at 
FROM venues 
WHERE venues.club_id = %s
2026-06-14 18:11:10,174 [INFO] sqlalchemy.engine.Engine: [cached since 58.67s ago] (12,)
2026-06-14 18:11:10,294 [INFO] sqlalchemy.engine.Engine: ROLLBACK
2026-06-14 18:11:28,502 [INFO] sqlalchemy.engine.Engine: SELECT DATABASE()
2026-06-14 18:11:28,503 [INFO] sqlalchemy.engine.Engine: [raw sql] ()
2026-06-14 18:11:28,702 [INFO] sqlalchemy.engine.Engine: SELECT @@sql_mode
2026-06-14 18:11:28,702 [INFO] sqlalchemy.engine.Engine: [raw sql] ()
2026-06-14 18:11:28,802 [INFO] sqlalchemy.engine.Engine: SELECT @@lower_case_table_names
2026-06-14 18:11:28,803 [INFO] sqlalchemy.engine.Engine: [raw sql] ()
2026-06-14 18:11:29,006 [INFO] sqlalchemy.engine.Engine: BEGIN (implicit)
2026-06-14 18:11:29,006 [INFO] sqlalchemy.engine.Engine: DESCRIBE `club_db`.`users`
2026-06-14 18:11:29,007 [INFO] sqlalchemy.engine.Engine: [raw sql] ()
2026-06-14 18:11:29,113 [INFO] sqlalchemy.engine.Engine: DESCRIBE `club_db`.`clubs`
2026-06-14 18:11:29,114 [INFO] sqlalchemy.engine.Engine: [raw sql] ()
2026-06-14 18:11:29,216 [INFO] sqlalchemy.engine.Engine: DESCRIBE `club_db`.`club_members`
2026-06-14 18:11:29,217 [INFO] sqlalchemy.engine.Engine: [raw sql] ()
2026-06-14 18:11:29,322 [INFO] sqlalchemy.engine.Engine: DESCRIBE `club_db`.`venues`
2026-06-14 18:11:29,322 [INFO] sqlalchemy.engine.Engine: [raw sql] ()
2026-06-14 18:11:29,423 [INFO] sqlalchemy.engine.Engine: DESCRIBE `club_db`.`venue_time_slots`
2026-06-14 18:11:29,424 [INFO] sqlalchemy.engine.Engine: [raw sql] ()
2026-06-14 18:11:29,523 [INFO] sqlalchemy.engine.Engine: DESCRIBE `club_db`.`booking_orders`
2026-06-14 18:11:29,523 [INFO] sqlalchemy.engine.Engine: [raw sql] ()
2026-06-14 18:11:29,622 [INFO] sqlalchemy.engine.Engine: DESCRIBE `club_db`.`settlement_records`
2026-06-14 18:11:29,622 [INFO] sqlalchemy.engine.Engine: [raw sql] ()
2026-06-14 18:11:29,724 [INFO] sqlalchemy.engine.Engine: DESCRIBE `club_db`.`match_posts`
2026-06-14 18:11:29,724 [INFO] sqlalchemy.engine.Engine: [raw sql] ()
2026-06-14 18:11:29,835 [INFO] sqlalchemy.engine.Engine: DESCRIBE `club_db`.`match_registrations`
2026-06-14 18:11:29,836 [INFO] sqlalchemy.engine.Engine: [raw sql] ()
2026-06-14 18:11:29,938 [INFO] sqlalchemy.engine.Engine: DESCRIBE `club_db`.`tournaments`
2026-06-14 18:11:29,938 [INFO] sqlalchemy.engine.Engine: [raw sql] ()
2026-06-14 18:11:30,040 [INFO] sqlalchemy.engine.Engine: DESCRIBE `club_db`.`tournament_registrations`
2026-06-14 18:11:30,040 [INFO] sqlalchemy.engine.Engine: [raw sql] ()
2026-06-14 18:11:30,142 [INFO] sqlalchemy.engine.Engine: DESCRIBE `club_db`.`notifications`
2026-06-14 18:11:30,142 [INFO] sqlalchemy.engine.Engine: [raw sql] ()
2026-06-14 18:11:30,241 [INFO] sqlalchemy.engine.Engine: COMMIT
2026-06-14 18:11:30,442 [INFO] club-api: Database tables created/verified
2026-06-14 18:11:35,337 [INFO] sqlalchemy.engine.Engine: SELECT DATABASE()
2026-06-14 18:11:35,338 [INFO] sqlalchemy.engine.Engine: [raw sql] ()
2026-06-14 18:11:35,549 [INFO] sqlalchemy.engine.Engine: SELECT @@sql_mode
2026-06-14 18:11:35,550 [INFO] sqlalchemy.engine.Engine: [raw sql] ()
2026-06-14 18:11:35,597 [INFO] sqlalchemy.engine.Engine: SELECT @@lower_case_table_names
2026-06-14 18:11:35,598 [INFO] sqlalchemy.engine.Engine: [raw sql] ()
2026-06-14 18:11:35,738 [INFO] sqlalchemy.engine.Engine: BEGIN (implicit)
2026-06-14 18:11:35,739 [INFO] sqlalchemy.engine.Engine: DESCRIBE `club_db`.`users`
2026-06-14 18:11:35,740 [INFO] sqlalchemy.engine.Engine: [raw sql] ()
2026-06-14 18:11:35,789 [INFO] sqlalchemy.engine.Engine: DESCRIBE `club_db`.`clubs`
2026-06-14 18:11:35,790 [INFO] sqlalchemy.engine.Engine: [raw sql] ()
2026-06-14 18:11:35,857 [INFO] sqlalchemy.engine.Engine: DESCRIBE `club_db`.`club_members`
2026-06-14 18:11:35,857 [INFO] sqlalchemy.engine.Engine: [raw sql] ()
2026-06-14 18:11:35,954 [INFO] sqlalchemy.engine.Engine: DESCRIBE `club_db`.`venues`
2026-06-14 18:11:35,955 [INFO] sqlalchemy.engine.Engine: [raw sql] ()
2026-06-14 18:11:36,043 [INFO] sqlalchemy.engine.Engine: DESCRIBE `club_db`.`venue_time_slots`
2026-06-14 18:11:36,044 [INFO] sqlalchemy.engine.Engine: [raw sql] ()
2026-06-14 18:11:36,142 [INFO] sqlalchemy.engine.Engine: DESCRIBE `club_db`.`booking_orders`
2026-06-14 18:11:36,142 [INFO] sqlalchemy.engine.Engine: [raw sql] ()
2026-06-14 18:11:36,206 [INFO] sqlalchemy.engine.Engine: DESCRIBE `club_db`.`settlement_records`
2026-06-14 18:11:36,206 [INFO] sqlalchemy.engine.Engine: [raw sql] ()
2026-06-14 18:11:36,267 [INFO] sqlalchemy.engine.Engine: DESCRIBE `club_db`.`match_posts`
2026-06-14 18:11:36,267 [INFO] sqlalchemy.engine.Engine: [raw sql] ()
2026-06-14 18:11:36,349 [INFO] sqlalchemy.engine.Engine: DESCRIBE `club_db`.`match_registrations`
2026-06-14 18:11:36,349 [INFO] sqlalchemy.engine.Engine: [raw sql] ()
2026-06-14 18:11:36,405 [INFO] sqlalchemy.engine.Engine: DESCRIBE `club_db`.`tournaments`
2026-06-14 18:11:36,406 [INFO] sqlalchemy.engine.Engine: [raw sql] ()
2026-06-14 18:11:36,491 [INFO] sqlalchemy.engine.Engine: DESCRIBE `club_db`.`tournament_registrations`
2026-06-14 18:11:36,491 [INFO] sqlalchemy.engine.Engine: [raw sql] ()
2026-06-14 18:11:36,591 [INFO] sqlalchemy.engine.Engine: DESCRIBE `club_db`.`notifications`
2026-06-14 18:11:36,591 [INFO] sqlalchemy.engine.Engine: [raw sql] ()
2026-06-14 18:11:36,661 [INFO] sqlalchemy.engine.Engine: COMMIT
2026-06-14 18:11:36,750 [INFO] club-api: Database tables created/verified
2026-06-14 18:12:09,090 [INFO] club-api: GET /health → 200 (7ms)
2026-06-14 18:12:09,108 [INFO] sqlalchemy.engine.Engine: BEGIN (implicit)
2026-06-14 18:12:09,160 [INFO] sqlalchemy.engine.Engine: SELECT count(clubs.id) AS count_1 
FROM clubs 
WHERE clubs.status = %s
2026-06-14 18:12:09,160 [INFO] sqlalchemy.engine.Engine: [generated in 0.00029s] ('active',)
2026-06-14 18:12:09,292 [INFO] sqlalchemy.engine.Engine: SELECT clubs.id, clubs.name, clubs.sport_types, clubs.description, clubs.cover_image, clubs.images, clubs.address, clubs.latitude, clubs.longitude, clubs.contact_phone, clubs.split_ratio, clubs.sub_merchant_id, clubs.status, clubs.created_at, clubs.updated_at 
FROM clubs 
WHERE clubs.status = %s ORDER BY clubs.id DESC 
 LIMIT %s, %s
2026-06-14 18:12:09,292 [INFO] sqlalchemy.engine.Engine: [generated in 0.00077s] ('active', 0, 20)
2026-06-14 18:12:09,396 [INFO] sqlalchemy.engine.Engine: COMMIT
2026-06-14 18:12:09,595 [INFO] club-api: GET /api/v1/clubs → 200 (492ms)
2026-06-14 18:12:09,631 [INFO] sqlalchemy.engine.Engine: BEGIN (implicit)
2026-06-14 18:12:09,633 [INFO] sqlalchemy.engine.Engine: SELECT clubs.id, clubs.name, clubs.sport_types, clubs.description, clubs.cover_image, clubs.images, clubs.address, clubs.latitude, clubs.longitude, clubs.contact_phone, clubs.split_ratio, clubs.sub_merchant_id, clubs.status, clubs.created_at, clubs.updated_at 
FROM clubs 
WHERE clubs.id = %s
2026-06-14 18:12:09,633 [INFO] sqlalchemy.engine.Engine: [generated in 0.00056s] (12,)
2026-06-14 18:12:09,810 [INFO] sqlalchemy.engine.Engine: SELECT venues.id, venues.club_id, venues.name, venues.sport_type, venues.price_per_hour, venues.max_capacity, venues.open_time, venues.close_time, venues.cover_image, venues.status, venues.sort_order, venues.created_at 
FROM venues 
WHERE venues.club_id = %s
2026-06-14 18:12:09,810 [INFO] sqlalchemy.engine.Engine: [generated in 0.00120s] (12,)
2026-06-14 18:12:09,909 [INFO] sqlalchemy.engine.Engine: COMMIT
2026-06-14 18:12:10,044 [INFO] club-api: GET /api/v1/clubs/12 → 200 (415ms)
2026-06-14 18:12:10,075 [INFO] sqlalchemy.engine.Engine: BEGIN (implicit)
2026-06-14 18:12:10,077 [INFO] sqlalchemy.engine.Engine: SELECT venues.id, venues.club_id, venues.name, venues.sport_type, venues.price_per_hour, venues.max_capacity, venues.open_time, venues.close_time, venues.cover_image, venues.status, venues.sort_order, venues.created_at 
FROM venues 
WHERE venues.id = %s
2026-06-14 18:12:10,077 [INFO] sqlalchemy.engine.Engine: [generated in 0.00063s] (1,)
2026-06-14 18:12:10,139 [INFO] sqlalchemy.engine.Engine: SELECT venue_time_slots.id, venue_time_slots.venue_id, venue_time_slots.date, venue_time_slots.start_time, venue_time_slots.end_time, venue_time_slots.price_override, venue_time_slots.status, venue_time_slots.locked_by, venue_time_slots.locked_at 
FROM venue_time_slots 
WHERE venue_time_slots.venue_id = %s AND venue_time_slots.date >= %s AND venue_time_slots.date <= %s ORDER BY venue_time_slots.date, venue_time_slots.start_time
2026-06-14 18:12:10,139 [INFO] sqlalchemy.engine.Engine: [generated in 0.00043s] (1, datetime.date(2026, 6, 14), datetime.date(2026, 6, 14))
2026-06-14 18:12:10,248 [INFO] sqlalchemy.engine.Engine: COMMIT
2026-06-14 18:12:10,450 [INFO] club-api: GET /api/v1/venues/1/slots → 200 (378ms)
2026-06-14 18:12:10,485 [INFO] sqlalchemy.engine.Engine: BEGIN (implicit)
2026-06-14 18:12:10,487 [INFO] sqlalchemy.engine.Engine: SELECT count(match_posts.id) AS count_1 
FROM match_posts
2026-06-14 18:12:10,487 [INFO] sqlalchemy.engine.Engine: [generated in 0.00066s] ()
2026-06-14 18:12:10,612 [INFO] sqlalchemy.engine.Engine: SELECT match_posts.id, match_posts.club_id, match_posts.user_id, match_posts.title, match_posts.sport_type, match_posts.preferred_date, match_posts.preferred_start, match_posts.preferred_end, match_posts.players_needed, match_posts.level_required, match_posts.notes, match_posts.venue_id, match_posts.booking_id, match_posts.group_chat_id, match_posts.status, match_posts.created_at, users.nickname, users.avatar_url, clubs.name, count(match_registrations.id) AS count_1 
FROM match_posts INNER JOIN users ON match_posts.user_id = users.id INNER JOIN clubs ON match_posts.club_id = clubs.id LEFT OUTER JOIN match_registrations ON match_registrations.post_id = match_posts.id GROUP BY match_posts.id ORDER BY match_posts.created_at DESC 
 LIMIT %s, %s
2026-06-14 18:12:10,613 [INFO] sqlalchemy.engine.Engine: [generated in 0.00074s] (0, 20)
2026-06-14 18:12:10,724 [INFO] sqlalchemy.engine.Engine: COMMIT
2026-06-14 18:12:10,915 [INFO] club-api: GET /api/v1/posts → 200 (434ms)
2026-06-14 18:12:35,604 [INFO] sqlalchemy.engine.Engine: SELECT DATABASE()
2026-06-14 18:12:35,605 [INFO] sqlalchemy.engine.Engine: [raw sql] ()
2026-06-14 18:12:35,709 [INFO] sqlalchemy.engine.Engine: SELECT @@sql_mode
2026-06-14 18:12:35,709 [INFO] sqlalchemy.engine.Engine: [raw sql] ()
2026-06-14 18:12:35,769 [INFO] sqlalchemy.engine.Engine: SELECT @@lower_case_table_names
2026-06-14 18:12:35,769 [INFO] sqlalchemy.engine.Engine: [raw sql] ()
2026-06-14 18:12:35,849 [INFO] sqlalchemy.engine.Engine: BEGIN (implicit)
2026-06-14 18:12:35,850 [INFO] sqlalchemy.engine.Engine: DESCRIBE `club_db`.`users`
2026-06-14 18:12:35,850 [INFO] sqlalchemy.engine.Engine: [raw sql] ()
2026-06-14 18:12:35,917 [INFO] sqlalchemy.engine.Engine: DESCRIBE `club_db`.`clubs`
2026-06-14 18:12:35,917 [INFO] sqlalchemy.engine.Engine: [raw sql] ()
2026-06-14 18:12:35,973 [INFO] sqlalchemy.engine.Engine: DESCRIBE `club_db`.`club_members`
2026-06-14 18:12:35,973 [INFO] sqlalchemy.engine.Engine: [raw sql] ()
2026-06-14 18:12:36,029 [INFO] sqlalchemy.engine.Engine: DESCRIBE `club_db`.`venues`
2026-06-14 18:12:36,029 [INFO] sqlalchemy.engine.Engine: [raw sql] ()
2026-06-14 18:12:36,089 [INFO] sqlalchemy.engine.Engine: DESCRIBE `club_db`.`venue_time_slots`
2026-06-14 18:12:36,089 [INFO] sqlalchemy.engine.Engine: [raw sql] ()
2026-06-14 18:12:36,164 [INFO] sqlalchemy.engine.Engine: DESCRIBE `club_db`.`booking_orders`
2026-06-14 18:12:36,164 [INFO] sqlalchemy.engine.Engine: [raw sql] ()
2026-06-14 18:12:36,216 [INFO] sqlalchemy.engine.Engine: DESCRIBE `club_db`.`settlement_records`
2026-06-14 18:12:36,216 [INFO] sqlalchemy.engine.Engine: [raw sql] ()
2026-06-14 18:12:36,277 [INFO] sqlalchemy.engine.Engine: DESCRIBE `club_db`.`match_posts`
2026-06-14 18:12:36,278 [INFO] sqlalchemy.engine.Engine: [raw sql] ()
2026-06-14 18:12:36,326 [INFO] sqlalchemy.engine.Engine: DESCRIBE `club_db`.`match_registrations`
2026-06-14 18:12:36,326 [INFO] sqlalchemy.engine.Engine: [raw sql] ()
2026-06-14 18:12:36,380 [INFO] sqlalchemy.engine.Engine: DESCRIBE `club_db`.`tournaments`
2026-06-14 18:12:36,380 [INFO] sqlalchemy.engine.Engine: [raw sql] ()
2026-06-14 18:12:36,429 [INFO] sqlalchemy.engine.Engine: DESCRIBE `club_db`.`tournament_registrations`
2026-06-14 18:12:36,430 [INFO] sqlalchemy.engine.Engine: [raw sql] ()
2026-06-14 18:12:36,480 [INFO] sqlalchemy.engine.Engine: DESCRIBE `club_db`.`notifications`
2026-06-14 18:12:36,480 [INFO] sqlalchemy.engine.Engine: [raw sql] ()
2026-06-14 18:12:36,533 [INFO] sqlalchemy.engine.Engine: COMMIT
2026-06-14 18:12:36,620 [INFO] club-api: Database tables created/verified
2026-06-14 18:13:37,664 [INFO] sqlalchemy.engine.Engine: SELECT DATABASE()
2026-06-14 18:13:37,665 [INFO] sqlalchemy.engine.Engine: [raw sql] ()
2026-06-14 18:13:37,764 [INFO] sqlalchemy.engine.Engine: SELECT @@sql_mode
2026-06-14 18:13:37,765 [INFO] sqlalchemy.engine.Engine: [raw sql] ()
2026-06-14 18:13:37,822 [INFO] sqlalchemy.engine.Engine: SELECT @@lower_case_table_names
2026-06-14 18:13:37,822 [INFO] sqlalchemy.engine.Engine: [raw sql] ()
2026-06-14 18:13:37,928 [INFO] sqlalchemy.engine.Engine: BEGIN (implicit)
2026-06-14 18:13:37,929 [INFO] sqlalchemy.engine.Engine: DESCRIBE `club_db`.`users`
2026-06-14 18:13:37,930 [INFO] sqlalchemy.engine.Engine: [raw sql] ()
2026-06-14 18:13:37,974 [INFO] sqlalchemy.engine.Engine: DESCRIBE `club_db`.`clubs`
2026-06-14 18:13:37,974 [INFO] sqlalchemy.engine.Engine: [raw sql] ()
2026-06-14 18:13:38,025 [INFO] sqlalchemy.engine.Engine: DESCRIBE `club_db`.`club_members`
2026-06-14 18:13:38,026 [INFO] sqlalchemy.engine.Engine: [raw sql] ()
2026-06-14 18:13:38,077 [INFO] sqlalchemy.engine.Engine: DESCRIBE `club_db`.`venues`
2026-06-14 18:13:38,078 [INFO] sqlalchemy.engine.Engine: [raw sql] ()
2026-06-14 18:13:38,232 [INFO] sqlalchemy.engine.Engine: DESCRIBE `club_db`.`venue_time_slots`
2026-06-14 18:13:38,232 [INFO] sqlalchemy.engine.Engine: [raw sql] ()
2026-06-14 18:13:38,276 [INFO] sqlalchemy.engine.Engine: DESCRIBE `club_db`.`booking_orders`
2026-06-14 18:13:38,277 [INFO] sqlalchemy.engine.Engine: [raw sql] ()
2026-06-14 18:13:38,336 [INFO] sqlalchemy.engine.Engine: DESCRIBE `club_db`.`settlement_records`
2026-06-14 18:13:38,337 [INFO] sqlalchemy.engine.Engine: [raw sql] ()
2026-06-14 18:13:38,386 [INFO] sqlalchemy.engine.Engine: DESCRIBE `club_db`.`match_posts`
2026-06-14 18:13:38,386 [INFO] sqlalchemy.engine.Engine: [raw sql] ()
2026-06-14 18:13:38,440 [INFO] sqlalchemy.engine.Engine: DESCRIBE `club_db`.`match_registrations`
2026-06-14 18:13:38,441 [INFO] sqlalchemy.engine.Engine: [raw sql] ()
2026-06-14 18:13:38,488 [INFO] sqlalchemy.engine.Engine: DESCRIBE `club_db`.`tournaments`
2026-06-14 18:13:38,489 [INFO] sqlalchemy.engine.Engine: [raw sql] ()
2026-06-14 18:13:38,540 [INFO] sqlalchemy.engine.Engine: DESCRIBE `club_db`.`tournament_registrations`
2026-06-14 18:13:38,541 [INFO] sqlalchemy.engine.Engine: [raw sql] ()
2026-06-14 18:13:38,594 [INFO] sqlalchemy.engine.Engine: DESCRIBE `club_db`.`notifications`
2026-06-14 18:13:38,594 [INFO] sqlalchemy.engine.Engine: [raw sql] ()
2026-06-14 18:13:38,686 [INFO] sqlalchemy.engine.Engine: COMMIT
2026-06-14 18:13:38,787 [INFO] club-api: Database tables created/verified
2026-06-14 18:13:43,400 [INFO] sqlalchemy.engine.Engine: BEGIN (implicit)
2026-06-14 18:13:43,440 [INFO] sqlalchemy.engine.Engine: SELECT users.id, users.openid, users.unionid, users.nickname, users.avatar_url, users.phone, users.`role`, users.created_at, users.updated_at 
FROM users 
WHERE users.id = %s
2026-06-14 18:13:43,440 [INFO] sqlalchemy.engine.Engine: [generated in 0.00023s] (1,)
2026-06-14 18:13:43,527 [INFO] sqlalchemy.engine.Engine: SELECT club_members.club_id 
FROM club_members 
WHERE club_members.user_id = %s
2026-06-14 18:13:43,528 [INFO] sqlalchemy.engine.Engine: [generated in 0.00064s] (1,)
2026-06-14 18:13:43,575 [INFO] sqlalchemy.engine.Engine: COMMIT
2026-06-14 18:13:43,703 [INFO] club-api: GET /api/v1/users/me → 200 (310ms)
2026-06-14 18:13:43,739 [INFO] sqlalchemy.engine.Engine: BEGIN (implicit)
2026-06-14 18:13:43,742 [INFO] sqlalchemy.engine.Engine: SELECT count(match_posts.id) AS count_1 
FROM match_posts
2026-06-14 18:13:43,742 [INFO] sqlalchemy.engine.Engine: [generated in 0.00028s] ()
2026-06-14 18:13:43,759 [INFO] sqlalchemy.engine.Engine: BEGIN (implicit)
2026-06-14 18:13:43,761 [INFO] sqlalchemy.engine.Engine: SELECT count(tournaments.id) AS count_1 
FROM tournaments 
WHERE tournaments.status = %s
2026-06-14 18:13:43,761 [INFO] sqlalchemy.engine.Engine: [generated in 0.00043s] ('open',)
2026-06-14 18:13:43,799 [INFO] sqlalchemy.engine.Engine: SELECT match_posts.id, match_posts.club_id, match_posts.user_id, match_posts.title, match_posts.sport_type, match_posts.preferred_date, match_posts.preferred_start, match_posts.preferred_end, match_posts.players_needed, match_posts.level_required, match_posts.notes, match_posts.venue_id, match_posts.booking_id, match_posts.group_chat_id, match_posts.status, match_posts.created_at, users.nickname, users.avatar_url, clubs.name, count(match_registrations.id) AS count_1 
FROM match_posts INNER JOIN users ON match_posts.user_id = users.id INNER JOIN clubs ON match_posts.club_id = clubs.id LEFT OUTER JOIN match_registrations ON match_registrations.post_id = match_posts.id GROUP BY match_posts.id ORDER BY match_posts.created_at DESC 
 LIMIT %s, %s
2026-06-14 18:13:43,799 [INFO] sqlalchemy.engine.Engine: [generated in 0.00051s] (0, 10)
2026-06-14 18:13:43,820 [INFO] sqlalchemy.engine.Engine: SELECT tournaments.id, tournaments.club_id, tournaments.title, tournaments.description, tournaments.sport_type, tournaments.start_time, tournaments.end_time, tournaments.venue_id, tournaments.lock_venue, tournaments.max_participants, tournaments.current_participants, tournaments.entry_fee, tournaments.cover_image, tournaments.group_chat_id, tournaments.status, tournaments.created_at, clubs.name 
FROM tournaments INNER JOIN clubs ON tournaments.club_id = clubs.id 
WHERE tournaments.status = %s ORDER BY tournaments.start_time 
 LIMIT %s, %s
2026-06-14 18:13:43,820 [INFO] sqlalchemy.engine.Engine: [generated in 0.00076s] ('open', 0, 5)
2026-06-14 18:13:43,864 [INFO] sqlalchemy.engine.Engine: COMMIT
2026-06-14 18:13:43,891 [INFO] sqlalchemy.engine.Engine: COMMIT
2026-06-14 18:13:43,966 [INFO] club-api: GET /api/v1/posts → 200 (524ms)
2026-06-14 18:13:44,025 [INFO] club-api: GET /api/v1/tournaments → 200 (582ms)
2026-06-14 18:13:45,529 [INFO] sqlalchemy.engine.Engine: BEGIN (implicit)
2026-06-14 18:13:45,530 [INFO] sqlalchemy.engine.Engine: SELECT count(clubs.id) AS count_1 
FROM clubs 
WHERE clubs.status = %s
2026-06-14 18:13:45,530 [INFO] sqlalchemy.engine.Engine: [generated in 0.00034s] ('active',)
2026-06-14 18:13:45,611 [INFO] sqlalchemy.engine.Engine: SELECT clubs.id, clubs.name, clubs.sport_types, clubs.description, clubs.cover_image, clubs.images, clubs.address, clubs.latitude, clubs.longitude, clubs.contact_phone, clubs.split_ratio, clubs.sub_merchant_id, clubs.status, clubs.created_at, clubs.updated_at 
FROM clubs 
WHERE clubs.status = %s ORDER BY clubs.id DESC 
 LIMIT %s, %s
2026-06-14 18:13:45,611 [INFO] sqlalchemy.engine.Engine: [generated in 0.00093s] ('active', 0, 20)
2026-06-14 18:13:45,667 [INFO] sqlalchemy.engine.Engine: COMMIT
2026-06-14 18:13:45,774 [INFO] club-api: GET /api/v1/clubs → 200 (247ms)
2026-06-14 18:13:47,287 [INFO] sqlalchemy.engine.Engine: BEGIN (implicit)
2026-06-14 18:13:47,289 [INFO] sqlalchemy.engine.Engine: SELECT clubs.id, clubs.name, clubs.sport_types, clubs.description, clubs.cover_image, clubs.images, clubs.address, clubs.latitude, clubs.longitude, clubs.contact_phone, clubs.split_ratio, clubs.sub_merchant_id, clubs.status, clubs.created_at, clubs.updated_at 
FROM clubs 
WHERE clubs.id = %s
2026-06-14 18:13:47,289 [INFO] sqlalchemy.engine.Engine: [generated in 0.00036s] (12,)
2026-06-14 18:13:47,352 [INFO] sqlalchemy.engine.Engine: SELECT venues.id, venues.club_id, venues.name, venues.sport_type, venues.price_per_hour, venues.max_capacity, venues.open_time, venues.close_time, venues.cover_image, venues.status, venues.sort_order, venues.created_at 
FROM venues 
WHERE venues.club_id = %s
2026-06-14 18:13:47,353 [INFO] sqlalchemy.engine.Engine: [generated in 0.00148s] (12,)
2026-06-14 18:13:47,396 [INFO] sqlalchemy.engine.Engine: COMMIT
2026-06-14 18:13:47,491 [INFO] club-api: GET /api/v1/clubs/12 → 200 (205ms)
2026-06-14 18:13:54,056 [INFO] sqlalchemy.engine.Engine: BEGIN (implicit)
2026-06-14 18:13:54,057 [INFO] sqlalchemy.engine.Engine: SELECT users.id, users.openid, users.unionid, users.nickname, users.avatar_url, users.phone, users.`role`, users.created_at, users.updated_at 
FROM users 
WHERE users.id = %s
2026-06-14 18:13:54,057 [INFO] sqlalchemy.engine.Engine: [cached since 10.62s ago] (1,)
2026-06-14 18:13:54,147 [INFO] sqlalchemy.engine.Engine: SELECT club_members.club_id 
FROM club_members 
WHERE club_members.user_id = %s
2026-06-14 18:13:54,148 [INFO] sqlalchemy.engine.Engine: [cached since 10.62s ago] (1,)
2026-06-14 18:13:54,253 [INFO] sqlalchemy.engine.Engine: COMMIT
2026-06-14 18:13:54,449 [INFO] club-api: GET /api/v1/users/me → 200 (394ms)
2026-06-14 18:13:54,465 [INFO] sqlalchemy.engine.Engine: BEGIN (implicit)
2026-06-14 18:13:54,468 [INFO] sqlalchemy.engine.Engine: SELECT venues.id, venues.club_id, venues.name, venues.sport_type, venues.price_per_hour, venues.max_capacity, venues.open_time, venues.close_time, venues.cover_image, venues.status, venues.sort_order, venues.created_at 
FROM venues 
WHERE venues.club_id = %s ORDER BY venues.sort_order
2026-06-14 18:13:54,469 [INFO] sqlalchemy.engine.Engine: [generated in 0.00097s] (12,)
2026-06-14 18:13:54,551 [INFO] sqlalchemy.engine.Engine: COMMIT
2026-06-14 18:13:54,720 [INFO] club-api: GET /api/v1/clubs/12/venues → 200 (257ms)
2026-06-14 18:14:04,693 [INFO] sqlalchemy.engine.Engine: BEGIN (implicit)
2026-06-14 18:14:04,694 [INFO] sqlalchemy.engine.Engine: SELECT users.id, users.openid, users.unionid, users.nickname, users.avatar_url, users.phone, users.`role`, users.created_at, users.updated_at 
FROM users 
WHERE users.id = %s
2026-06-14 18:14:04,694 [INFO] sqlalchemy.engine.Engine: [cached since 21.25s ago] (1,)
2026-06-14 18:14:04,793 [INFO] sqlalchemy.engine.Engine: SELECT club_members.id, club_members.club_id, club_members.user_id, club_members.`role` 
FROM club_members 
WHERE club_members.club_id = %s AND club_members.user_id = %s
2026-06-14 18:14:04,794 [INFO] sqlalchemy.engine.Engine: [generated in 0.00053s] (12, 1)
2026-06-14 18:14:04,924 [INFO] sqlalchemy.engine.Engine: INSERT INTO venues (club_id, name, sport_type, price_per_hour, max_capacity, open_time, close_time, cover_image, status, sort_order, created_at) VALUES (%s, %s, %s, %s, %s, %s, %s, %s, %s, %s, %s)
2026-06-14 18:14:04,924 [INFO] sqlalchemy.engine.Engine: [generated in 0.00071s] (12, '1号网球场', 'tennis', Decimal('50'), 4, datetime.time(8, 0), datetime.time(22, 0), None, 'active', 0, datetime.datetime(2026, 6, 14, 10, 14, 4, 924466))
2026-06-14 18:14:05,006 [INFO] sqlalchemy.engine.Engine: SELECT venues.id, venues.club_id, venues.name, venues.sport_type, venues.price_per_hour, venues.max_capacity, venues.open_time, venues.close_time, venues.cover_image, venues.status, venues.sort_order, venues.created_at 
FROM venues 
WHERE venues.id = %s
2026-06-14 18:14:05,007 [INFO] sqlalchemy.engine.Engine: [generated in 0.00077s] (2,)
2026-06-14 18:14:05,115 [INFO] sqlalchemy.engine.Engine: INSERT INTO venue_time_slots (venue_id, date, start_time, end_time, price_override, status, locked_by, locked_at) VALUES (%s, %s, %s, %s, %s, %s, %s, %s)
2026-06-14 18:14:05,116 [INFO] sqlalchemy.engine.Engine: [generated in 0.00085s] (2, datetime.date(2026, 6, 14), datetime.time(8, 0), datetime.time(8, 30), None, 'available', None, None)
2026-06-14 18:14:05,197 [INFO] sqlalchemy.engine.Engine: INSERT INTO venue_time_slots (venue_id, date, start_time, end_time, price_override, status, locked_by, locked_at) VALUES (%s, %s, %s, %s, %s, %s, %s, %s)
2026-06-14 18:14:05,198 [INFO] sqlalchemy.engine.Engine: [cached since 0.08264s ago] (2, datetime.date(2026, 6, 14), datetime.time(8, 30), datetime.time(9, 0), None, 'available', None, None)
2026-06-14 18:14:05,309 [INFO] sqlalchemy.engine.Engine: INSERT INTO venue_time_slots (venue_id, date, start_time, end_time, price_override, status, locked_by, locked_at) VALUES (%s, %s, %s, %s, %s, %s, %s, %s)
2026-06-14 18:14:05,310 [INFO] sqlalchemy.engine.Engine: [cached since 0.1949s ago] (2, datetime.date(2026, 6, 14), datetime.time(9, 0), datetime.time(9, 30), None, 'available', None, None)
2026-06-14 18:14:05,410 [INFO] sqlalchemy.engine.Engine: INSERT INTO venue_time_slots (venue_id, date, start_time, end_time, price_override, status, locked_by, locked_at) VALUES (%s, %s, %s, %s, %s, %s, %s, %s)
2026-06-14 18:14:05,411 [INFO] sqlalchemy.engine.Engine: [cached since 0.2959s ago] (2, datetime.date(2026, 6, 14), datetime.time(9, 30), datetime.time(10, 0), None, 'available', None, None)
2026-06-14 18:14:05,505 [INFO] sqlalchemy.engine.Engine: INSERT INTO venue_time_slots (venue_id, date, start_time, end_time, price_override, status, locked_by, locked_at) VALUES (%s, %s, %s, %s, %s, %s, %s, %s)
2026-06-14 18:14:05,505 [INFO] sqlalchemy.engine.Engine: [cached since 0.3904s ago] (2, datetime.date(2026, 6, 14), datetime.time(10, 0), datetime.time(10, 30), None, 'available', None, None)
2026-06-14 18:14:05,607 [INFO] sqlalchemy.engine.Engine: INSERT INTO venue_time_slots (venue_id, date, start_time, end_time, price_override, status, locked_by, locked_at) VALUES (%s, %s, %s, %s, %s, %s, %s, %s)
2026-06-14 18:14:05,608 [INFO] sqlalchemy.engine.Engine: [cached since 0.493s ago] (2, datetime.date(2026, 6, 14), datetime.time(10, 30), datetime.time(11, 0), None, 'available', None, None)
2026-06-14 18:14:05,662 [INFO] sqlalchemy.engine.Engine: INSERT INTO venue_time_slots (venue_id, date, start_time, end_time, price_override, status, locked_by, locked_at) VALUES (%s, %s, %s, %s, %s, %s, %s, %s)
2026-06-14 18:14:05,662 [INFO] sqlalchemy.engine.Engine: [cached since 0.5476s ago] (2, datetime.date(2026, 6, 14), datetime.time(11, 0), datetime.time(11, 30), None, 'available', None, None)
2026-06-14 18:14:05,758 [INFO] sqlalchemy.engine.Engine: INSERT INTO venue_time_slots (venue_id, date, start_time, end_time, price_override, status, locked_by, locked_at) VALUES (%s, %s, %s, %s, %s, %s, %s, %s)
2026-06-14 18:14:05,759 [INFO] sqlalchemy.engine.Engine: [cached since 0.6437s ago] (2, datetime.date(2026, 6, 14), datetime.time(11, 30), datetime.time(12, 0), None, 'available', None, None)
2026-06-14 18:14:05,822 [INFO] sqlalchemy.engine.Engine: INSERT INTO venue_time_slots (venue_id, date, start_time, end_time, price_override, status, locked_by, locked_at) VALUES (%s, %s, %s, %s, %s, %s, %s, %s)
2026-06-14 18:14:05,822 [INFO] sqlalchemy.engine.Engine: [cached since 0.7076s ago] (2, datetime.date(2026, 6, 14), datetime.time(12, 0), datetime.time(12, 30), None, 'available', None, None)
2026-06-14 18:14:05,916 [INFO] sqlalchemy.engine.Engine: INSERT INTO venue_time_slots (venue_id, date, start_time, end_time, price_override, status, locked_by, locked_at) VALUES (%s, %s, %s, %s, %s, %s, %s, %s)
2026-06-14 18:14:05,916 [INFO] sqlalchemy.engine.Engine: [cached since 0.8012s ago] (2, datetime.date(2026, 6, 14), datetime.time(12, 30), datetime.time(13, 0), None, 'available', None, None)
2026-06-14 18:14:05,961 [INFO] sqlalchemy.engine.Engine: INSERT INTO venue_time_slots (venue_id, date, start_time, end_time, price_override, status, locked_by, locked_at) VALUES (%s, %s, %s, %s, %s, %s, %s, %s)
2026-06-14 18:14:05,961 [INFO] sqlalchemy.engine.Engine: [cached since 0.8464s ago] (2, datetime.date(2026, 6, 14), datetime.time(13, 0), datetime.time(13, 30), None, 'available', None, None)
2026-06-14 18:14:06,026 [INFO] sqlalchemy.engine.Engine: INSERT INTO venue_time_slots (venue_id, date, start_time, end_time, price_override, status, locked_by, locked_at) VALUES (%s, %s, %s, %s, %s, %s, %s, %s)
2026-06-14 18:14:06,027 [INFO] sqlalchemy.engine.Engine: [cached since 0.9116s ago] (2, datetime.date(2026, 6, 14), datetime.time(13, 30), datetime.time(14, 0), None, 'available', None, None)
2026-06-14 18:14:06,127 [INFO] sqlalchemy.engine.Engine: INSERT INTO venue_time_slots (venue_id, date, start_time, end_time, price_override, status, locked_by, locked_at) VALUES (%s, %s, %s, %s, %s, %s, %s, %s)
2026-06-14 18:14:06,128 [INFO] sqlalchemy.engine.Engine: [cached since 1.013s ago] (2, datetime.date(2026, 6, 14), datetime.time(14, 0), datetime.time(14, 30), None, 'available', None, None)
2026-06-14 18:14:06,220 [INFO] sqlalchemy.engine.Engine: INSERT INTO venue_time_slots (venue_id, date, start_time, end_time, price_override, status, locked_by, locked_at) VALUES (%s, %s, %s, %s, %s, %s, %s, %s)
2026-06-14 18:14:06,220 [INFO] sqlalchemy.engine.Engine: [cached since 1.105s ago] (2, datetime.date(2026, 6, 14), datetime.time(14, 30), datetime.time(15, 0), None, 'available', None, None)
2026-06-14 18:14:06,327 [INFO] sqlalchemy.engine.Engine: INSERT INTO venue_time_slots (venue_id, date, start_time, end_time, price_override, status, locked_by, locked_at) VALUES (%s, %s, %s, %s, %s, %s, %s, %s)
2026-06-14 18:14:06,328 [INFO] sqlalchemy.engine.Engine: [cached since 1.213s ago] (2, datetime.date(2026, 6, 14), datetime.time(15, 0), datetime.time(15, 30), None, 'available', None, None)
2026-06-14 18:14:06,382 [INFO] sqlalchemy.engine.Engine: INSERT INTO venue_time_slots (venue_id, date, start_time, end_time, price_override, status, locked_by, locked_at) VALUES (%s, %s, %s, %s, %s, %s, %s, %s)
2026-06-14 18:14:06,382 [INFO] sqlalchemy.engine.Engine: [cached since 1.267s ago] (2, datetime.date(2026, 6, 14), datetime.time(15, 30), datetime.time(16, 0), None, 'available', None, None)
2026-06-14 18:14:06,525 [INFO] sqlalchemy.engine.Engine: INSERT INTO venue_time_slots (venue_id, date, start_time, end_time, price_override, status, locked_by, locked_at) VALUES (%s, %s, %s, %s, %s, %s, %s, %s)
2026-06-14 18:14:06,526 [INFO] sqlalchemy.engine.Engine: [cached since 1.411s ago] (2, datetime.date(2026, 6, 14), datetime.time(16, 0), datetime.time(16, 30), None, 'available', None, None)
2026-06-14 18:14:06,642 [INFO] sqlalchemy.engine.Engine: INSERT INTO venue_time_slots (venue_id, date, start_time, end_time, price_override, status, locked_by, locked_at) VALUES (%s, %s, %s, %s, %s, %s, %s, %s)
2026-06-14 18:14:06,643 [INFO] sqlalchemy.engine.Engine: [cached since 1.528s ago] (2, datetime.date(2026, 6, 14), datetime.time(16, 30), datetime.time(17, 0), None, 'available', None, None)
2026-06-14 18:14:06,738 [INFO] sqlalchemy.engine.Engine: INSERT INTO venue_time_slots (venue_id, date, start_time, end_time, price_override, status, locked_by, locked_at) VALUES (%s, %s, %s, %s, %s, %s, %s, %s)
2026-06-14 18:14:06,739 [INFO] sqlalchemy.engine.Engine: [cached since 1.624s ago] (2, datetime.date(2026, 6, 14), datetime.time(17, 0), datetime.time(17, 30), None, 'available', None, None)
2026-06-14 18:14:06,845 [INFO] sqlalchemy.engine.Engine: INSERT INTO venue_time_slots (venue_id, date, start_time, end_time, price_override, status, locked_by, locked_at) VALUES (%s, %s, %s, %s, %s, %s, %s, %s)
2026-06-14 18:14:06,845 [INFO] sqlalchemy.engine.Engine: [cached since 1.73s ago] (2, datetime.date(2026, 6, 14), datetime.time(17, 30), datetime.time(18, 0), None, 'available', None, None)
2026-06-14 18:14:06,952 [INFO] sqlalchemy.engine.Engine: INSERT INTO venue_time_slots (venue_id, date, start_time, end_time, price_override, status, locked_by, locked_at) VALUES (%s, %s, %s, %s, %s, %s, %s, %s)
2026-06-14 18:14:06,952 [INFO] sqlalchemy.engine.Engine: [cached since 1.837s ago] (2, datetime.date(2026, 6, 14), datetime.time(18, 0), datetime.time(18, 30), None, 'available', None, None)
2026-06-14 18:14:07,049 [INFO] sqlalchemy.engine.Engine: INSERT INTO venue_time_slots (venue_id, date, start_time, end_time, price_override, status, locked_by, locked_at) VALUES (%s, %s, %s, %s, %s, %s, %s, %s)
2026-06-14 18:14:07,049 [INFO] sqlalchemy.engine.Engine: [cached since 1.934s ago] (2, datetime.date(2026, 6, 14), datetime.time(18, 30), datetime.time(19, 0), None, 'available', None, None)
2026-06-14 18:14:07,159 [INFO] sqlalchemy.engine.Engine: INSERT INTO venue_time_slots (venue_id, date, start_time, end_time, price_override, status, locked_by, locked_at) VALUES (%s, %s, %s, %s, %s, %s, %s, %s)
2026-06-14 18:14:07,160 [INFO] sqlalchemy.engine.Engine: [cached since 2.045s ago] (2, datetime.date(2026, 6, 14), datetime.time(19, 0), datetime.time(19, 30), None, 'available', None, None)
2026-06-14 18:14:07,246 [INFO] sqlalchemy.engine.Engine: INSERT INTO venue_time_slots (venue_id, date, start_time, end_time, price_override, status, locked_by, locked_at) VALUES (%s, %s, %s, %s, %s, %s, %s, %s)
2026-06-14 18:14:07,246 [INFO] sqlalchemy.engine.Engine: [cached since 2.131s ago] (2, datetime.date(2026, 6, 14), datetime.time(19, 30), datetime.time(20, 0), None, 'available', None, None)
2026-06-14 18:14:07,351 [INFO] sqlalchemy.engine.Engine: INSERT INTO venue_time_slots (venue_id, date, start_time, end_time, price_override, status, locked_by, locked_at) VALUES (%s, %s, %s, %s, %s, %s, %s, %s)
2026-06-14 18:14:07,351 [INFO] sqlalchemy.engine.Engine: [cached since 2.236s ago] (2, datetime.date(2026, 6, 14), datetime.time(20, 0), datetime.time(20, 30), None, 'available', None, None)
2026-06-14 18:14:07,453 [INFO] sqlalchemy.engine.Engine: INSERT INTO venue_time_slots (venue_id, date, start_time, end_time, price_override, status, locked_by, locked_at) VALUES (%s, %s, %s, %s, %s, %s, %s, %s)
2026-06-14 18:14:07,453 [INFO] sqlalchemy.engine.Engine: [cached since 2.338s ago] (2, datetime.date(2026, 6, 14), datetime.time(20, 30), datetime.time(21, 0), None, 'available', None, None)
2026-06-14 18:14:07,554 [INFO] sqlalchemy.engine.Engine: INSERT INTO venue_time_slots (venue_id, date, start_time, end_time, price_override, status, locked_by, locked_at) VALUES (%s, %s, %s, %s, %s, %s, %s, %s)
2026-06-14 18:14:07,555 [INFO] sqlalchemy.engine.Engine: [cached since 2.44s ago] (2, datetime.date(2026, 6, 14), datetime.time(21, 0), datetime.time(21, 30), None, 'available', None, None)
2026-06-14 18:14:07,656 [INFO] sqlalchemy.engine.Engine: INSERT INTO venue_time_slots (venue_id, date, start_time, end_time, price_override, status, locked_by, locked_at) VALUES (%s, %s, %s, %s, %s, %s, %s, %s)
2026-06-14 18:14:07,656 [INFO] sqlalchemy.engine.Engine: [cached since 2.541s ago] (2, datetime.date(2026, 6, 14), datetime.time(21, 30), datetime.time(22, 0), None, 'available', None, None)
2026-06-14 18:14:07,770 [INFO] sqlalchemy.engine.Engine: INSERT INTO venue_time_slots (venue_id, date, start_time, end_time, price_override, status, locked_by, locked_at) VALUES (%s, %s, %s, %s, %s, %s, %s, %s)
2026-06-14 18:14:07,770 [INFO] sqlalchemy.engine.Engine: [cached since 2.655s ago] (2, datetime.date(2026, 6, 15), datetime.time(8, 0), datetime.time(8, 30), None, 'available', None, None)
2026-06-14 18:14:07,861 [INFO] sqlalchemy.engine.Engine: INSERT INTO venue_time_slots (venue_id, date, start_time, end_time, price_override, status, locked_by, locked_at) VALUES (%s, %s, %s, %s, %s, %s, %s, %s)
2026-06-14 18:14:07,862 [INFO] sqlalchemy.engine.Engine: [cached since 2.747s ago] (2, datetime.date(2026, 6, 15), datetime.time(8, 30), datetime.time(9, 0), None, 'available', None, None)
2026-06-14 18:14:07,961 [INFO] sqlalchemy.engine.Engine: INSERT INTO venue_time_slots (venue_id, date, start_time, end_time, price_override, status, locked_by, locked_at) VALUES (%s, %s, %s, %s, %s, %s, %s, %s)
2026-06-14 18:14:07,961 [INFO] sqlalchemy.engine.Engine: [cached since 2.846s ago] (2, datetime.date(2026, 6, 15), datetime.time(9, 0), datetime.time(9, 30), None, 'available', None, None)
2026-06-14 18:14:08,010 [INFO] sqlalchemy.engine.Engine: INSERT INTO venue_time_slots (venue_id, date, start_time, end_time, price_override, status, locked_by, locked_at) VALUES (%s, %s, %s, %s, %s, %s, %s, %s)
2026-06-14 18:14:08,011 [INFO] sqlalchemy.engine.Engine: [cached since 2.896s ago] (2, datetime.date(2026, 6, 15), datetime.time(9, 30), datetime.time(10, 0), None, 'available', None, None)
2026-06-14 18:14:08,075 [INFO] sqlalchemy.engine.Engine: INSERT INTO venue_time_slots (venue_id, date, start_time, end_time, price_override, status, locked_by, locked_at) VALUES (%s, %s, %s, %s, %s, %s, %s, %s)
2026-06-14 18:14:08,076 [INFO] sqlalchemy.engine.Engine: [cached since 2.961s ago] (2, datetime.date(2026, 6, 15), datetime.time(10, 0), datetime.time(10, 30), None, 'available', None, None)
2026-06-14 18:14:08,168 [INFO] sqlalchemy.engine.Engine: INSERT INTO venue_time_slots (venue_id, date, start_time, end_time, price_override, status, locked_by, locked_at) VALUES (%s, %s, %s, %s, %s, %s, %s, %s)
2026-06-14 18:14:08,169 [INFO] sqlalchemy.engine.Engine: [cached since 3.054s ago] (2, datetime.date(2026, 6, 15), datetime.time(10, 30), datetime.time(11, 0), None, 'available', None, None)
2026-06-14 18:14:08,268 [INFO] sqlalchemy.engine.Engine: INSERT INTO venue_time_slots (venue_id, date, start_time, end_time, price_override, status, locked_by, locked_at) VALUES (%s, %s, %s, %s, %s, %s, %s, %s)
2026-06-14 18:14:08,268 [INFO] sqlalchemy.engine.Engine: [cached since 3.153s ago] (2, datetime.date(2026, 6, 15), datetime.time(11, 0), datetime.time(11, 30), None, 'available', None, None)
2026-06-14 18:14:08,383 [INFO] sqlalchemy.engine.Engine: INSERT INTO venue_time_slots (venue_id, date, start_time, end_time, price_override, status, locked_by, locked_at) VALUES (%s, %s, %s, %s, %s, %s, %s, %s)
2026-06-14 18:14:08,384 [INFO] sqlalchemy.engine.Engine: [cached since 3.269s ago] (2, datetime.date(2026, 6, 15), datetime.time(11, 30), datetime.time(12, 0), None, 'available', None, None)
2026-06-14 18:14:08,484 [INFO] sqlalchemy.engine.Engine: INSERT INTO venue_time_slots (venue_id, date, start_time, end_time, price_override, status, locked_by, locked_at) VALUES (%s, %s, %s, %s, %s, %s, %s, %s)
2026-06-14 18:14:08,484 [INFO] sqlalchemy.engine.Engine: [cached since 3.369s ago] (2, datetime.date(2026, 6, 15), datetime.time(12, 0), datetime.time(12, 30), None, 'available', None, None)
2026-06-14 18:14:08,591 [INFO] sqlalchemy.engine.Engine: INSERT INTO venue_time_slots (venue_id, date, start_time, end_time, price_override, status, locked_by, locked_at) VALUES (%s, %s, %s, %s, %s, %s, %s, %s)
2026-06-14 18:14:08,591 [INFO] sqlalchemy.engine.Engine: [cached since 3.476s ago] (2, datetime.date(2026, 6, 15), datetime.time(12, 30), datetime.time(13, 0), None, 'available', None, None)
2026-06-14 18:14:08,682 [INFO] sqlalchemy.engine.Engine: INSERT INTO venue_time_slots (venue_id, date, start_time, end_time, price_override, status, locked_by, locked_at) VALUES (%s, %s, %s, %s, %s, %s, %s, %s)
2026-06-14 18:14:08,682 [INFO] sqlalchemy.engine.Engine: [cached since 3.567s ago] (2, datetime.date(2026, 6, 15), datetime.time(13, 0), datetime.time(13, 30), None, 'available', None, None)
2026-06-14 18:14:08,792 [INFO] sqlalchemy.engine.Engine: INSERT INTO venue_time_slots (venue_id, date, start_time, end_time, price_override, status, locked_by, locked_at) VALUES (%s, %s, %s, %s, %s, %s, %s, %s)
2026-06-14 18:14:08,793 [INFO] sqlalchemy.engine.Engine: [cached since 3.678s ago] (2, datetime.date(2026, 6, 15), datetime.time(13, 30), datetime.time(14, 0), None, 'available', None, None)
2026-06-14 18:14:08,883 [INFO] sqlalchemy.engine.Engine: INSERT INTO venue_time_slots (venue_id, date, start_time, end_time, price_override, status, locked_by, locked_at) VALUES (%s, %s, %s, %s, %s, %s, %s, %s)
2026-06-14 18:14:08,884 [INFO] sqlalchemy.engine.Engine: [cached since 3.769s ago] (2, datetime.date(2026, 6, 15), datetime.time(14, 0), datetime.time(14, 30), None, 'available', None, None)
2026-06-14 18:14:08,985 [INFO] sqlalchemy.engine.Engine: INSERT INTO venue_time_slots (venue_id, date, start_time, end_time, price_override, status, locked_by, locked_at) VALUES (%s, %s, %s, %s, %s, %s, %s, %s)
2026-06-14 18:14:08,985 [INFO] sqlalchemy.engine.Engine: [cached since 3.87s ago] (2, datetime.date(2026, 6, 15), datetime.time(14, 30), datetime.time(15, 0), None, 'available', None, None)
2026-06-14 18:14:09,099 [INFO] sqlalchemy.engine.Engine: INSERT INTO venue_time_slots (venue_id, date, start_time, end_time, price_override, status, locked_by, locked_at) VALUES (%s, %s, %s, %s, %s, %s, %s, %s)
2026-06-14 18:14:09,099 [INFO] sqlalchemy.engine.Engine: [cached since 3.984s ago] (2, datetime.date(2026, 6, 15), datetime.time(15, 0), datetime.time(15, 30), None, 'available', None, None)
2026-06-14 18:14:09,201 [INFO] sqlalchemy.engine.Engine: INSERT INTO venue_time_slots (venue_id, date, start_time, end_time, price_override, status, locked_by, locked_at) VALUES (%s, %s, %s, %s, %s, %s, %s, %s)
2026-06-14 18:14:09,202 [INFO] sqlalchemy.engine.Engine: [cached since 4.087s ago] (2, datetime.date(2026, 6, 15), datetime.time(15, 30), datetime.time(16, 0), None, 'available', None, None)
2026-06-14 18:14:09,295 [INFO] sqlalchemy.engine.Engine: INSERT INTO venue_time_slots (venue_id, date, start_time, end_time, price_override, status, locked_by, locked_at) VALUES (%s, %s, %s, %s, %s, %s, %s, %s)
2026-06-14 18:14:09,296 [INFO] sqlalchemy.engine.Engine: [cached since 4.181s ago] (2, datetime.date(2026, 6, 15), datetime.time(16, 0), datetime.time(16, 30), None, 'available', None, None)
2026-06-14 18:14:09,399 [INFO] sqlalchemy.engine.Engine: INSERT INTO venue_time_slots (venue_id, date, start_time, end_time, price_override, status, locked_by, locked_at) VALUES (%s, %s, %s, %s, %s, %s, %s, %s)
2026-06-14 18:14:09,399 [INFO] sqlalchemy.engine.Engine: [cached since 4.284s ago] (2, datetime.date(2026, 6, 15), datetime.time(16, 30), datetime.time(17, 0), None, 'available', None, None)
2026-06-14 18:14:09,511 [INFO] sqlalchemy.engine.Engine: INSERT INTO venue_time_slots (venue_id, date, start_time, end_time, price_override, status, locked_by, locked_at) VALUES (%s, %s, %s, %s, %s, %s, %s, %s)
2026-06-14 18:14:09,512 [INFO] sqlalchemy.engine.Engine: [cached since 4.397s ago] (2, datetime.date(2026, 6, 15), datetime.time(17, 0), datetime.time(17, 30), None, 'available', None, None)
2026-06-14 18:14:09,613 [INFO] sqlalchemy.engine.Engine: INSERT INTO venue_time_slots (venue_id, date, start_time, end_time, price_override, status, locked_by, locked_at) VALUES (%s, %s, %s, %s, %s, %s, %s, %s)
2026-06-14 18:14:09,614 [INFO] sqlalchemy.engine.Engine: [cached since 4.499s ago] (2, datetime.date(2026, 6, 15), datetime.time(17, 30), datetime.time(18, 0), None, 'available', None, None)
2026-06-14 18:14:09,715 [INFO] sqlalchemy.engine.Engine: INSERT INTO venue_time_slots (venue_id, date, start_time, end_time, price_override, status, locked_by, locked_at) VALUES (%s, %s, %s, %s, %s, %s, %s, %s)
2026-06-14 18:14:09,715 [INFO] sqlalchemy.engine.Engine: [cached since 4.6s ago] (2, datetime.date(2026, 6, 15), datetime.time(18, 0), datetime.time(18, 30), None, 'available', None, None)
2026-06-14 18:14:09,804 [INFO] sqlalchemy.engine.Engine: INSERT INTO venue_time_slots (venue_id, date, start_time, end_time, price_override, status, locked_by, locked_at) VALUES (%s, %s, %s, %s, %s, %s, %s, %s)
2026-06-14 18:14:09,805 [INFO] sqlalchemy.engine.Engine: [cached since 4.689s ago] (2, datetime.date(2026, 6, 15), datetime.time(18, 30), datetime.time(19, 0), None, 'available', None, None)
2026-06-14 18:14:09,921 [INFO] sqlalchemy.engine.Engine: INSERT INTO venue_time_slots (venue_id, date, start_time, end_time, price_override, status, locked_by, locked_at) VALUES (%s, %s, %s, %s, %s, %s, %s, %s)
2026-06-14 18:14:09,922 [INFO] sqlalchemy.engine.Engine: [cached since 4.807s ago] (2, datetime.date(2026, 6, 15), datetime.time(19, 0), datetime.time(19, 30), None, 'available', None, None)
2026-06-14 18:14:10,021 [INFO] sqlalchemy.engine.Engine: INSERT INTO venue_time_slots (venue_id, date, start_time, end_time, price_override, status, locked_by, locked_at) VALUES (%s, %s, %s, %s, %s, %s, %s, %s)
2026-06-14 18:14:10,022 [INFO] sqlalchemy.engine.Engine: [cached since 4.907s ago] (2, datetime.date(2026, 6, 15), datetime.time(19, 30), datetime.time(20, 0), None, 'available', None, None)
2026-06-14 18:14:10,112 [INFO] sqlalchemy.engine.Engine: INSERT INTO venue_time_slots (venue_id, date, start_time, end_time, price_override, status, locked_by, locked_at) VALUES (%s, %s, %s, %s, %s, %s, %s, %s)
2026-06-14 18:14:10,113 [INFO] sqlalchemy.engine.Engine: [cached since 4.998s ago] (2, datetime.date(2026, 6, 15), datetime.time(20, 0), datetime.time(20, 30), None, 'available', None, None)
2026-06-14 18:14:10,218 [INFO] sqlalchemy.engine.Engine: INSERT INTO venue_time_slots (venue_id, date, start_time, end_time, price_override, status, locked_by, locked_at) VALUES (%s, %s, %s, %s, %s, %s, %s, %s)
2026-06-14 18:14:10,218 [INFO] sqlalchemy.engine.Engine: [cached since 5.103s ago] (2, datetime.date(2026, 6, 15), datetime.time(20, 30), datetime.time(21, 0), None, 'available', None, None)
2026-06-14 18:14:10,321 [INFO] sqlalchemy.engine.Engine: INSERT INTO venue_time_slots (venue_id, date, start_time, end_time, price_override, status, locked_by, locked_at) VALUES (%s, %s, %s, %s, %s, %s, %s, %s)
2026-06-14 18:14:10,322 [INFO] sqlalchemy.engine.Engine: [cached since 5.207s ago] (2, datetime.date(2026, 6, 15), datetime.time(21, 0), datetime.time(21, 30), None, 'available', None, None)
2026-06-14 18:14:10,420 [INFO] sqlalchemy.engine.Engine: INSERT INTO venue_time_slots (venue_id, date, start_time, end_time, price_override, status, locked_by, locked_at) VALUES (%s, %s, %s, %s, %s, %s, %s, %s)
2026-06-14 18:14:10,421 [INFO] sqlalchemy.engine.Engine: [cached since 5.305s ago] (2, datetime.date(2026, 6, 15), datetime.time(21, 30), datetime.time(22, 0), None, 'available', None, None)
2026-06-14 18:14:10,521 [INFO] sqlalchemy.engine.Engine: INSERT INTO venue_time_slots (venue_id, date, start_time, end_time, price_override, status, locked_by, locked_at) VALUES (%s, %s, %s, %s, %s, %s, %s, %s)
2026-06-14 18:14:10,521 [INFO] sqlalchemy.engine.Engine: [cached since 5.406s ago] (2, datetime.date(2026, 6, 16), datetime.time(8, 0), datetime.time(8, 30), None, 'available', None, None)
2026-06-14 18:14:10,625 [INFO] sqlalchemy.engine.Engine: INSERT INTO venue_time_slots (venue_id, date, start_time, end_time, price_override, status, locked_by, locked_at) VALUES (%s, %s, %s, %s, %s, %s, %s, %s)
2026-06-14 18:14:10,625 [INFO] sqlalchemy.engine.Engine: [cached since 5.51s ago] (2, datetime.date(2026, 6, 16), datetime.time(8, 30), datetime.time(9, 0), None, 'available', None, None)
2026-06-14 18:14:10,736 [INFO] sqlalchemy.engine.Engine: INSERT INTO venue_time_slots (venue_id, date, start_time, end_time, price_override, status, locked_by, locked_at) VALUES (%s, %s, %s, %s, %s, %s, %s, %s)
2026-06-14 18:14:10,737 [INFO] sqlalchemy.engine.Engine: [cached since 5.622s ago] (2, datetime.date(2026, 6, 16), datetime.time(9, 0), datetime.time(9, 30), None, 'available', None, None)
2026-06-14 18:14:10,838 [INFO] sqlalchemy.engine.Engine: INSERT INTO venue_time_slots (venue_id, date, start_time, end_time, price_override, status, locked_by, locked_at) VALUES (%s, %s, %s, %s, %s, %s, %s, %s)
2026-06-14 18:14:10,838 [INFO] sqlalchemy.engine.Engine: [cached since 5.723s ago] (2, datetime.date(2026, 6, 16), datetime.time(9, 30), datetime.time(10, 0), None, 'available', None, None)
2026-06-14 18:14:10,944 [INFO] sqlalchemy.engine.Engine: INSERT INTO venue_time_slots (venue_id, date, start_time, end_time, price_override, status, locked_by, locked_at) VALUES (%s, %s, %s, %s, %s, %s, %s, %s)
2026-06-14 18:14:10,945 [INFO] sqlalchemy.engine.Engine: [cached since 5.83s ago] (2, datetime.date(2026, 6, 16), datetime.time(10, 0), datetime.time(10, 30), None, 'available', None, None)
2026-06-14 18:14:11,039 [INFO] sqlalchemy.engine.Engine: INSERT INTO venue_time_slots (venue_id, date, start_time, end_time, price_override, status, locked_by, locked_at) VALUES (%s, %s, %s, %s, %s, %s, %s, %s)
2026-06-14 18:14:11,040 [INFO] sqlalchemy.engine.Engine: [cached since 5.925s ago] (2, datetime.date(2026, 6, 16), datetime.time(10, 30), datetime.time(11, 0), None, 'available', None, None)
2026-06-14 18:14:11,141 [INFO] sqlalchemy.engine.Engine: INSERT INTO venue_time_slots (venue_id, date, start_time, end_time, price_override, status, locked_by, locked_at) VALUES (%s, %s, %s, %s, %s, %s, %s, %s)
2026-06-14 18:14:11,142 [INFO] sqlalchemy.engine.Engine: [cached since 6.027s ago] (2, datetime.date(2026, 6, 16), datetime.time(11, 0), datetime.time(11, 30), None, 'available', None, None)
2026-06-14 18:14:11,243 [INFO] sqlalchemy.engine.Engine: INSERT INTO venue_time_slots (venue_id, date, start_time, end_time, price_override, status, locked_by, locked_at) VALUES (%s, %s, %s, %s, %s, %s, %s, %s)
2026-06-14 18:14:11,244 [INFO] sqlalchemy.engine.Engine: [cached since 6.129s ago] (2, datetime.date(2026, 6, 16), datetime.time(11, 30), datetime.time(12, 0), None, 'available', None, None)
2026-06-14 18:14:11,294 [INFO] sqlalchemy.engine.Engine: INSERT INTO venue_time_slots (venue_id, date, start_time, end_time, price_override, status, locked_by, locked_at) VALUES (%s, %s, %s, %s, %s, %s, %s, %s)
2026-06-14 18:14:11,295 [INFO] sqlalchemy.engine.Engine: [cached since 6.18s ago] (2, datetime.date(2026, 6, 16), datetime.time(12, 0), datetime.time(12, 30), None, 'available', None, None)
2026-06-14 18:14:11,455 [INFO] sqlalchemy.engine.Engine: INSERT INTO venue_time_slots (venue_id, date, start_time, end_time, price_override, status, locked_by, locked_at) VALUES (%s, %s, %s, %s, %s, %s, %s, %s)
2026-06-14 18:14:11,455 [INFO] sqlalchemy.engine.Engine: [cached since 6.34s ago] (2, datetime.date(2026, 6, 16), datetime.time(12, 30), datetime.time(13, 0), None, 'available', None, None)
2026-06-14 18:14:11,555 [INFO] sqlalchemy.engine.Engine: INSERT INTO venue_time_slots (venue_id, date, start_time, end_time, price_override, status, locked_by, locked_at) VALUES (%s, %s, %s, %s, %s, %s, %s, %s)
2026-06-14 18:14:11,556 [INFO] sqlalchemy.engine.Engine: [cached since 6.441s ago] (2, datetime.date(2026, 6, 16), datetime.time(13, 0), datetime.time(13, 30), None, 'available', None, None)
2026-06-14 18:14:11,664 [INFO] sqlalchemy.engine.Engine: INSERT INTO venue_time_slots (venue_id, date, start_time, end_time, price_override, status, locked_by, locked_at) VALUES (%s, %s, %s, %s, %s, %s, %s, %s)
2026-06-14 18:14:11,664 [INFO] sqlalchemy.engine.Engine: [cached since 6.549s ago] (2, datetime.date(2026, 6, 16), datetime.time(13, 30), datetime.time(14, 0), None, 'available', None, None)
2026-06-14 18:14:11,751 [INFO] sqlalchemy.engine.Engine: INSERT INTO venue_time_slots (venue_id, date, start_time, end_time, price_override, status, locked_by, locked_at) VALUES (%s, %s, %s, %s, %s, %s, %s, %s)
2026-06-14 18:14:11,752 [INFO] sqlalchemy.engine.Engine: [cached since 6.636s ago] (2, datetime.date(2026, 6, 16), datetime.time(14, 0), datetime.time(14, 30), None, 'available', None, None)
2026-06-14 18:14:11,856 [INFO] sqlalchemy.engine.Engine: INSERT INTO venue_time_slots (venue_id, date, start_time, end_time, price_override, status, locked_by, locked_at) VALUES (%s, %s, %s, %s, %s, %s, %s, %s)
2026-06-14 18:14:11,857 [INFO] sqlalchemy.engine.Engine: [cached since 6.742s ago] (2, datetime.date(2026, 6, 16), datetime.time(14, 30), datetime.time(15, 0), None, 'available', None, None)
2026-06-14 18:14:11,966 [INFO] sqlalchemy.engine.Engine: INSERT INTO venue_time_slots (venue_id, date, start_time, end_time, price_override, status, locked_by, locked_at) VALUES (%s, %s, %s, %s, %s, %s, %s, %s)
2026-06-14 18:14:11,967 [INFO] sqlalchemy.engine.Engine: [cached since 6.852s ago] (2, datetime.date(2026, 6, 16), datetime.time(15, 0), datetime.time(15, 30), None, 'available', None, None)
2026-06-14 18:14:12,063 [INFO] sqlalchemy.engine.Engine: INSERT INTO venue_time_slots (venue_id, date, start_time, end_time, price_override, status, locked_by, locked_at) VALUES (%s, %s, %s, %s, %s, %s, %s, %s)
2026-06-14 18:14:12,063 [INFO] sqlalchemy.engine.Engine: [cached since 6.948s ago] (2, datetime.date(2026, 6, 16), datetime.time(15, 30), datetime.time(16, 0), None, 'available', None, None)
2026-06-14 18:14:12,163 [INFO] sqlalchemy.engine.Engine: INSERT INTO venue_time_slots (venue_id, date, start_time, end_time, price_override, status, locked_by, locked_at) VALUES (%s, %s, %s, %s, %s, %s, %s, %s)
2026-06-14 18:14:12,164 [INFO] sqlalchemy.engine.Engine: [cached since 7.048s ago] (2, datetime.date(2026, 6, 16), datetime.time(16, 0), datetime.time(16, 30), None, 'available', None, None)
2026-06-14 18:14:12,272 [INFO] sqlalchemy.engine.Engine: INSERT INTO venue_time_slots (venue_id, date, start_time, end_time, price_override, status, locked_by, locked_at) VALUES (%s, %s, %s, %s, %s, %s, %s, %s)
2026-06-14 18:14:12,273 [INFO] sqlalchemy.engine.Engine: [cached since 7.158s ago] (2, datetime.date(2026, 6, 16), datetime.time(16, 30), datetime.time(17, 0), None, 'available', None, None)
2026-06-14 18:14:12,377 [INFO] sqlalchemy.engine.Engine: INSERT INTO venue_time_slots (venue_id, date, start_time, end_time, price_override, status, locked_by, locked_at) VALUES (%s, %s, %s, %s, %s, %s, %s, %s)
2026-06-14 18:14:12,377 [INFO] sqlalchemy.engine.Engine: [cached since 7.262s ago] (2, datetime.date(2026, 6, 16), datetime.time(17, 0), datetime.time(17, 30), None, 'available', None, None)
2026-06-14 18:14:12,478 [INFO] sqlalchemy.engine.Engine: INSERT INTO venue_time_slots (venue_id, date, start_time, end_time, price_override, status, locked_by, locked_at) VALUES (%s, %s, %s, %s, %s, %s, %s, %s)
2026-06-14 18:14:12,478 [INFO] sqlalchemy.engine.Engine: [cached since 7.363s ago] (2, datetime.date(2026, 6, 16), datetime.time(17, 30), datetime.time(18, 0), None, 'available', None, None)
2026-06-14 18:14:12,598 [INFO] sqlalchemy.engine.Engine: INSERT INTO venue_time_slots (venue_id, date, start_time, end_time, price_override, status, locked_by, locked_at) VALUES (%s, %s, %s, %s, %s, %s, %s, %s)
2026-06-14 18:14:12,598 [INFO] sqlalchemy.engine.Engine: [cached since 7.483s ago] (2, datetime.date(2026, 6, 16), datetime.time(18, 0), datetime.time(18, 30), None, 'available', None, None)
2026-06-14 18:14:12,672 [INFO] sqlalchemy.engine.Engine: INSERT INTO venue_time_slots (venue_id, date, start_time, end_time, price_override, status, locked_by, locked_at) VALUES (%s, %s, %s, %s, %s, %s, %s, %s)
2026-06-14 18:14:12,672 [INFO] sqlalchemy.engine.Engine: [cached since 7.557s ago] (2, datetime.date(2026, 6, 16), datetime.time(18, 30), datetime.time(19, 0), None, 'available', None, None)
2026-06-14 18:14:12,786 [INFO] sqlalchemy.engine.Engine: INSERT INTO venue_time_slots (venue_id, date, start_time, end_time, price_override, status, locked_by, locked_at) VALUES (%s, %s, %s, %s, %s, %s, %s, %s)
2026-06-14 18:14:12,787 [INFO] sqlalchemy.engine.Engine: [cached since 7.672s ago] (2, datetime.date(2026, 6, 16), datetime.time(19, 0), datetime.time(19, 30), None, 'available', None, None)
2026-06-14 18:14:12,979 [INFO] sqlalchemy.engine.Engine: INSERT INTO venue_time_slots (venue_id, date, start_time, end_time, price_override, status, locked_by, locked_at) VALUES (%s, %s, %s, %s, %s, %s, %s, %s)
2026-06-14 18:14:12,980 [INFO] sqlalchemy.engine.Engine: [cached since 7.865s ago] (2, datetime.date(2026, 6, 16), datetime.time(19, 30), datetime.time(20, 0), None, 'available', None, None)
2026-06-14 18:14:13,084 [INFO] sqlalchemy.engine.Engine: INSERT INTO venue_time_slots (venue_id, date, start_time, end_time, price_override, status, locked_by, locked_at) VALUES (%s, %s, %s, %s, %s, %s, %s, %s)
2026-06-14 18:14:13,084 [INFO] sqlalchemy.engine.Engine: [cached since 7.969s ago] (2, datetime.date(2026, 6, 16), datetime.time(20, 0), datetime.time(20, 30), None, 'available', None, None)
2026-06-14 18:14:13,191 [INFO] sqlalchemy.engine.Engine: INSERT INTO venue_time_slots (venue_id, date, start_time, end_time, price_override, status, locked_by, locked_at) VALUES (%s, %s, %s, %s, %s, %s, %s, %s)
2026-06-14 18:14:13,192 [INFO] sqlalchemy.engine.Engine: [cached since 8.077s ago] (2, datetime.date(2026, 6, 16), datetime.time(20, 30), datetime.time(21, 0), None, 'available', None, None)
2026-06-14 18:14:13,297 [INFO] sqlalchemy.engine.Engine: INSERT INTO venue_time_slots (venue_id, date, start_time, end_time, price_override, status, locked_by, locked_at) VALUES (%s, %s, %s, %s, %s, %s, %s, %s)
2026-06-14 18:14:13,297 [INFO] sqlalchemy.engine.Engine: [cached since 8.182s ago] (2, datetime.date(2026, 6, 16), datetime.time(21, 0), datetime.time(21, 30), None, 'available', None, None)
2026-06-14 18:14:13,389 [INFO] sqlalchemy.engine.Engine: INSERT INTO venue_time_slots (venue_id, date, start_time, end_time, price_override, status, locked_by, locked_at) VALUES (%s, %s, %s, %s, %s, %s, %s, %s)
2026-06-14 18:14:13,389 [INFO] sqlalchemy.engine.Engine: [cached since 8.274s ago] (2, datetime.date(2026, 6, 16), datetime.time(21, 30), datetime.time(22, 0), None, 'available', None, None)
2026-06-14 18:14:13,495 [INFO] sqlalchemy.engine.Engine: COMMIT
2026-06-14 18:14:13,697 [INFO] club-api: POST /api/v1/venues/with-club/12 → 200 (9009ms) body={"name":"1号网球场","price_per_hour":50,"open_time":"08:00","close_time":"22:00"}
2026-06-14 18:14:13,732 [INFO] sqlalchemy.engine.Engine: BEGIN (implicit)
2026-06-14 18:14:13,733 [INFO] sqlalchemy.engine.Engine: SELECT venues.id, venues.club_id, venues.name, venues.sport_type, venues.price_per_hour, venues.max_capacity, venues.open_time, venues.close_time, venues.cover_image, venues.status, venues.sort_order, venues.created_at 
FROM venues 
WHERE venues.club_id = %s ORDER BY venues.sort_order
2026-06-14 18:14:13,733 [INFO] sqlalchemy.engine.Engine: [cached since 19.26s ago] (12,)
2026-06-14 18:14:13,809 [INFO] sqlalchemy.engine.Engine: COMMIT
2026-06-14 18:14:14,003 [INFO] club-api: GET /api/v1/clubs/12/venues → 200 (272ms)
2026-06-14 18:14:21,260 [INFO] sqlalchemy.engine.Engine: BEGIN (implicit)
2026-06-14 18:14:21,261 [INFO] sqlalchemy.engine.Engine: SELECT clubs.id, clubs.name, clubs.sport_types, clubs.description, clubs.cover_image, clubs.images, clubs.address, clubs.latitude, clubs.longitude, clubs.contact_phone, clubs.split_ratio, clubs.sub_merchant_id, clubs.status, clubs.created_at, clubs.updated_at 
FROM clubs 
WHERE clubs.id = %s
2026-06-14 18:14:21,261 [INFO] sqlalchemy.engine.Engine: [cached since 33.97s ago] (12,)
2026-06-14 18:14:21,326 [INFO] sqlalchemy.engine.Engine: SELECT venues.id, venues.club_id, venues.name, venues.sport_type, venues.price_per_hour, venues.max_capacity, venues.open_time, venues.close_time, venues.cover_image, venues.status, venues.sort_order, venues.created_at 
FROM venues 
WHERE venues.club_id = %s
2026-06-14 18:14:21,326 [INFO] sqlalchemy.engine.Engine: [cached since 33.97s ago] (12,)
2026-06-14 18:14:21,396 [INFO] sqlalchemy.engine.Engine: COMMIT
2026-06-14 18:14:21,489 [INFO] club-api: GET /api/v1/clubs/12 → 200 (230ms)
2026-06-14 18:14:22,916 [INFO] sqlalchemy.engine.Engine: BEGIN (implicit)
2026-06-14 18:14:22,918 [INFO] sqlalchemy.engine.Engine: SELECT venues.id, venues.club_id, venues.name, venues.sport_type, venues.price_per_hour, venues.max_capacity, venues.open_time, venues.close_time, venues.cover_image, venues.status, venues.sort_order, venues.created_at 
FROM venues 
WHERE venues.id = %s
2026-06-14 18:14:22,918 [INFO] sqlalchemy.engine.Engine: [generated in 0.00029s] (2,)
2026-06-14 18:14:22,920 [INFO] sqlalchemy.engine.Engine: BEGIN (implicit)
2026-06-14 18:14:22,920 [INFO] sqlalchemy.engine.Engine: SELECT venues.id, venues.club_id, venues.name, venues.sport_type, venues.price_per_hour, venues.max_capacity, venues.open_time, venues.close_time, venues.cover_image, venues.status, venues.sort_order, venues.created_at 
FROM venues 
WHERE venues.id = %s
2026-06-14 18:14:22,920 [INFO] sqlalchemy.engine.Engine: [cached since 0.002862s ago] (2,)
2026-06-14 18:14:22,986 [INFO] sqlalchemy.engine.Engine: SELECT venue_time_slots.id, venue_time_slots.venue_id, venue_time_slots.date, venue_time_slots.start_time, venue_time_slots.end_time, venue_time_slots.price_override, venue_time_slots.status, venue_time_slots.locked_by, venue_time_slots.locked_at 
FROM venue_time_slots 
WHERE venue_time_slots.venue_id = %s AND venue_time_slots.date >= %s AND venue_time_slots.date <= %s ORDER BY venue_time_slots.date, venue_time_slots.start_time
2026-06-14 18:14:22,986 [INFO] sqlalchemy.engine.Engine: [generated in 0.00109s] (2, datetime.date(2026, 6, 14), datetime.date(2026, 6, 14))
2026-06-14 18:14:22,988 [INFO] sqlalchemy.engine.Engine: COMMIT
2026-06-14 18:14:23,046 [INFO] sqlalchemy.engine.Engine: COMMIT
2026-06-14 18:14:23,131 [INFO] club-api: GET /api/v1/venues/2 → 200 (212ms)
2026-06-14 18:14:23,185 [INFO] club-api: GET /api/v1/venues/2/slots → 200 (270ms)
2026-06-14 18:14:38,665 [INFO] sqlalchemy.engine.Engine: BEGIN (implicit)
2026-06-14 18:14:38,666 [INFO] sqlalchemy.engine.Engine: SELECT venues.id, venues.club_id, venues.name, venues.sport_type, venues.price_per_hour, venues.max_capacity, venues.open_time, venues.close_time, venues.cover_image, venues.status, venues.sort_order, venues.created_at 
FROM venues 
WHERE venues.id = %s
2026-06-14 18:14:38,666 [INFO] sqlalchemy.engine.Engine: [cached since 15.75s ago] (2,)
2026-06-14 18:14:38,734 [INFO] sqlalchemy.engine.Engine: COMMIT
2026-06-14 18:14:38,833 [INFO] club-api: GET /api/v1/venues/2 → 200 (169ms)
2026-06-14 18:14:41,444 [INFO] sqlalchemy.engine.Engine: BEGIN (implicit)
2026-06-14 18:14:41,444 [INFO] sqlalchemy.engine.Engine: SELECT users.id, users.openid, users.unionid, users.nickname, users.avatar_url, users.phone, users.`role`, users.created_at, users.updated_at 
FROM users 
WHERE users.id = %s
2026-06-14 18:14:41,445 [INFO] sqlalchemy.engine.Engine: [cached since 58s ago] (1,)
2026-06-14 18:14:41,627 [INFO] sqlalchemy.engine.Engine: SELECT venue_time_slots.id, venue_time_slots.venue_id, venue_time_slots.date, venue_time_slots.start_time, venue_time_slots.end_time, venue_time_slots.price_override, venue_time_slots.status, venue_time_slots.locked_by, venue_time_slots.locked_at 
FROM venue_time_slots 
WHERE venue_time_slots.id = %s
2026-06-14 18:14:41,627 [INFO] sqlalchemy.engine.Engine: [generated in 0.00059s] (2,)
2026-06-14 18:14:41,711 [INFO] sqlalchemy.engine.Engine: SELECT venue_time_slots.id, venue_time_slots.venue_id, venue_time_slots.date, venue_time_slots.start_time, venue_time_slots.end_time, venue_time_slots.price_override, venue_time_slots.status, venue_time_slots.locked_by, venue_time_slots.locked_at 
FROM venue_time_slots 
WHERE venue_time_slots.id = %s
2026-06-14 18:14:41,712 [INFO] sqlalchemy.engine.Engine: [cached since 0.08475s ago] (3,)
2026-06-14 18:14:41,776 [INFO] sqlalchemy.engine.Engine: SELECT venues.id, venues.club_id, venues.name, venues.sport_type, venues.price_per_hour, venues.max_capacity, venues.open_time, venues.close_time, venues.cover_image, venues.status, venues.sort_order, venues.created_at 
FROM venues 
WHERE venues.id = %s
2026-06-14 18:14:41,776 [INFO] sqlalchemy.engine.Engine: [cached since 18.86s ago] (2,)
2026-06-14 18:14:41,830 [INFO] sqlalchemy.engine.Engine: SELECT clubs.id, clubs.name, clubs.sport_types, clubs.description, clubs.cover_image, clubs.images, clubs.address, clubs.latitude, clubs.longitude, clubs.contact_phone, clubs.split_ratio, clubs.sub_merchant_id, clubs.status, clubs.created_at, clubs.updated_at 
FROM clubs 
WHERE clubs.id = %s
2026-06-14 18:14:41,831 [INFO] sqlalchemy.engine.Engine: [cached since 54.54s ago] (12,)
2026-06-14 18:14:42,195 [INFO] sqlalchemy.engine.Engine: UPDATE venue_time_slots SET status=%s, locked_by=%s, locked_at=%s WHERE venue_time_slots.id = %s
2026-06-14 18:14:42,195 [INFO] sqlalchemy.engine.Engine: [generated in 0.00072s] [('locked', 1, datetime.datetime(2026, 6, 14, 10, 14, 42, 186673), 2), ('locked', 1, datetime.datetime(2026, 6, 14, 10, 14, 42, 186733), 3)]
2026-06-14 18:14:42,305 [INFO] sqlalchemy.engine.Engine: INSERT INTO booking_orders (order_no, user_id, venue_id, slot_id, club_id, amount, status, payment_time, wx_transaction_id, cancel_reason, cancel_time, refund_amount, created_at) VALUES (%s, %s, %s, %s, %s, %s, %s, %s, %s, %s, %s, %s, %s)
2026-06-14 18:14:42,305 [INFO] sqlalchemy.engine.Engine: [generated in 0.00108s] ('20260614181442C334556F', 1, 2, 2, 12, Decimal('100.00'), 'pending', None, None, None, None, None, datetime.datetime(2026, 6, 14, 10, 14, 42, 304925))
2026-06-14 18:14:42,370 [INFO] sqlalchemy.engine.Engine: SELECT booking_orders.id, booking_orders.order_no, booking_orders.user_id, booking_orders.venue_id, booking_orders.slot_id, booking_orders.club_id, booking_orders.amount, booking_orders.status, booking_orders.payment_time, booking_orders.wx_transaction_id, booking_orders.cancel_reason, booking_orders.cancel_time, booking_orders.refund_amount, booking_orders.created_at 
FROM booking_orders 
WHERE booking_orders.id = %s
2026-06-14 18:14:42,371 [INFO] sqlalchemy.engine.Engine: [generated in 0.00101s] (1,)
2026-06-14 18:14:42,440 [INFO] sqlalchemy.engine.Engine: COMMIT
2026-06-14 18:14:42,591 [INFO] club-api: POST /api/v1/bookings → 200 (1151ms) body={"slot_id":2,"slot2_id":3}
2026-06-14 18:14:42,602 [INFO] sqlalchemy.engine.Engine: BEGIN (implicit)
2026-06-14 18:14:42,603 [INFO] sqlalchemy.engine.Engine: SELECT users.id, users.openid, users.unionid, users.nickname, users.avatar_url, users.phone, users.`role`, users.created_at, users.updated_at 
FROM users 
WHERE users.id = %s
2026-06-14 18:14:42,603 [INFO] sqlalchemy.engine.Engine: [cached since 59.16s ago] (1,)
2026-06-14 18:14:42,661 [INFO] sqlalchemy.engine.Engine: SELECT booking_orders.id, booking_orders.order_no, booking_orders.user_id, booking_orders.venue_id, booking_orders.slot_id, booking_orders.club_id, booking_orders.amount, booking_orders.status, booking_orders.payment_time, booking_orders.wx_transaction_id, booking_orders.cancel_reason, booking_orders.cancel_time, booking_orders.refund_amount, booking_orders.created_at 
FROM booking_orders 
WHERE booking_orders.id = %s
2026-06-14 18:14:42,661 [INFO] sqlalchemy.engine.Engine: [generated in 0.00028s] (1,)
2026-06-14 18:14:42,821 [INFO] sqlalchemy.engine.Engine: COMMIT
2026-06-14 18:14:42,925 [INFO] club-api: POST /api/v1/bookings/1/pay → 200 (325ms) body={}
2026-06-14 18:15:03,618 [INFO] sqlalchemy.engine.Engine: BEGIN (implicit)
2026-06-14 18:15:03,621 [INFO] sqlalchemy.engine.Engine: SELECT match_posts.id, match_posts.club_id, match_posts.user_id, match_posts.title, match_posts.sport_type, match_posts.preferred_date, match_posts.preferred_start, match_posts.preferred_end, match_posts.players_needed, match_posts.level_required, match_posts.notes, match_posts.venue_id, match_posts.booking_id, match_posts.group_chat_id, match_posts.status, match_posts.created_at, users.nickname, users.avatar_url, clubs.name, count(match_registrations.id) AS count_1 
FROM match_posts INNER JOIN users ON match_posts.user_id = users.id INNER JOIN clubs ON match_posts.club_id = clubs.id LEFT OUTER JOIN match_registrations ON match_registrations.post_id = match_posts.id 
WHERE match_posts.id = %s GROUP BY match_posts.id
2026-06-14 18:15:03,622 [INFO] sqlalchemy.engine.Engine: [generated in 0.00039s] (2,)
2026-06-14 18:15:03,780 [INFO] sqlalchemy.engine.Engine: SELECT match_registrations.id, match_registrations.post_id, match_registrations.user_id, match_registrations.message, match_registrations.status, users.nickname, users.avatar_url 
FROM match_registrations INNER JOIN users ON match_registrations.user_id = users.id 
WHERE match_registrations.post_id = %s ORDER BY match_registrations.id
2026-06-14 18:15:03,781 [INFO] sqlalchemy.engine.Engine: [generated in 0.00079s] (2,)
2026-06-14 18:15:03,855 [INFO] sqlalchemy.engine.Engine: COMMIT
2026-06-14 18:15:03,991 [INFO] club-api: GET /api/v1/posts/2 → 200 (374ms)
2026-06-14 18:15:12,451 [INFO] sqlalchemy.engine.Engine: BEGIN (implicit)
2026-06-14 18:15:12,452 [INFO] sqlalchemy.engine.Engine: SELECT match_posts.id, match_posts.club_id, match_posts.user_id, match_posts.title, match_posts.sport_type, match_posts.preferred_date, match_posts.preferred_start, match_posts.preferred_end, match_posts.players_needed, match_posts.level_required, match_posts.notes, match_posts.venue_id, match_posts.booking_id, match_posts.group_chat_id, match_posts.status, match_posts.created_at, users.nickname, users.avatar_url, clubs.name, count(match_registrations.id) AS count_1 
FROM match_posts INNER JOIN users ON match_posts.user_id = users.id INNER JOIN clubs ON match_posts.club_id = clubs.id LEFT OUTER JOIN match_registrations ON match_registrations.post_id = match_posts.id 
WHERE match_posts.id = %s GROUP BY match_posts.id
2026-06-14 18:15:12,452 [INFO] sqlalchemy.engine.Engine: [cached since 8.83s ago] (1,)
2026-06-14 18:15:12,593 [INFO] sqlalchemy.engine.Engine: SELECT match_registrations.id, match_registrations.post_id, match_registrations.user_id, match_registrations.message, match_registrations.status, users.nickname, users.avatar_url 
FROM match_registrations INNER JOIN users ON match_registrations.user_id = users.id 
WHERE match_registrations.post_id = %s ORDER BY match_registrations.id
2026-06-14 18:15:12,594 [INFO] sqlalchemy.engine.Engine: [cached since 8.814s ago] (1,)
2026-06-14 18:15:12,683 [INFO] sqlalchemy.engine.Engine: COMMIT
2026-06-14 18:15:12,896 [INFO] club-api: GET /api/v1/posts/1 → 200 (446ms)
2026-06-14 18:15:56,023 [INFO] sqlalchemy.engine.Engine: BEGIN (implicit)
2026-06-14 18:15:56,024 [INFO] sqlalchemy.engine.Engine: SELECT users.id, users.openid, users.unionid, users.nickname, users.avatar_url, users.phone, users.`role`, users.created_at, users.updated_at 
FROM users 
WHERE users.id = %s
2026-06-14 18:15:56,024 [INFO] sqlalchemy.engine.Engine: [cached since 132.6s ago] (1,)
2026-06-14 18:15:56,094 [INFO] sqlalchemy.engine.Engine: SELECT club_members.club_id 
FROM club_members 
WHERE club_members.user_id = %s
2026-06-14 18:15:56,095 [INFO] sqlalchemy.engine.Engine: [cached since 132.6s ago] (1,)
2026-06-14 18:15:56,143 [INFO] sqlalchemy.engine.Engine: COMMIT
2026-06-14 18:15:56,265 [INFO] club-api: GET /api/v1/users/me → 200 (243ms)
2026-06-14 18:15:56,275 [INFO] sqlalchemy.engine.Engine: BEGIN (implicit)
2026-06-14 18:15:56,276 [INFO] sqlalchemy.engine.Engine: SELECT venues.id, venues.club_id, venues.name, venues.sport_type, venues.price_per_hour, venues.max_capacity, venues.open_time, venues.close_time, venues.cover_image, venues.status, venues.sort_order, venues.created_at 
FROM venues 
WHERE venues.club_id = %s ORDER BY venues.sort_order
2026-06-14 18:15:56,276 [INFO] sqlalchemy.engine.Engine: [cached since 121.8s ago] (12,)
2026-06-14 18:15:56,340 [INFO] sqlalchemy.engine.Engine: COMMIT
2026-06-14 18:15:56,464 [INFO] club-api: GET /api/v1/clubs/12/venues → 200 (190ms)
2026-06-14 18:18:28,193 [INFO] sqlalchemy.engine.Engine: BEGIN (implicit)
2026-06-14 18:18:28,194 [INFO] sqlalchemy.engine.Engine: SELECT users.id, users.openid, users.unionid, users.nickname, users.avatar_url, users.phone, users.`role`, users.created_at, users.updated_at 
FROM users 
WHERE users.id = %s
2026-06-14 18:18:28,195 [INFO] sqlalchemy.engine.Engine: [cached since 284.7s ago] (1,)
2026-06-14 18:18:28,199 [INFO] sqlalchemy.engine.Engine: BEGIN (implicit)
2026-06-14 18:18:28,199 [INFO] sqlalchemy.engine.Engine: SELECT count(match_posts.id) AS count_1 
FROM match_posts
2026-06-14 18:18:28,200 [INFO] sqlalchemy.engine.Engine: [cached since 284.5s ago] ()
2026-06-14 18:18:28,202 [INFO] sqlalchemy.engine.Engine: BEGIN (implicit)
2026-06-14 18:18:28,203 [INFO] sqlalchemy.engine.Engine: SELECT count(tournaments.id) AS count_1 
FROM tournaments 
WHERE tournaments.status = %s
2026-06-14 18:18:28,203 [INFO] sqlalchemy.engine.Engine: [cached since 284.4s ago] ('open',)
2026-06-14 18:18:28,288 [INFO] sqlalchemy.engine.Engine: SELECT match_posts.id, match_posts.club_id, match_posts.user_id, match_posts.title, match_posts.sport_type, match_posts.preferred_date, match_posts.preferred_start, match_posts.preferred_end, match_posts.players_needed, match_posts.level_required, match_posts.notes, match_posts.venue_id, match_posts.booking_id, match_posts.group_chat_id, match_posts.status, match_posts.created_at, users.nickname, users.avatar_url, clubs.name, count(match_registrations.id) AS count_1 
FROM match_posts INNER JOIN users ON match_posts.user_id = users.id INNER JOIN clubs ON match_posts.club_id = clubs.id LEFT OUTER JOIN match_registrations ON match_registrations.post_id = match_posts.id GROUP BY match_posts.id ORDER BY match_posts.created_at DESC 
 LIMIT %s, %s
2026-06-14 18:18:28,288 [INFO] sqlalchemy.engine.Engine: [cached since 284.5s ago] (0, 10)
2026-06-14 18:18:28,291 [INFO] sqlalchemy.engine.Engine: SELECT club_members.club_id 
FROM club_members 
WHERE club_members.user_id = %s
2026-06-14 18:18:28,291 [INFO] sqlalchemy.engine.Engine: [cached since 284.8s ago] (1,)
2026-06-14 18:18:28,293 [INFO] sqlalchemy.engine.Engine: SELECT tournaments.id, tournaments.club_id, tournaments.title, tournaments.description, tournaments.sport_type, tournaments.start_time, tournaments.end_time, tournaments.venue_id, tournaments.lock_venue, tournaments.max_participants, tournaments.current_participants, tournaments.entry_fee, tournaments.cover_image, tournaments.group_chat_id, tournaments.status, tournaments.created_at, clubs.name 
FROM tournaments INNER JOIN clubs ON tournaments.club_id = clubs.id 
WHERE tournaments.status = %s ORDER BY tournaments.start_time 
 LIMIT %s, %s
2026-06-14 18:18:28,293 [INFO] sqlalchemy.engine.Engine: [cached since 284.5s ago] ('open', 0, 5)
2026-06-14 18:18:28,390 [INFO] sqlalchemy.engine.Engine: COMMIT
2026-06-14 18:18:28,393 [INFO] sqlalchemy.engine.Engine: COMMIT
2026-06-14 18:18:28,394 [INFO] sqlalchemy.engine.Engine: COMMIT
2026-06-14 18:18:28,580 [INFO] club-api: GET /api/v1/posts → 200 (384ms)
2026-06-14 18:18:28,583 [INFO] club-api: GET /api/v1/tournaments → 200 (382ms)
2026-06-14 18:18:28,583 [INFO] club-api: GET /api/v1/users/me → 200 (414ms)
2026-06-14 18:18:35,996 [INFO] sqlalchemy.engine.Engine: BEGIN (implicit)
2026-06-14 18:18:35,997 [INFO] sqlalchemy.engine.Engine: SELECT count(clubs.id) AS count_1 
FROM clubs 
WHERE clubs.status = %s
2026-06-14 18:18:35,997 [INFO] sqlalchemy.engine.Engine: [cached since 290.5s ago] ('active',)
2026-06-14 18:18:36,158 [INFO] sqlalchemy.engine.Engine: SELECT clubs.id, clubs.name, clubs.sport_types, clubs.description, clubs.cover_image, clubs.images, clubs.address, clubs.latitude, clubs.longitude, clubs.contact_phone, clubs.split_ratio, clubs.sub_merchant_id, clubs.status, clubs.created_at, clubs.updated_at 
FROM clubs 
WHERE clubs.status = %s ORDER BY clubs.id DESC 
 LIMIT %s, %s
2026-06-14 18:18:36,159 [INFO] sqlalchemy.engine.Engine: [cached since 290.5s ago] ('active', 0, 50)
2026-06-14 18:18:36,265 [INFO] sqlalchemy.engine.Engine: COMMIT
2026-06-14 18:18:36,477 [INFO] club-api: GET /api/v1/clubs → 200 (482ms)
2026-06-14 18:18:59,709 [INFO] sqlalchemy.engine.Engine: SELECT DATABASE()
2026-06-14 18:18:59,709 [INFO] sqlalchemy.engine.Engine: [raw sql] ()
2026-06-14 18:18:59,860 [INFO] sqlalchemy.engine.Engine: SELECT @@sql_mode
2026-06-14 18:18:59,861 [INFO] sqlalchemy.engine.Engine: [raw sql] ()
2026-06-14 18:18:59,914 [INFO] sqlalchemy.engine.Engine: SELECT @@lower_case_table_names
2026-06-14 18:18:59,914 [INFO] sqlalchemy.engine.Engine: [raw sql] ()
2026-06-14 18:19:00,118 [INFO] sqlalchemy.engine.Engine: BEGIN (implicit)
2026-06-14 18:19:00,119 [INFO] sqlalchemy.engine.Engine: DESCRIBE `club_db`.`users`
2026-06-14 18:19:00,119 [INFO] sqlalchemy.engine.Engine: [raw sql] ()
2026-06-14 18:19:00,238 [INFO] sqlalchemy.engine.Engine: DESCRIBE `club_db`.`clubs`
2026-06-14 18:19:00,239 [INFO] sqlalchemy.engine.Engine: [raw sql] ()
2026-06-14 18:19:00,323 [INFO] sqlalchemy.engine.Engine: DESCRIBE `club_db`.`club_members`
2026-06-14 18:19:00,324 [INFO] sqlalchemy.engine.Engine: [raw sql] ()
2026-06-14 18:19:00,442 [INFO] sqlalchemy.engine.Engine: DESCRIBE `club_db`.`venues`
2026-06-14 18:19:00,443 [INFO] sqlalchemy.engine.Engine: [raw sql] ()
2026-06-14 18:19:00,529 [INFO] sqlalchemy.engine.Engine: DESCRIBE `club_db`.`venue_time_slots`
2026-06-14 18:19:00,530 [INFO] sqlalchemy.engine.Engine: [raw sql] ()
2026-06-14 18:19:00,631 [INFO] sqlalchemy.engine.Engine: DESCRIBE `club_db`.`booking_orders`
2026-06-14 18:19:00,631 [INFO] sqlalchemy.engine.Engine: [raw sql] ()
2026-06-14 18:19:00,680 [INFO] sqlalchemy.engine.Engine: DESCRIBE `club_db`.`settlement_records`
2026-06-14 18:19:00,680 [INFO] sqlalchemy.engine.Engine: [raw sql] ()
2026-06-14 18:19:00,733 [INFO] sqlalchemy.engine.Engine: DESCRIBE `club_db`.`match_posts`
2026-06-14 18:19:00,733 [INFO] sqlalchemy.engine.Engine: [raw sql] ()
2026-06-14 18:19:00,838 [INFO] sqlalchemy.engine.Engine: DESCRIBE `club_db`.`match_registrations`
2026-06-14 18:19:00,839 [INFO] sqlalchemy.engine.Engine: [raw sql] ()
2026-06-14 18:19:00,938 [INFO] sqlalchemy.engine.Engine: DESCRIBE `club_db`.`tournaments`
2026-06-14 18:19:00,939 [INFO] sqlalchemy.engine.Engine: [raw sql] ()
2026-06-14 18:19:01,047 [INFO] sqlalchemy.engine.Engine: DESCRIBE `club_db`.`tournament_registrations`
2026-06-14 18:19:01,048 [INFO] sqlalchemy.engine.Engine: [raw sql] ()
2026-06-14 18:19:01,098 [INFO] sqlalchemy.engine.Engine: DESCRIBE `club_db`.`notifications`
2026-06-14 18:19:01,099 [INFO] sqlalchemy.engine.Engine: [raw sql] ()
2026-06-14 18:19:01,260 [INFO] sqlalchemy.engine.Engine: COMMIT
2026-06-14 18:19:01,449 [INFO] club-api: Database tables created/verified
2026-06-14 18:19:30,533 [INFO] sqlalchemy.engine.Engine: SELECT DATABASE()
2026-06-14 18:19:30,534 [INFO] sqlalchemy.engine.Engine: [raw sql] ()
2026-06-14 18:19:30,736 [INFO] sqlalchemy.engine.Engine: SELECT @@sql_mode
2026-06-14 18:19:30,737 [INFO] sqlalchemy.engine.Engine: [raw sql] ()
2026-06-14 18:19:30,839 [INFO] sqlalchemy.engine.Engine: SELECT @@lower_case_table_names
2026-06-14 18:19:30,840 [INFO] sqlalchemy.engine.Engine: [raw sql] ()
2026-06-14 18:19:31,045 [INFO] sqlalchemy.engine.Engine: BEGIN (implicit)
2026-06-14 18:19:31,046 [INFO] sqlalchemy.engine.Engine: DESCRIBE `club_db`.`users`
2026-06-14 18:19:31,046 [INFO] sqlalchemy.engine.Engine: [raw sql] ()
2026-06-14 18:19:31,100 [INFO] sqlalchemy.engine.Engine: DESCRIBE `club_db`.`clubs`
2026-06-14 18:19:31,101 [INFO] sqlalchemy.engine.Engine: [raw sql] ()
2026-06-14 18:19:31,189 [INFO] sqlalchemy.engine.Engine: DESCRIBE `club_db`.`club_members`
2026-06-14 18:19:31,189 [INFO] sqlalchemy.engine.Engine: [raw sql] ()
2026-06-14 18:19:31,260 [INFO] sqlalchemy.engine.Engine: DESCRIBE `club_db`.`venues`
2026-06-14 18:19:31,260 [INFO] sqlalchemy.engine.Engine: [raw sql] ()
2026-06-14 18:19:31,366 [INFO] sqlalchemy.engine.Engine: DESCRIBE `club_db`.`venue_time_slots`
2026-06-14 18:19:31,367 [INFO] sqlalchemy.engine.Engine: [raw sql] ()
2026-06-14 18:19:31,455 [INFO] sqlalchemy.engine.Engine: DESCRIBE `club_db`.`booking_orders`
2026-06-14 18:19:31,455 [INFO] sqlalchemy.engine.Engine: [raw sql] ()
2026-06-14 18:19:31,557 [INFO] sqlalchemy.engine.Engine: DESCRIBE `club_db`.`settlement_records`
2026-06-14 18:19:31,557 [INFO] sqlalchemy.engine.Engine: [raw sql] ()
2026-06-14 18:19:31,673 [INFO] sqlalchemy.engine.Engine: DESCRIBE `club_db`.`match_posts`
2026-06-14 18:19:31,673 [INFO] sqlalchemy.engine.Engine: [raw sql] ()
2026-06-14 18:19:31,789 [INFO] sqlalchemy.engine.Engine: DESCRIBE `club_db`.`match_registrations`
2026-06-14 18:19:31,789 [INFO] sqlalchemy.engine.Engine: [raw sql] ()
2026-06-14 18:19:31,870 [INFO] sqlalchemy.engine.Engine: DESCRIBE `club_db`.`tournaments`
2026-06-14 18:19:31,871 [INFO] sqlalchemy.engine.Engine: [raw sql] ()
2026-06-14 18:19:31,965 [INFO] sqlalchemy.engine.Engine: DESCRIBE `club_db`.`tournament_registrations`
2026-06-14 18:19:31,966 [INFO] sqlalchemy.engine.Engine: [raw sql] ()
2026-06-14 18:19:32,069 [INFO] sqlalchemy.engine.Engine: DESCRIBE `club_db`.`notifications`
2026-06-14 18:19:32,069 [INFO] sqlalchemy.engine.Engine: [raw sql] ()
2026-06-14 18:19:32,177 [INFO] sqlalchemy.engine.Engine: COMMIT
2026-06-14 18:19:32,379 [INFO] club-api: Database tables created/verified
2026-06-14 18:19:40,151 [INFO] sqlalchemy.engine.Engine: BEGIN (implicit)
2026-06-14 18:19:40,193 [INFO] sqlalchemy.engine.Engine: SELECT users.id, users.openid, users.unionid, users.nickname, users.avatar_url, users.phone, users.`role`, users.created_at, users.updated_at 
FROM users 
WHERE users.id = %s
2026-06-14 18:19:40,193 [INFO] sqlalchemy.engine.Engine: [generated in 0.00031s] (1,)
2026-06-14 18:19:40,364 [INFO] sqlalchemy.engine.Engine: SELECT club_members.club_id 
FROM club_members 
WHERE club_members.user_id = %s
2026-06-14 18:19:40,365 [INFO] sqlalchemy.engine.Engine: [generated in 0.00050s] (1,)
2026-06-14 18:19:40,467 [INFO] sqlalchemy.engine.Engine: COMMIT
2026-06-14 18:19:40,668 [INFO] sqlalchemy.engine.Engine: BEGIN (implicit)
2026-06-14 18:19:40,671 [INFO] sqlalchemy.engine.Engine: SELECT count(match_posts.id) AS count_1 
FROM match_posts
2026-06-14 18:19:40,671 [INFO] sqlalchemy.engine.Engine: [generated in 0.00064s] ()
2026-06-14 18:19:40,673 [INFO] club-api: GET /api/v1/users/me → 200 (528ms)
2026-06-14 18:19:40,679 [INFO] sqlalchemy.engine.Engine: BEGIN (implicit)
2026-06-14 18:19:40,682 [INFO] sqlalchemy.engine.Engine: SELECT count(tournaments.id) AS count_1 
FROM tournaments 
WHERE tournaments.status = %s
2026-06-14 18:19:40,682 [INFO] sqlalchemy.engine.Engine: [generated in 0.00064s] ('open',)
2026-06-14 18:19:40,783 [INFO] sqlalchemy.engine.Engine: SELECT match_posts.id, match_posts.club_id, match_posts.user_id, match_posts.title, match_posts.sport_type, match_posts.preferred_date, match_posts.preferred_start, match_posts.preferred_end, match_posts.players_needed, match_posts.level_required, match_posts.notes, match_posts.venue_id, match_posts.booking_id, match_posts.group_chat_id, match_posts.status, match_posts.created_at, users.nickname, users.avatar_url, clubs.name, count(match_registrations.id) AS count_1 
FROM match_posts INNER JOIN users ON match_posts.user_id = users.id INNER JOIN clubs ON match_posts.club_id = clubs.id LEFT OUTER JOIN match_registrations ON match_registrations.post_id = match_posts.id GROUP BY match_posts.id ORDER BY match_posts.created_at DESC 
 LIMIT %s, %s
2026-06-14 18:19:40,783 [INFO] sqlalchemy.engine.Engine: [generated in 0.00064s] (0, 10)
2026-06-14 18:19:40,789 [INFO] sqlalchemy.engine.Engine: SELECT tournaments.id, tournaments.club_id, tournaments.title, tournaments.description, tournaments.sport_type, tournaments.start_time, tournaments.end_time, tournaments.venue_id, tournaments.lock_venue, tournaments.max_participants, tournaments.current_participants, tournaments.entry_fee, tournaments.cover_image, tournaments.group_chat_id, tournaments.status, tournaments.created_at, clubs.name 
FROM tournaments INNER JOIN clubs ON tournaments.club_id = clubs.id 
WHERE tournaments.status = %s ORDER BY tournaments.start_time 
 LIMIT %s, %s
2026-06-14 18:19:40,789 [INFO] sqlalchemy.engine.Engine: [generated in 0.00054s] ('open', 0, 5)
2026-06-14 18:19:40,891 [INFO] sqlalchemy.engine.Engine: COMMIT
2026-06-14 18:19:40,895 [INFO] sqlalchemy.engine.Engine: COMMIT
2026-06-14 18:19:41,088 [INFO] club-api: GET /api/v1/posts → 200 (894ms)
2026-06-14 18:19:41,090 [INFO] club-api: GET /api/v1/tournaments → 200 (894ms)
2026-06-14 18:19:43,231 [INFO] sqlalchemy.engine.Engine: BEGIN (implicit)
2026-06-14 18:19:43,233 [INFO] sqlalchemy.engine.Engine: SELECT count(clubs.id) AS count_1 
FROM clubs 
WHERE clubs.status = %s
2026-06-14 18:19:43,233 [INFO] sqlalchemy.engine.Engine: [generated in 0.00061s] ('active',)
2026-06-14 18:19:43,348 [INFO] sqlalchemy.engine.Engine: SELECT clubs.id, clubs.name, clubs.sport_types, clubs.description, clubs.cover_image, clubs.images, clubs.address, clubs.latitude, clubs.longitude, clubs.contact_phone, clubs.split_ratio, clubs.sub_merchant_id, clubs.status, clubs.created_at, clubs.updated_at 
FROM clubs 
WHERE clubs.status = %s ORDER BY clubs.id DESC 
 LIMIT %s, %s
2026-06-14 18:19:43,348 [INFO] sqlalchemy.engine.Engine: [generated in 0.00103s] ('active', 0, 20)
2026-06-14 18:19:43,440 [INFO] sqlalchemy.engine.Engine: COMMIT
2026-06-14 18:19:43,605 [INFO] club-api: GET /api/v1/clubs → 200 (375ms)
2026-06-14 18:19:44,885 [INFO] sqlalchemy.engine.Engine: BEGIN (implicit)
2026-06-14 18:19:44,886 [INFO] sqlalchemy.engine.Engine: SELECT clubs.id, clubs.name, clubs.sport_types, clubs.description, clubs.cover_image, clubs.images, clubs.address, clubs.latitude, clubs.longitude, clubs.contact_phone, clubs.split_ratio, clubs.sub_merchant_id, clubs.status, clubs.created_at, clubs.updated_at 
FROM clubs 
WHERE clubs.id = %s
2026-06-14 18:19:44,887 [INFO] sqlalchemy.engine.Engine: [generated in 0.00042s] (12,)
2026-06-14 18:19:44,993 [INFO] sqlalchemy.engine.Engine: SELECT venues.id, venues.club_id, venues.name, venues.sport_type, venues.price_per_hour, venues.max_capacity, venues.open_time, venues.close_time, venues.cover_image, venues.status, venues.sort_order, venues.created_at 
FROM venues 
WHERE venues.club_id = %s
2026-06-14 18:19:44,994 [INFO] sqlalchemy.engine.Engine: [generated in 0.00086s] (12,)
2026-06-14 18:19:45,092 [INFO] sqlalchemy.engine.Engine: COMMIT
2026-06-14 18:19:45,220 [INFO] club-api: GET /api/v1/clubs/12 → 200 (337ms)
2026-06-14 18:19:46,507 [INFO] sqlalchemy.engine.Engine: BEGIN (implicit)
2026-06-14 18:19:46,509 [INFO] sqlalchemy.engine.Engine: SELECT venues.id, venues.club_id, venues.name, venues.sport_type, venues.price_per_hour, venues.max_capacity, venues.open_time, venues.close_time, venues.cover_image, venues.status, venues.sort_order, venues.created_at 
FROM venues 
WHERE venues.id = %s
2026-06-14 18:19:46,509 [INFO] sqlalchemy.engine.Engine: [generated in 0.00034s] (2,)
2026-06-14 18:19:46,511 [INFO] sqlalchemy.engine.Engine: BEGIN (implicit)
2026-06-14 18:19:46,511 [INFO] sqlalchemy.engine.Engine: SELECT venues.id, venues.club_id, venues.name, venues.sport_type, venues.price_per_hour, venues.max_capacity, venues.open_time, venues.close_time, venues.cover_image, venues.status, venues.sort_order, venues.created_at 
FROM venues 
WHERE venues.id = %s
2026-06-14 18:19:46,511 [INFO] sqlalchemy.engine.Engine: [cached since 0.00284s ago] (2,)
2026-06-14 18:19:46,625 [INFO] sqlalchemy.engine.Engine: SELECT venue_time_slots.id, venue_time_slots.venue_id, venue_time_slots.date, venue_time_slots.start_time, venue_time_slots.end_time, venue_time_slots.price_override, venue_time_slots.status, venue_time_slots.locked_by, venue_time_slots.locked_at 
FROM venue_time_slots 
WHERE venue_time_slots.venue_id = %s AND venue_time_slots.date >= %s AND venue_time_slots.date <= %s ORDER BY venue_time_slots.date, venue_time_slots.start_time
2026-06-14 18:19:46,625 [INFO] sqlalchemy.engine.Engine: [generated in 0.00101s] (2, datetime.date(2026, 6, 14), datetime.date(2026, 6, 14))
2026-06-14 18:19:46,628 [INFO] sqlalchemy.engine.Engine: COMMIT
2026-06-14 18:19:46,720 [INFO] sqlalchemy.engine.Engine: COMMIT
2026-06-14 18:19:46,814 [INFO] club-api: GET /api/v1/venues/2 → 200 (304ms)
2026-06-14 18:19:46,920 [INFO] club-api: GET /api/v1/venues/2/slots → 200 (415ms)
2026-06-14 18:21:36,078 [INFO] sqlalchemy.engine.Engine: BEGIN (implicit)
2026-06-14 18:21:36,079 [INFO] sqlalchemy.engine.Engine: SELECT users.id, users.openid, users.unionid, users.nickname, users.avatar_url, users.phone, users.`role`, users.created_at, users.updated_at 
FROM users 
WHERE users.id = %s
2026-06-14 18:21:36,079 [INFO] sqlalchemy.engine.Engine: [cached since 115.9s ago] (1,)
2026-06-14 18:21:37,026 [INFO] sqlalchemy.engine.Engine: SELECT club_members.club_id 
FROM club_members 
WHERE club_members.user_id = %s
2026-06-14 18:21:37,027 [INFO] sqlalchemy.engine.Engine: [cached since 116.7s ago] (1,)
2026-06-14 18:21:37,423 [INFO] sqlalchemy.engine.Engine: COMMIT
2026-06-14 18:21:37,503 [INFO] club-api: GET /api/v1/users/me → 200 (1427ms)
2026-06-14 18:21:37,514 [INFO] sqlalchemy.engine.Engine: BEGIN (implicit)
2026-06-14 18:21:37,515 [INFO] sqlalchemy.engine.Engine: SELECT clubs.id, clubs.name, clubs.sport_types, clubs.description, clubs.cover_image, clubs.images, clubs.address, clubs.latitude, clubs.longitude, clubs.contact_phone, clubs.split_ratio, clubs.sub_merchant_id, clubs.status, clubs.created_at, clubs.updated_at 
FROM clubs 
WHERE clubs.id = %s
2026-06-14 18:21:37,515 [INFO] sqlalchemy.engine.Engine: [cached since 112.6s ago] (12,)
2026-06-14 18:21:37,519 [INFO] sqlalchemy.engine.Engine: BEGIN (implicit)
2026-06-14 18:21:37,519 [INFO] sqlalchemy.engine.Engine: SELECT users.id, users.openid, users.unionid, users.nickname, users.avatar_url, users.phone, users.`role`, users.created_at, users.updated_at 
FROM users 
WHERE users.id = %s
2026-06-14 18:21:37,519 [INFO] sqlalchemy.engine.Engine: [cached since 117.3s ago] (1,)
2026-06-14 18:21:37,588 [INFO] sqlalchemy.engine.Engine: SELECT venues.id, venues.club_id, venues.name, venues.sport_type, venues.price_per_hour, venues.max_capacity, venues.open_time, venues.close_time, venues.cover_image, venues.status, venues.sort_order, venues.created_at 
FROM venues 
WHERE venues.club_id = %s
2026-06-14 18:21:37,588 [INFO] sqlalchemy.engine.Engine: [cached since 112.6s ago] (12,)
2026-06-14 18:21:37,595 [INFO] sqlalchemy.engine.Engine: SELECT club_members.id, club_members.club_id, club_members.user_id, club_members.`role` 
FROM club_members 
WHERE club_members.club_id = %s AND club_members.user_id = %s
2026-06-14 18:21:37,595 [INFO] sqlalchemy.engine.Engine: [generated in 0.00088s] (12, 1)
2026-06-14 18:21:37,644 [INFO] sqlalchemy.engine.Engine: COMMIT
2026-06-14 18:21:37,663 [INFO] sqlalchemy.engine.Engine: SELECT count(venues.id) AS count_1 
FROM venues 
WHERE venues.club_id = %s
2026-06-14 18:21:37,663 [INFO] sqlalchemy.engine.Engine: [generated in 0.00135s] (12,)
2026-06-14 18:21:37,736 [INFO] sqlalchemy.engine.Engine: SELECT count(booking_orders.id) AS count_1 
FROM booking_orders 
WHERE booking_orders.club_id = %s
2026-06-14 18:21:37,737 [INFO] sqlalchemy.engine.Engine: [generated in 0.00078s] (12,)
2026-06-14 18:21:37,774 [INFO] club-api: GET /api/v1/clubs/12 → 200 (261ms)
2026-06-14 18:21:37,815 [INFO] sqlalchemy.engine.Engine: SELECT coalesce(sum(booking_orders.amount), %s) AS coalesce_1 
FROM booking_orders 
WHERE booking_orders.club_id = %s AND booking_orders.status IN (%s, %s)
2026-06-14 18:21:37,815 [INFO] sqlalchemy.engine.Engine: [generated in 0.00132s] (0, 12, 'paid', 'completed')
2026-06-14 18:21:37,890 [INFO] sqlalchemy.engine.Engine: SELECT count(booking_orders.id) AS count_1 
FROM booking_orders 
WHERE booking_orders.club_id = %s AND date(booking_orders.created_at) = %s
2026-06-14 18:21:37,891 [INFO] sqlalchemy.engine.Engine: [generated in 0.00118s] (12, datetime.date(2026, 6, 14))
2026-06-14 18:21:37,943 [INFO] sqlalchemy.engine.Engine: SELECT coalesce(sum(booking_orders.amount), %s) AS coalesce_1 
FROM booking_orders 
WHERE booking_orders.club_id = %s AND date(booking_orders.created_at) = %s AND booking_orders.status IN (%s, %s)
2026-06-14 18:21:37,943 [INFO] sqlalchemy.engine.Engine: [generated in 0.00119s] (0, 12, datetime.date(2026, 6, 14), 'paid', 'completed')
2026-06-14 18:21:37,999 [INFO] sqlalchemy.engine.Engine: COMMIT
2026-06-14 18:21:38,090 [INFO] club-api: GET /api/v1/clubs/12/stats → 200 (573ms)
2026-06-14 18:21:49,613 [INFO] sqlalchemy.engine.Engine: SELECT DATABASE()
2026-06-14 18:21:49,614 [INFO] sqlalchemy.engine.Engine: [raw sql] ()
2026-06-14 18:21:49,722 [INFO] sqlalchemy.engine.Engine: SELECT @@sql_mode
2026-06-14 18:21:49,722 [INFO] sqlalchemy.engine.Engine: [raw sql] ()
2026-06-14 18:21:49,772 [INFO] sqlalchemy.engine.Engine: SELECT @@lower_case_table_names
2026-06-14 18:21:49,773 [INFO] sqlalchemy.engine.Engine: [raw sql] ()
2026-06-14 18:21:49,913 [INFO] sqlalchemy.engine.Engine: BEGIN (implicit)
2026-06-14 18:21:49,915 [INFO] sqlalchemy.engine.Engine: DESCRIBE `club_db`.`users`
2026-06-14 18:21:49,916 [INFO] sqlalchemy.engine.Engine: [raw sql] ()
2026-06-14 18:21:49,969 [INFO] sqlalchemy.engine.Engine: DESCRIBE `club_db`.`clubs`
2026-06-14 18:21:49,969 [INFO] sqlalchemy.engine.Engine: [raw sql] ()
2026-06-14 18:21:50,017 [INFO] sqlalchemy.engine.Engine: DESCRIBE `club_db`.`club_members`
2026-06-14 18:21:50,017 [INFO] sqlalchemy.engine.Engine: [raw sql] ()
2026-06-14 18:21:50,068 [INFO] sqlalchemy.engine.Engine: DESCRIBE `club_db`.`venues`
2026-06-14 18:21:50,068 [INFO] sqlalchemy.engine.Engine: [raw sql] ()
2026-06-14 18:21:50,124 [INFO] sqlalchemy.engine.Engine: DESCRIBE `club_db`.`venue_time_slots`
2026-06-14 18:21:50,124 [INFO] sqlalchemy.engine.Engine: [raw sql] ()
2026-06-14 18:21:50,170 [INFO] sqlalchemy.engine.Engine: DESCRIBE `club_db`.`booking_orders`
2026-06-14 18:21:50,171 [INFO] sqlalchemy.engine.Engine: [raw sql] ()
2026-06-14 18:21:50,215 [INFO] sqlalchemy.engine.Engine: DESCRIBE `club_db`.`settlement_records`
2026-06-14 18:21:50,216 [INFO] sqlalchemy.engine.Engine: [raw sql] ()
2026-06-14 18:21:50,261 [INFO] sqlalchemy.engine.Engine: DESCRIBE `club_db`.`match_posts`
2026-06-14 18:21:50,262 [INFO] sqlalchemy.engine.Engine: [raw sql] ()
2026-06-14 18:21:50,304 [INFO] sqlalchemy.engine.Engine: DESCRIBE `club_db`.`match_registrations`
2026-06-14 18:21:50,305 [INFO] sqlalchemy.engine.Engine: [raw sql] ()
2026-06-14 18:21:50,343 [INFO] sqlalchemy.engine.Engine: DESCRIBE `club_db`.`tournaments`
2026-06-14 18:21:50,343 [INFO] sqlalchemy.engine.Engine: [raw sql] ()
2026-06-14 18:21:50,404 [INFO] sqlalchemy.engine.Engine: DESCRIBE `club_db`.`tournament_registrations`
2026-06-14 18:21:50,405 [INFO] sqlalchemy.engine.Engine: [raw sql] ()
2026-06-14 18:21:50,484 [INFO] sqlalchemy.engine.Engine: DESCRIBE `club_db`.`notifications`
2026-06-14 18:21:50,485 [INFO] sqlalchemy.engine.Engine: [raw sql] ()
2026-06-14 18:21:50,536 [INFO] sqlalchemy.engine.Engine: COMMIT
2026-06-14 18:21:50,656 [INFO] club-api: Database tables created/verified
2026-06-14 18:22:07,861 [INFO] sqlalchemy.engine.Engine: BEGIN (implicit)
2026-06-14 18:22:07,903 [INFO] sqlalchemy.engine.Engine: SELECT users.id, users.openid, users.unionid, users.nickname, users.avatar_url, users.phone, users.`role`, users.created_at, users.updated_at 
FROM users 
WHERE users.id = %s
2026-06-14 18:22:07,903 [INFO] sqlalchemy.engine.Engine: [generated in 0.00025s] (1,)
2026-06-14 18:22:07,944 [INFO] sqlalchemy.engine.Engine: SELECT club_members.club_id 
FROM club_members 
WHERE club_members.user_id = %s
2026-06-14 18:22:07,945 [INFO] sqlalchemy.engine.Engine: [generated in 0.00018s] (1,)
2026-06-14 18:22:07,990 [INFO] sqlalchemy.engine.Engine: COMMIT
2026-06-14 18:22:08,093 [INFO] club-api: GET /api/v1/users/me → 200 (239ms)
2026-06-14 18:22:08,133 [INFO] sqlalchemy.engine.Engine: BEGIN (implicit)
2026-06-14 18:22:08,135 [INFO] sqlalchemy.engine.Engine: SELECT count(tournaments.id) AS count_1 
FROM tournaments 
WHERE tournaments.status = %s
2026-06-14 18:22:08,136 [INFO] sqlalchemy.engine.Engine: [generated in 0.00050s] ('open',)
2026-06-14 18:22:08,136 [INFO] sqlalchemy.engine.Engine: BEGIN (implicit)
2026-06-14 18:22:08,138 [INFO] sqlalchemy.engine.Engine: SELECT count(match_posts.id) AS count_1 
FROM match_posts
2026-06-14 18:22:08,138 [INFO] sqlalchemy.engine.Engine: [generated in 0.00035s] ()
2026-06-14 18:22:08,208 [INFO] sqlalchemy.engine.Engine: SELECT tournaments.id, tournaments.club_id, tournaments.title, tournaments.description, tournaments.sport_type, tournaments.start_time, tournaments.end_time, tournaments.venue_id, tournaments.lock_venue, tournaments.max_participants, tournaments.current_participants, tournaments.entry_fee, tournaments.cover_image, tournaments.group_chat_id, tournaments.status, tournaments.created_at, clubs.name 
FROM tournaments INNER JOIN clubs ON tournaments.club_id = clubs.id 
WHERE tournaments.status = %s ORDER BY tournaments.start_time 
 LIMIT %s, %s
2026-06-14 18:22:08,208 [INFO] sqlalchemy.engine.Engine: [generated in 0.00092s] ('open', 0, 5)
2026-06-14 18:22:08,217 [INFO] sqlalchemy.engine.Engine: SELECT match_posts.id, match_posts.club_id, match_posts.user_id, match_posts.title, match_posts.sport_type, match_posts.preferred_date, match_posts.preferred_start, match_posts.preferred_end, match_posts.players_needed, match_posts.level_required, match_posts.notes, match_posts.venue_id, match_posts.booking_id, match_posts.group_chat_id, match_posts.status, match_posts.created_at, users.nickname, users.avatar_url, clubs.name, count(match_registrations.id) AS count_1 
FROM match_posts INNER JOIN users ON match_posts.user_id = users.id INNER JOIN clubs ON match_posts.club_id = clubs.id LEFT OUTER JOIN match_registrations ON match_registrations.post_id = match_posts.id GROUP BY match_posts.id ORDER BY match_posts.created_at DESC 
 LIMIT %s, %s
2026-06-14 18:22:08,217 [INFO] sqlalchemy.engine.Engine: [generated in 0.00079s] (0, 10)
2026-06-14 18:22:08,265 [INFO] sqlalchemy.engine.Engine: COMMIT
2026-06-14 18:22:08,308 [INFO] sqlalchemy.engine.Engine: COMMIT
2026-06-14 18:22:08,363 [INFO] club-api: GET /api/v1/tournaments → 200 (457ms)
2026-06-14 18:22:08,412 [INFO] club-api: GET /api/v1/posts → 200 (507ms)
2026-06-14 18:23:02,485 [INFO] sqlalchemy.engine.Engine: BEGIN (implicit)
2026-06-14 18:23:02,486 [INFO] sqlalchemy.engine.Engine: SELECT users.id, users.openid, users.unionid, users.nickname, users.avatar_url, users.phone, users.`role`, users.created_at, users.updated_at 
FROM users 
WHERE users.id = %s
2026-06-14 18:23:02,486 [INFO] sqlalchemy.engine.Engine: [cached since 54.58s ago] (1,)
2026-06-14 18:23:02,516 [INFO] sqlalchemy.engine.Engine: BEGIN (implicit)
2026-06-14 18:23:02,517 [INFO] sqlalchemy.engine.Engine: SELECT count(match_posts.id) AS count_1 
FROM match_posts
2026-06-14 18:23:02,517 [INFO] sqlalchemy.engine.Engine: [cached since 54.38s ago] ()
2026-06-14 18:23:02,519 [INFO] sqlalchemy.engine.Engine: BEGIN (implicit)
2026-06-14 18:23:02,519 [INFO] sqlalchemy.engine.Engine: SELECT count(tournaments.id) AS count_1 
FROM tournaments 
WHERE tournaments.status = %s
2026-06-14 18:23:02,520 [INFO] sqlalchemy.engine.Engine: [cached since 54.38s ago] ('open',)
2026-06-14 18:23:02,630 [INFO] sqlalchemy.engine.Engine: SELECT club_members.club_id 
FROM club_members 
WHERE club_members.user_id = %s
2026-06-14 18:23:02,631 [INFO] sqlalchemy.engine.Engine: [cached since 54.68s ago] (1,)
2026-06-14 18:23:02,705 [INFO] sqlalchemy.engine.Engine: SELECT match_posts.id, match_posts.club_id, match_posts.user_id, match_posts.title, match_posts.sport_type, match_posts.preferred_date, match_posts.preferred_start, match_posts.preferred_end, match_posts.players_needed, match_posts.level_required, match_posts.notes, match_posts.venue_id, match_posts.booking_id, match_posts.group_chat_id, match_posts.status, match_posts.created_at, users.nickname, users.avatar_url, clubs.name, count(match_registrations.id) AS count_1 
FROM match_posts INNER JOIN users ON match_posts.user_id = users.id INNER JOIN clubs ON match_posts.club_id = clubs.id LEFT OUTER JOIN match_registrations ON match_registrations.post_id = match_posts.id GROUP BY match_posts.id ORDER BY match_posts.created_at DESC 
 LIMIT %s, %s
2026-06-14 18:23:02,705 [INFO] sqlalchemy.engine.Engine: [cached since 54.49s ago] (0, 10)
2026-06-14 18:23:02,707 [INFO] sqlalchemy.engine.Engine: SELECT tournaments.id, tournaments.club_id, tournaments.title, tournaments.description, tournaments.sport_type, tournaments.start_time, tournaments.end_time, tournaments.venue_id, tournaments.lock_venue, tournaments.max_participants, tournaments.current_participants, tournaments.entry_fee, tournaments.cover_image, tournaments.group_chat_id, tournaments.status, tournaments.created_at, clubs.name 
FROM tournaments INNER JOIN clubs ON tournaments.club_id = clubs.id 
WHERE tournaments.status = %s ORDER BY tournaments.start_time 
 LIMIT %s, %s
2026-06-14 18:23:02,707 [INFO] sqlalchemy.engine.Engine: [cached since 54.5s ago] ('open', 0, 5)
2026-06-14 18:23:02,708 [INFO] sqlalchemy.engine.Engine: COMMIT
2026-06-14 18:23:02,818 [INFO] sqlalchemy.engine.Engine: COMMIT
2026-06-14 18:23:02,819 [INFO] sqlalchemy.engine.Engine: COMMIT
2026-06-14 18:23:02,923 [INFO] club-api: GET /api/v1/users/me → 200 (441ms)
2026-06-14 18:23:03,037 [INFO] club-api: GET /api/v1/tournaments → 200 (519ms)
2026-06-14 18:23:03,038 [INFO] club-api: GET /api/v1/posts → 200 (523ms)
2026-06-14 18:23:05,111 [INFO] sqlalchemy.engine.Engine: BEGIN (implicit)
2026-06-14 18:23:05,112 [INFO] sqlalchemy.engine.Engine: SELECT count(clubs.id) AS count_1 
FROM clubs 
WHERE clubs.status = %s
2026-06-14 18:23:05,113 [INFO] sqlalchemy.engine.Engine: [generated in 0.00039s] ('active',)
2026-06-14 18:23:05,256 [INFO] sqlalchemy.engine.Engine: SELECT clubs.id, clubs.name, clubs.sport_types, clubs.description, clubs.cover_image, clubs.images, clubs.address, clubs.latitude, clubs.longitude, clubs.contact_phone, clubs.split_ratio, clubs.sub_merchant_id, clubs.status, clubs.created_at, clubs.updated_at 
FROM clubs 
WHERE clubs.status = %s ORDER BY clubs.id DESC 
 LIMIT %s, %s
2026-06-14 18:23:05,257 [INFO] sqlalchemy.engine.Engine: [generated in 0.00108s] ('active', 0, 20)
2026-06-14 18:23:05,306 [INFO] sqlalchemy.engine.Engine: COMMIT
2026-06-14 18:23:05,482 [INFO] club-api: GET /api/v1/clubs → 200 (373ms)
2026-06-14 18:23:07,027 [INFO] sqlalchemy.engine.Engine: BEGIN (implicit)
2026-06-14 18:23:07,029 [INFO] sqlalchemy.engine.Engine: SELECT clubs.id, clubs.name, clubs.sport_types, clubs.description, clubs.cover_image, clubs.images, clubs.address, clubs.latitude, clubs.longitude, clubs.contact_phone, clubs.split_ratio, clubs.sub_merchant_id, clubs.status, clubs.created_at, clubs.updated_at 
FROM clubs 
WHERE clubs.id = %s
2026-06-14 18:23:07,030 [INFO] sqlalchemy.engine.Engine: [generated in 0.00047s] (12,)
2026-06-14 18:23:07,130 [INFO] sqlalchemy.engine.Engine: SELECT venues.id, venues.club_id, venues.name, venues.sport_type, venues.price_per_hour, venues.max_capacity, venues.open_time, venues.close_time, venues.cover_image, venues.status, venues.sort_order, venues.created_at 
FROM venues 
WHERE venues.club_id = %s
2026-06-14 18:23:07,130 [INFO] sqlalchemy.engine.Engine: [generated in 0.00074s] (12,)
2026-06-14 18:23:07,232 [INFO] sqlalchemy.engine.Engine: COMMIT
2026-06-14 18:23:07,423 [INFO] club-api: GET /api/v1/clubs/12 → 200 (397ms)
2026-06-14 18:23:08,796 [INFO] sqlalchemy.engine.Engine: BEGIN (implicit)
2026-06-14 18:23:08,797 [INFO] sqlalchemy.engine.Engine: SELECT venues.id, venues.club_id, venues.name, venues.sport_type, venues.price_per_hour, venues.max_capacity, venues.open_time, venues.close_time, venues.cover_image, venues.status, venues.sort_order, venues.created_at 
FROM venues 
WHERE venues.id = %s
2026-06-14 18:23:08,798 [INFO] sqlalchemy.engine.Engine: [generated in 0.00035s] (2,)
2026-06-14 18:23:08,799 [INFO] sqlalchemy.engine.Engine: BEGIN (implicit)
2026-06-14 18:23:08,800 [INFO] sqlalchemy.engine.Engine: SELECT venues.id, venues.club_id, venues.name, venues.sport_type, venues.price_per_hour, venues.max_capacity, venues.open_time, venues.close_time, venues.cover_image, venues.status, venues.sort_order, venues.created_at 
FROM venues 
WHERE venues.id = %s
2026-06-14 18:23:08,800 [INFO] sqlalchemy.engine.Engine: [cached since 0.002604s ago] (2,)
2026-06-14 18:23:08,967 [INFO] sqlalchemy.engine.Engine: SELECT venue_time_slots.id, venue_time_slots.venue_id, venue_time_slots.date, venue_time_slots.start_time, venue_time_slots.end_time, venue_time_slots.price_override, venue_time_slots.status, venue_time_slots.locked_by, venue_time_slots.locked_at 
FROM venue_time_slots 
WHERE venue_time_slots.venue_id = %s AND venue_time_slots.date >= %s AND venue_time_slots.date <= %s ORDER BY venue_time_slots.date, venue_time_slots.start_time
2026-06-14 18:23:08,968 [INFO] sqlalchemy.engine.Engine: [generated in 0.00095s] (2, datetime.date(2026, 6, 14), datetime.date(2026, 6, 14))
2026-06-14 18:23:08,970 [INFO] sqlalchemy.engine.Engine: COMMIT
2026-06-14 18:23:09,069 [INFO] sqlalchemy.engine.Engine: COMMIT
2026-06-14 18:23:09,170 [INFO] club-api: GET /api/v1/venues/2 → 200 (375ms)
2026-06-14 18:23:09,268 [INFO] club-api: GET /api/v1/venues/2/slots → 200 (474ms)
2026-06-14 18:27:22,719 [INFO] sqlalchemy.engine.Engine: BEGIN (implicit)
2026-06-14 18:27:22,720 [INFO] sqlalchemy.engine.Engine: SELECT users.id, users.openid, users.unionid, users.nickname, users.avatar_url, users.phone, users.`role`, users.created_at, users.updated_at 
FROM users 
WHERE users.id = %s
2026-06-14 18:27:22,721 [INFO] sqlalchemy.engine.Engine: [cached since 314.8s ago] (1,)
2026-06-14 18:27:22,748 [INFO] sqlalchemy.engine.Engine: BEGIN (implicit)
2026-06-14 18:27:22,748 [INFO] sqlalchemy.engine.Engine: SELECT count(match_posts.id) AS count_1 
FROM match_posts
2026-06-14 18:27:22,748 [INFO] sqlalchemy.engine.Engine: [cached since 314.6s ago] ()
2026-06-14 18:27:22,750 [INFO] sqlalchemy.engine.Engine: BEGIN (implicit)
2026-06-14 18:27:22,751 [INFO] sqlalchemy.engine.Engine: SELECT count(tournaments.id) AS count_1 
FROM tournaments 
WHERE tournaments.status = %s
2026-06-14 18:27:22,751 [INFO] sqlalchemy.engine.Engine: [cached since 314.6s ago] ('open',)
2026-06-14 18:27:22,835 [INFO] sqlalchemy.engine.Engine: SELECT club_members.club_id 
FROM club_members 
WHERE club_members.user_id = %s
2026-06-14 18:27:22,836 [INFO] sqlalchemy.engine.Engine: [cached since 314.9s ago] (1,)
2026-06-14 18:27:22,837 [INFO] sqlalchemy.engine.Engine: SELECT match_posts.id, match_posts.club_id, match_posts.user_id, match_posts.title, match_posts.sport_type, match_posts.preferred_date, match_posts.preferred_start, match_posts.preferred_end, match_posts.players_needed, match_posts.level_required, match_posts.notes, match_posts.venue_id, match_posts.booking_id, match_posts.group_chat_id, match_posts.status, match_posts.created_at, users.nickname, users.avatar_url, clubs.name, count(match_registrations.id) AS count_1 
FROM match_posts INNER JOIN users ON match_posts.user_id = users.id INNER JOIN clubs ON match_posts.club_id = clubs.id LEFT OUTER JOIN match_registrations ON match_registrations.post_id = match_posts.id GROUP BY match_posts.id ORDER BY match_posts.created_at DESC 
 LIMIT %s, %s
2026-06-14 18:27:22,837 [INFO] sqlalchemy.engine.Engine: [cached since 314.6s ago] (0, 10)
2026-06-14 18:27:22,838 [INFO] sqlalchemy.engine.Engine: SELECT tournaments.id, tournaments.club_id, tournaments.title, tournaments.description, tournaments.sport_type, tournaments.start_time, tournaments.end_time, tournaments.venue_id, tournaments.lock_venue, tournaments.max_participants, tournaments.current_participants, tournaments.entry_fee, tournaments.cover_image, tournaments.group_chat_id, tournaments.status, tournaments.created_at, clubs.name 
FROM tournaments INNER JOIN clubs ON tournaments.club_id = clubs.id 
WHERE tournaments.status = %s ORDER BY tournaments.start_time 
 LIMIT %s, %s
2026-06-14 18:27:22,838 [INFO] sqlalchemy.engine.Engine: [cached since 314.6s ago] ('open', 0, 5)
2026-06-14 18:27:22,933 [INFO] sqlalchemy.engine.Engine: COMMIT
2026-06-14 18:27:22,936 [INFO] sqlalchemy.engine.Engine: COMMIT
2026-06-14 18:27:22,939 [INFO] sqlalchemy.engine.Engine: COMMIT
2026-06-14 18:27:23,123 [INFO] club-api: GET /api/v1/users/me → 200 (406ms)
2026-06-14 18:27:23,125 [INFO] club-api: GET /api/v1/tournaments → 200 (376ms)
2026-06-14 18:27:23,126 [INFO] club-api: GET /api/v1/posts → 200 (381ms)
2026-06-14 18:27:42,352 [INFO] sqlalchemy.engine.Engine: BEGIN (implicit)
2026-06-14 18:27:42,354 [INFO] sqlalchemy.engine.Engine: SELECT venues.id, venues.club_id, venues.name, venues.sport_type, venues.price_per_hour, venues.max_capacity, venues.open_time, venues.close_time, venues.cover_image, venues.status, venues.sort_order, venues.created_at 
FROM venues 
WHERE venues.id = %s
2026-06-14 18:27:42,354 [INFO] sqlalchemy.engine.Engine: [cached since 273.5s ago] (2,)
2026-06-14 18:27:42,480 [INFO] sqlalchemy.engine.Engine: SELECT venue_time_slots.id, venue_time_slots.venue_id, venue_time_slots.date, venue_time_slots.start_time, venue_time_slots.end_time, venue_time_slots.price_override, venue_time_slots.status, venue_time_slots.locked_by, venue_time_slots.locked_at 
FROM venue_time_slots 
WHERE venue_time_slots.venue_id = %s AND venue_time_slots.date >= %s AND venue_time_slots.date <= %s ORDER BY venue_time_slots.date, venue_time_slots.start_time
2026-06-14 18:27:42,480 [INFO] sqlalchemy.engine.Engine: [cached since 273.5s ago] (2, datetime.date(2026, 6, 14), datetime.date(2026, 6, 14))
2026-06-14 18:27:42,581 [INFO] sqlalchemy.engine.Engine: COMMIT
2026-06-14 18:27:42,730 [INFO] club-api: GET /api/v1/venues/2/slots → 200 (382ms)
2026-06-14 18:28:03,224 [INFO] sqlalchemy.engine.Engine: BEGIN (implicit)
2026-06-14 18:28:03,225 [INFO] sqlalchemy.engine.Engine: SELECT users.id, users.openid, users.unionid, users.nickname, users.avatar_url, users.phone, users.`role`, users.created_at, users.updated_at 
FROM users 
WHERE users.id = %s
2026-06-14 18:28:03,225 [INFO] sqlalchemy.engine.Engine: [cached since 355.3s ago] (1,)
2026-06-14 18:28:03,256 [INFO] sqlalchemy.engine.Engine: BEGIN (implicit)
2026-06-14 18:28:03,256 [INFO] sqlalchemy.engine.Engine: SELECT count(match_posts.id) AS count_1 
FROM match_posts
2026-06-14 18:28:03,256 [INFO] sqlalchemy.engine.Engine: [cached since 355.1s ago] ()
2026-06-14 18:28:03,259 [INFO] sqlalchemy.engine.Engine: BEGIN (implicit)
2026-06-14 18:28:03,260 [INFO] sqlalchemy.engine.Engine: SELECT count(tournaments.id) AS count_1 
FROM tournaments 
WHERE tournaments.status = %s
2026-06-14 18:28:03,260 [INFO] sqlalchemy.engine.Engine: [cached since 355.1s ago] ('open',)
2026-06-14 18:28:03,290 [INFO] sqlalchemy.engine.Engine: SELECT club_members.club_id 
FROM club_members 
WHERE club_members.user_id = %s
2026-06-14 18:28:03,291 [INFO] sqlalchemy.engine.Engine: [cached since 355.3s ago] (1,)
2026-06-14 18:28:03,348 [INFO] sqlalchemy.engine.Engine: SELECT match_posts.id, match_posts.club_id, match_posts.user_id, match_posts.title, match_posts.sport_type, match_posts.preferred_date, match_posts.preferred_start, match_posts.preferred_end, match_posts.players_needed, match_posts.level_required, match_posts.notes, match_posts.venue_id, match_posts.booking_id, match_posts.group_chat_id, match_posts.status, match_posts.created_at, users.nickname, users.avatar_url, clubs.name, count(match_registrations.id) AS count_1 
FROM match_posts INNER JOIN users ON match_posts.user_id = users.id INNER JOIN clubs ON match_posts.club_id = clubs.id LEFT OUTER JOIN match_registrations ON match_registrations.post_id = match_posts.id GROUP BY match_posts.id ORDER BY match_posts.created_at DESC 
 LIMIT %s, %s
2026-06-14 18:28:03,349 [INFO] sqlalchemy.engine.Engine: [cached since 355.1s ago] (0, 10)
2026-06-14 18:28:03,350 [INFO] sqlalchemy.engine.Engine: SELECT tournaments.id, tournaments.club_id, tournaments.title, tournaments.description, tournaments.sport_type, tournaments.start_time, tournaments.end_time, tournaments.venue_id, tournaments.lock_venue, tournaments.max_participants, tournaments.current_participants, tournaments.entry_fee, tournaments.cover_image, tournaments.group_chat_id, tournaments.status, tournaments.created_at, clubs.name 
FROM tournaments INNER JOIN clubs ON tournaments.club_id = clubs.id 
WHERE tournaments.status = %s ORDER BY tournaments.start_time 
 LIMIT %s, %s
2026-06-14 18:28:03,350 [INFO] sqlalchemy.engine.Engine: [cached since 355.1s ago] ('open', 0, 5)
2026-06-14 18:28:03,355 [INFO] sqlalchemy.engine.Engine: COMMIT
2026-06-14 18:28:03,401 [INFO] sqlalchemy.engine.Engine: COMMIT
2026-06-14 18:28:03,404 [INFO] sqlalchemy.engine.Engine: COMMIT
2026-06-14 18:28:03,468 [INFO] club-api: GET /api/v1/users/me → 200 (246ms)
2026-06-14 18:28:03,527 [INFO] club-api: GET /api/v1/posts → 200 (273ms)
2026-06-14 18:28:03,528 [INFO] club-api: GET /api/v1/tournaments → 200 (271ms)
2026-06-14 18:28:05,502 [INFO] sqlalchemy.engine.Engine: BEGIN (implicit)
2026-06-14 18:28:05,503 [INFO] sqlalchemy.engine.Engine: SELECT count(clubs.id) AS count_1 
FROM clubs 
WHERE clubs.status = %s
2026-06-14 18:28:05,503 [INFO] sqlalchemy.engine.Engine: [cached since 300.4s ago] ('active',)
2026-06-14 18:28:05,548 [INFO] sqlalchemy.engine.Engine: SELECT clubs.id, clubs.name, clubs.sport_types, clubs.description, clubs.cover_image, clubs.images, clubs.address, clubs.latitude, clubs.longitude, clubs.contact_phone, clubs.split_ratio, clubs.sub_merchant_id, clubs.status, clubs.created_at, clubs.updated_at 
FROM clubs 
WHERE clubs.status = %s ORDER BY clubs.id DESC 
 LIMIT %s, %s
2026-06-14 18:28:05,549 [INFO] sqlalchemy.engine.Engine: [cached since 300.3s ago] ('active', 0, 20)
2026-06-14 18:28:05,712 [INFO] sqlalchemy.engine.Engine: COMMIT
2026-06-14 18:28:05,795 [INFO] club-api: GET /api/v1/clubs → 200 (295ms)
2026-06-14 18:28:07,279 [INFO] sqlalchemy.engine.Engine: BEGIN (implicit)
2026-06-14 18:28:07,279 [INFO] sqlalchemy.engine.Engine: SELECT clubs.id, clubs.name, clubs.sport_types, clubs.description, clubs.cover_image, clubs.images, clubs.address, clubs.latitude, clubs.longitude, clubs.contact_phone, clubs.split_ratio, clubs.sub_merchant_id, clubs.status, clubs.created_at, clubs.updated_at 
FROM clubs 
WHERE clubs.id = %s
2026-06-14 18:28:07,279 [INFO] sqlalchemy.engine.Engine: [cached since 300.4s ago] (12,)
2026-06-14 18:28:07,350 [INFO] sqlalchemy.engine.Engine: SELECT venues.id, venues.club_id, venues.name, venues.sport_type, venues.price_per_hour, venues.max_capacity, venues.open_time, venues.close_time, venues.cover_image, venues.status, venues.sort_order, venues.created_at 
FROM venues 
WHERE venues.club_id = %s
2026-06-14 18:28:07,350 [INFO] sqlalchemy.engine.Engine: [cached since 300.3s ago] (12,)
2026-06-14 18:28:07,401 [INFO] sqlalchemy.engine.Engine: COMMIT
2026-06-14 18:28:07,501 [INFO] club-api: GET /api/v1/clubs/12 → 200 (224ms)
2026-06-14 18:28:09,065 [INFO] sqlalchemy.engine.Engine: BEGIN (implicit)
2026-06-14 18:28:09,066 [INFO] sqlalchemy.engine.Engine: SELECT venues.id, venues.club_id, venues.name, venues.sport_type, venues.price_per_hour, venues.max_capacity, venues.open_time, venues.close_time, venues.cover_image, venues.status, venues.sort_order, venues.created_at 
FROM venues 
WHERE venues.id = %s
2026-06-14 18:28:09,066 [INFO] sqlalchemy.engine.Engine: [cached since 300.4s ago] (2,)
2026-06-14 18:28:09,068 [INFO] sqlalchemy.engine.Engine: BEGIN (implicit)
2026-06-14 18:28:09,068 [INFO] sqlalchemy.engine.Engine: SELECT venues.id, venues.club_id, venues.name, venues.sport_type, venues.price_per_hour, venues.max_capacity, venues.open_time, venues.close_time, venues.cover_image, venues.status, venues.sort_order, venues.created_at 
FROM venues 
WHERE venues.id = %s
2026-06-14 18:28:09,068 [INFO] sqlalchemy.engine.Engine: [cached since 300.4s ago] (2,)
2026-06-14 18:28:09,123 [INFO] sqlalchemy.engine.Engine: COMMIT
2026-06-14 18:28:09,127 [INFO] sqlalchemy.engine.Engine: SELECT venue_time_slots.id, venue_time_slots.venue_id, venue_time_slots.date, venue_time_slots.start_time, venue_time_slots.end_time, venue_time_slots.price_override, venue_time_slots.status, venue_time_slots.locked_by, venue_time_slots.locked_at 
FROM venue_time_slots 
WHERE venue_time_slots.venue_id = %s AND venue_time_slots.date >= %s AND venue_time_slots.date <= %s ORDER BY venue_time_slots.date, venue_time_slots.start_time
2026-06-14 18:28:09,127 [INFO] sqlalchemy.engine.Engine: [cached since 300.3s ago] (2, datetime.date(2026, 6, 14), datetime.date(2026, 6, 14))
2026-06-14 18:28:09,183 [INFO] sqlalchemy.engine.Engine: COMMIT
2026-06-14 18:28:09,243 [INFO] club-api: GET /api/v1/venues/2 → 200 (176ms)
2026-06-14 18:28:09,291 [INFO] club-api: GET /api/v1/venues/2/slots → 200 (227ms)
2026-06-14 18:31:21,195 [INFO] sqlalchemy.engine.Engine: BEGIN (implicit)
2026-06-14 18:31:21,196 [INFO] sqlalchemy.engine.Engine: SELECT users.id, users.openid, users.unionid, users.nickname, users.avatar_url, users.phone, users.`role`, users.created_at, users.updated_at 
FROM users 
WHERE users.id = %s
2026-06-14 18:31:21,196 [INFO] sqlalchemy.engine.Engine: [cached since 553.4s ago] (1,)
2026-06-14 18:31:21,228 [INFO] sqlalchemy.engine.Engine: BEGIN (implicit)
2026-06-14 18:31:21,228 [INFO] sqlalchemy.engine.Engine: SELECT count(match_posts.id) AS count_1 
FROM match_posts
2026-06-14 18:31:21,228 [INFO] sqlalchemy.engine.Engine: [cached since 553.2s ago] ()
2026-06-14 18:31:21,231 [INFO] sqlalchemy.engine.Engine: BEGIN (implicit)
2026-06-14 18:31:21,231 [INFO] sqlalchemy.engine.Engine: SELECT count(tournaments.id) AS count_1 
FROM tournaments 
WHERE tournaments.status = %s
2026-06-14 18:31:21,231 [INFO] sqlalchemy.engine.Engine: [cached since 553.2s ago] ('open',)
2026-06-14 18:31:21,303 [INFO] sqlalchemy.engine.Engine: SELECT club_members.club_id 
FROM club_members 
WHERE club_members.user_id = %s
2026-06-14 18:31:21,304 [INFO] sqlalchemy.engine.Engine: [cached since 553.5s ago] (1,)
2026-06-14 18:31:21,390 [INFO] sqlalchemy.engine.Engine: SELECT match_posts.id, match_posts.club_id, match_posts.user_id, match_posts.title, match_posts.sport_type, match_posts.preferred_date, match_posts.preferred_start, match_posts.preferred_end, match_posts.players_needed, match_posts.level_required, match_posts.notes, match_posts.venue_id, match_posts.booking_id, match_posts.group_chat_id, match_posts.status, match_posts.created_at, users.nickname, users.avatar_url, clubs.name, count(match_registrations.id) AS count_1 
FROM match_posts INNER JOIN users ON match_posts.user_id = users.id INNER JOIN clubs ON match_posts.club_id = clubs.id LEFT OUTER JOIN match_registrations ON match_registrations.post_id = match_posts.id GROUP BY match_posts.id ORDER BY match_posts.created_at DESC 
 LIMIT %s, %s
2026-06-14 18:31:21,390 [INFO] sqlalchemy.engine.Engine: [cached since 553.3s ago] (0, 10)
2026-06-14 18:31:21,391 [INFO] sqlalchemy.engine.Engine: COMMIT
2026-06-14 18:31:21,391 [INFO] sqlalchemy.engine.Engine: SELECT tournaments.id, tournaments.club_id, tournaments.title, tournaments.description, tournaments.sport_type, tournaments.start_time, tournaments.end_time, tournaments.venue_id, tournaments.lock_venue, tournaments.max_participants, tournaments.current_participants, tournaments.entry_fee, tournaments.cover_image, tournaments.group_chat_id, tournaments.status, tournaments.created_at, clubs.name 
FROM tournaments INNER JOIN clubs ON tournaments.club_id = clubs.id 
WHERE tournaments.status = %s ORDER BY tournaments.start_time 
 LIMIT %s, %s
2026-06-14 18:31:21,392 [INFO] sqlalchemy.engine.Engine: [cached since 553.3s ago] ('open', 0, 5)
2026-06-14 18:31:21,506 [INFO] sqlalchemy.engine.Engine: COMMIT
2026-06-14 18:31:21,509 [INFO] sqlalchemy.engine.Engine: COMMIT
2026-06-14 18:31:21,595 [INFO] club-api: GET /api/v1/users/me → 200 (402ms)
2026-06-14 18:31:21,695 [INFO] club-api: GET /api/v1/posts → 200 (469ms)
2026-06-14 18:31:21,696 [INFO] club-api: GET /api/v1/tournaments → 200 (467ms)
2026-06-14 18:31:28,808 [INFO] sqlalchemy.engine.Engine: BEGIN (implicit)
2026-06-14 18:31:28,809 [INFO] sqlalchemy.engine.Engine: SELECT count(clubs.id) AS count_1 
FROM clubs 
WHERE clubs.status = %s
2026-06-14 18:31:28,809 [INFO] sqlalchemy.engine.Engine: [cached since 503.8s ago] ('active',)
2026-06-14 18:31:28,945 [INFO] sqlalchemy.engine.Engine: SELECT clubs.id, clubs.name, clubs.sport_types, clubs.description, clubs.cover_image, clubs.images, clubs.address, clubs.latitude, clubs.longitude, clubs.contact_phone, clubs.split_ratio, clubs.sub_merchant_id, clubs.status, clubs.created_at, clubs.updated_at 
FROM clubs 
WHERE clubs.status = %s ORDER BY clubs.id DESC 
 LIMIT %s, %s
2026-06-14 18:31:28,946 [INFO] sqlalchemy.engine.Engine: [cached since 503.8s ago] ('active', 0, 20)
2026-06-14 18:31:29,090 [INFO] sqlalchemy.engine.Engine: COMMIT
2026-06-14 18:31:29,317 [INFO] club-api: GET /api/v1/clubs → 200 (510ms)
2026-06-14 18:31:30,240 [INFO] sqlalchemy.engine.Engine: BEGIN (implicit)
2026-06-14 18:31:30,240 [INFO] sqlalchemy.engine.Engine: SELECT clubs.id, clubs.name, clubs.sport_types, clubs.description, clubs.cover_image, clubs.images, clubs.address, clubs.latitude, clubs.longitude, clubs.contact_phone, clubs.split_ratio, clubs.sub_merchant_id, clubs.status, clubs.created_at, clubs.updated_at 
FROM clubs 
WHERE clubs.id = %s
2026-06-14 18:31:30,241 [INFO] sqlalchemy.engine.Engine: [cached since 503.3s ago] (12,)
2026-06-14 18:31:30,329 [INFO] sqlalchemy.engine.Engine: SELECT venues.id, venues.club_id, venues.name, venues.sport_type, venues.price_per_hour, venues.max_capacity, venues.open_time, venues.close_time, venues.cover_image, venues.status, venues.sort_order, venues.created_at 
FROM venues 
WHERE venues.club_id = %s
2026-06-14 18:31:30,329 [INFO] sqlalchemy.engine.Engine: [cached since 503.3s ago] (12,)
2026-06-14 18:31:30,401 [INFO] sqlalchemy.engine.Engine: COMMIT
2026-06-14 18:31:30,614 [INFO] club-api: GET /api/v1/clubs/12 → 200 (376ms)
2026-06-14 18:31:32,215 [INFO] sqlalchemy.engine.Engine: BEGIN (implicit)
2026-06-14 18:31:32,215 [INFO] sqlalchemy.engine.Engine: SELECT venues.id, venues.club_id, venues.name, venues.sport_type, venues.price_per_hour, venues.max_capacity, venues.open_time, venues.close_time, venues.cover_image, venues.status, venues.sort_order, venues.created_at 
FROM venues 
WHERE venues.id = %s
2026-06-14 18:31:32,215 [INFO] sqlalchemy.engine.Engine: [cached since 503.5s ago] (2,)
2026-06-14 18:31:32,217 [INFO] sqlalchemy.engine.Engine: BEGIN (implicit)
2026-06-14 18:31:32,218 [INFO] sqlalchemy.engine.Engine: SELECT venues.id, venues.club_id, venues.name, venues.sport_type, venues.price_per_hour, venues.max_capacity, venues.open_time, venues.close_time, venues.cover_image, venues.status, venues.sort_order, venues.created_at 
FROM venues 
WHERE venues.id = %s
2026-06-14 18:31:32,218 [INFO] sqlalchemy.engine.Engine: [cached since 503.5s ago] (2,)
2026-06-14 18:31:32,344 [INFO] sqlalchemy.engine.Engine: SELECT venue_time_slots.id, venue_time_slots.venue_id, venue_time_slots.date, venue_time_slots.start_time, venue_time_slots.end_time, venue_time_slots.price_override, venue_time_slots.status, venue_time_slots.locked_by, venue_time_slots.locked_at 
FROM venue_time_slots 
WHERE venue_time_slots.venue_id = %s AND venue_time_slots.date >= %s AND venue_time_slots.date <= %s ORDER BY venue_time_slots.date, venue_time_slots.start_time
2026-06-14 18:31:32,345 [INFO] sqlalchemy.engine.Engine: [cached since 503.5s ago] (2, datetime.date(2026, 6, 14), datetime.date(2026, 6, 14))
2026-06-14 18:31:32,348 [INFO] sqlalchemy.engine.Engine: COMMIT
2026-06-14 18:31:32,456 [INFO] sqlalchemy.engine.Engine: COMMIT
2026-06-14 18:31:32,548 [INFO] club-api: GET /api/v1/venues/2 → 200 (332ms)
2026-06-14 18:31:32,650 [INFO] club-api: GET /api/v1/venues/2/slots → 200 (437ms)
2026-06-14 18:31:43,336 [INFO] sqlalchemy.engine.Engine: BEGIN (implicit)
2026-06-14 18:31:43,337 [INFO] sqlalchemy.engine.Engine: SELECT venues.id, venues.club_id, venues.name, venues.sport_type, venues.price_per_hour, venues.max_capacity, venues.open_time, venues.close_time, venues.cover_image, venues.status, venues.sort_order, venues.created_at 
FROM venues 
WHERE venues.id = %s
2026-06-14 18:31:43,337 [INFO] sqlalchemy.engine.Engine: [cached since 514.7s ago] (2,)
2026-06-14 18:31:43,420 [INFO] sqlalchemy.engine.Engine: COMMIT
2026-06-14 18:31:43,608 [INFO] club-api: GET /api/v1/venues/2 → 200 (273ms)
2026-06-14 18:31:44,940 [INFO] sqlalchemy.engine.Engine: BEGIN (implicit)
2026-06-14 18:31:44,941 [INFO] sqlalchemy.engine.Engine: SELECT users.id, users.openid, users.unionid, users.nickname, users.avatar_url, users.phone, users.`role`, users.created_at, users.updated_at 
FROM users 
WHERE users.id = %s
2026-06-14 18:31:44,941 [INFO] sqlalchemy.engine.Engine: [cached since 577.2s ago] (1,)
2026-06-14 18:31:45,047 [INFO] sqlalchemy.engine.Engine: SELECT venue_time_slots.id, venue_time_slots.venue_id, venue_time_slots.date, venue_time_slots.start_time, venue_time_slots.end_time, venue_time_slots.price_override, venue_time_slots.status, venue_time_slots.locked_by, venue_time_slots.locked_at 
FROM venue_time_slots 
WHERE venue_time_slots.id = %s
2026-06-14 18:31:45,048 [INFO] sqlalchemy.engine.Engine: [generated in 0.00087s] (7,)
2026-06-14 18:31:45,148 [INFO] sqlalchemy.engine.Engine: SELECT venue_time_slots.id, venue_time_slots.venue_id, venue_time_slots.date, venue_time_slots.start_time, venue_time_slots.end_time, venue_time_slots.price_override, venue_time_slots.status, venue_time_slots.locked_by, venue_time_slots.locked_at 
FROM venue_time_slots 
WHERE venue_time_slots.id = %s
2026-06-14 18:31:45,148 [INFO] sqlalchemy.engine.Engine: [cached since 0.101s ago] (8,)
2026-06-14 18:31:45,250 [INFO] sqlalchemy.engine.Engine: SELECT venues.id, venues.club_id, venues.name, venues.sport_type, venues.price_per_hour, venues.max_capacity, venues.open_time, venues.close_time, venues.cover_image, venues.status, venues.sort_order, venues.created_at 
FROM venues 
WHERE venues.id = %s
2026-06-14 18:31:45,251 [INFO] sqlalchemy.engine.Engine: [cached since 516.6s ago] (2,)
2026-06-14 18:31:45,350 [INFO] sqlalchemy.engine.Engine: SELECT clubs.id, clubs.name, clubs.sport_types, clubs.description, clubs.cover_image, clubs.images, clubs.address, clubs.latitude, clubs.longitude, clubs.contact_phone, clubs.split_ratio, clubs.sub_merchant_id, clubs.status, clubs.created_at, clubs.updated_at 
FROM clubs 
WHERE clubs.id = %s
2026-06-14 18:31:45,351 [INFO] sqlalchemy.engine.Engine: [cached since 518.4s ago] (12,)
2026-06-14 18:31:45,974 [INFO] sqlalchemy.engine.Engine: UPDATE venue_time_slots SET status=%s, locked_by=%s, locked_at=%s WHERE venue_time_slots.id = %s
2026-06-14 18:31:45,974 [INFO] sqlalchemy.engine.Engine: [generated in 0.00086s] [('locked', 1, datetime.datetime(2026, 6, 14, 10, 31, 45, 964398), 7), ('locked', 1, datetime.datetime(2026, 6, 14, 10, 31, 45, 964454), 8)]
2026-06-14 18:31:46,171 [INFO] sqlalchemy.engine.Engine: INSERT INTO booking_orders (order_no, user_id, venue_id, slot_id, club_id, amount, status, payment_time, wx_transaction_id, cancel_reason, cancel_time, refund_amount, created_at) VALUES (%s, %s, %s, %s, %s, %s, %s, %s, %s, %s, %s, %s, %s)
2026-06-14 18:31:46,171 [INFO] sqlalchemy.engine.Engine: [generated in 0.00088s] ('20260614183145CA18F67F', 1, 2, 7, 12, Decimal('100.00'), 'pending', None, None, None, None, None, datetime.datetime(2026, 6, 14, 10, 31, 46, 171234))
2026-06-14 18:31:46,279 [INFO] sqlalchemy.engine.Engine: SELECT booking_orders.id, booking_orders.order_no, booking_orders.user_id, booking_orders.venue_id, booking_orders.slot_id, booking_orders.club_id, booking_orders.amount, booking_orders.status, booking_orders.payment_time, booking_orders.wx_transaction_id, booking_orders.cancel_reason, booking_orders.cancel_time, booking_orders.refund_amount, booking_orders.created_at 
FROM booking_orders 
WHERE booking_orders.id = %s
2026-06-14 18:31:46,279 [INFO] sqlalchemy.engine.Engine: [generated in 0.00134s] (2,)
2026-06-14 18:31:46,375 [INFO] sqlalchemy.engine.Engine: COMMIT
2026-06-14 18:31:46,579 [INFO] club-api: POST /api/v1/bookings → 200 (1645ms) body={"slot_id":7,"slot2_id":8}
2026-06-14 18:31:46,595 [INFO] sqlalchemy.engine.Engine: BEGIN (implicit)
2026-06-14 18:31:46,596 [INFO] sqlalchemy.engine.Engine: SELECT users.id, users.openid, users.unionid, users.nickname, users.avatar_url, users.phone, users.`role`, users.created_at, users.updated_at 
FROM users 
WHERE users.id = %s
2026-06-14 18:31:46,597 [INFO] sqlalchemy.engine.Engine: [cached since 578.8s ago] (1,)
2026-06-14 18:31:46,685 [INFO] sqlalchemy.engine.Engine: SELECT booking_orders.id, booking_orders.order_no, booking_orders.user_id, booking_orders.venue_id, booking_orders.slot_id, booking_orders.club_id, booking_orders.amount, booking_orders.status, booking_orders.payment_time, booking_orders.wx_transaction_id, booking_orders.cancel_reason, booking_orders.cancel_time, booking_orders.refund_amount, booking_orders.created_at 
FROM booking_orders 
WHERE booking_orders.id = %s
2026-06-14 18:31:46,685 [INFO] sqlalchemy.engine.Engine: [generated in 0.00067s] (2,)
2026-06-14 18:31:46,809 [INFO] sqlalchemy.engine.Engine: UPDATE booking_orders SET status=%s, payment_time=%s, wx_transaction_id=%s WHERE booking_orders.id = %s
2026-06-14 18:31:46,810 [INFO] sqlalchemy.engine.Engine: [generated in 0.00098s] ('paid', datetime.datetime(2026, 6, 14, 10, 31, 46, 806161), 'dev_20260614183145CA18F67F', 2)
2026-06-14 18:31:46,988 [INFO] sqlalchemy.engine.Engine: SELECT venue_time_slots.id, venue_time_slots.venue_id, venue_time_slots.date, venue_time_slots.start_time, venue_time_slots.end_time, venue_time_slots.price_override, venue_time_slots.status, venue_time_slots.locked_by, venue_time_slots.locked_at 
FROM venue_time_slots 
WHERE venue_time_slots.id = %s
2026-06-14 18:31:46,988 [INFO] sqlalchemy.engine.Engine: [cached since 1.941s ago] (7,)
2026-06-14 18:31:47,105 [INFO] sqlalchemy.engine.Engine: UPDATE venue_time_slots SET status=%s WHERE venue_time_slots.id = %s
2026-06-14 18:31:47,105 [INFO] sqlalchemy.engine.Engine: [generated in 0.00063s] ('booked', 7)
2026-06-14 18:31:47,164 [INFO] sqlalchemy.engine.Engine: SELECT venue_time_slots.id, venue_time_slots.venue_id, venue_time_slots.date, venue_time_slots.start_time, venue_time_slots.end_time, venue_time_slots.price_override, venue_time_slots.status, venue_time_slots.locked_by, venue_time_slots.locked_at 
FROM venue_time_slots 
WHERE venue_time_slots.venue_id = %s AND venue_time_slots.date = %s AND venue_time_slots.locked_by = %s AND venue_time_slots.status = %s
2026-06-14 18:31:47,164 [INFO] sqlalchemy.engine.Engine: [generated in 0.00064s] (2, datetime.date(2026, 6, 14), 1, 'locked')
2026-06-14 18:31:47,350 [INFO] sqlalchemy.engine.Engine: UPDATE venue_time_slots SET status=%s, locked_by=%s, locked_at=%s WHERE venue_time_slots.id = %s
2026-06-14 18:31:47,351 [INFO] sqlalchemy.engine.Engine: [cached since 1.378s ago] [('booked', None, None, 2), ('booked', None, None, 3), ('booked', None, None, 8)]
2026-06-14 18:31:47,532 [INFO] sqlalchemy.engine.Engine: SELECT clubs.id, clubs.name, clubs.sport_types, clubs.description, clubs.cover_image, clubs.images, clubs.address, clubs.latitude, clubs.longitude, clubs.contact_phone, clubs.split_ratio, clubs.sub_merchant_id, clubs.status, clubs.created_at, clubs.updated_at 
FROM clubs 
WHERE clubs.id = %s
2026-06-14 18:31:47,533 [INFO] sqlalchemy.engine.Engine: [cached since 520.6s ago] (12,)
2026-06-14 18:31:47,592 [INFO] sqlalchemy.engine.Engine: ROLLBACK
2026-06-14 18:32:55,597 [INFO] sqlalchemy.engine.Engine: SELECT DATABASE()
2026-06-14 18:32:55,598 [INFO] sqlalchemy.engine.Engine: [raw sql] ()
2026-06-14 18:32:55,711 [INFO] sqlalchemy.engine.Engine: SELECT @@sql_mode
2026-06-14 18:32:55,712 [INFO] sqlalchemy.engine.Engine: [raw sql] ()
2026-06-14 18:32:55,801 [INFO] sqlalchemy.engine.Engine: SELECT @@lower_case_table_names
2026-06-14 18:32:55,801 [INFO] sqlalchemy.engine.Engine: [raw sql] ()
2026-06-14 18:32:55,951 [INFO] sqlalchemy.engine.Engine: BEGIN (implicit)
2026-06-14 18:32:55,952 [INFO] sqlalchemy.engine.Engine: DESCRIBE `club_db`.`users`
2026-06-14 18:32:55,952 [INFO] sqlalchemy.engine.Engine: [raw sql] ()
2026-06-14 18:32:56,108 [INFO] sqlalchemy.engine.Engine: DESCRIBE `club_db`.`clubs`
2026-06-14 18:32:56,109 [INFO] sqlalchemy.engine.Engine: [raw sql] ()
2026-06-14 18:32:56,213 [INFO] sqlalchemy.engine.Engine: DESCRIBE `club_db`.`club_members`
2026-06-14 18:32:56,214 [INFO] sqlalchemy.engine.Engine: [raw sql] ()
2026-06-14 18:32:56,313 [INFO] sqlalchemy.engine.Engine: DESCRIBE `club_db`.`venues`
2026-06-14 18:32:56,314 [INFO] sqlalchemy.engine.Engine: [raw sql] ()
2026-06-14 18:32:56,413 [INFO] sqlalchemy.engine.Engine: DESCRIBE `club_db`.`venue_time_slots`
2026-06-14 18:32:56,414 [INFO] sqlalchemy.engine.Engine: [raw sql] ()
2026-06-14 18:32:56,461 [INFO] sqlalchemy.engine.Engine: DESCRIBE `club_db`.`booking_orders`
2026-06-14 18:32:56,461 [INFO] sqlalchemy.engine.Engine: [raw sql] ()
2026-06-14 18:32:56,620 [INFO] sqlalchemy.engine.Engine: DESCRIBE `club_db`.`settlement_records`
2026-06-14 18:32:56,621 [INFO] sqlalchemy.engine.Engine: [raw sql] ()
2026-06-14 18:32:56,723 [INFO] sqlalchemy.engine.Engine: DESCRIBE `club_db`.`match_posts`
2026-06-14 18:32:56,724 [INFO] sqlalchemy.engine.Engine: [raw sql] ()
2026-06-14 18:32:56,823 [INFO] sqlalchemy.engine.Engine: DESCRIBE `club_db`.`match_registrations`
2026-06-14 18:32:56,824 [INFO] sqlalchemy.engine.Engine: [raw sql] ()
2026-06-14 18:32:56,930 [INFO] sqlalchemy.engine.Engine: DESCRIBE `club_db`.`tournaments`
2026-06-14 18:32:56,931 [INFO] sqlalchemy.engine.Engine: [raw sql] ()
2026-06-14 18:32:56,973 [INFO] sqlalchemy.engine.Engine: DESCRIBE `club_db`.`tournament_registrations`
2026-06-14 18:32:56,974 [INFO] sqlalchemy.engine.Engine: [raw sql] ()
2026-06-14 18:32:57,133 [INFO] sqlalchemy.engine.Engine: DESCRIBE `club_db`.`notifications`
2026-06-14 18:32:57,133 [INFO] sqlalchemy.engine.Engine: [raw sql] ()
2026-06-14 18:32:57,238 [INFO] sqlalchemy.engine.Engine: COMMIT
2026-06-14 18:32:57,440 [INFO] club-api: Database tables created/verified
2026-06-14 18:33:03,613 [INFO] sqlalchemy.engine.Engine: SELECT DATABASE()
2026-06-14 18:33:03,614 [INFO] sqlalchemy.engine.Engine: [raw sql] ()
2026-06-14 18:33:03,741 [INFO] sqlalchemy.engine.Engine: SELECT @@sql_mode
2026-06-14 18:33:03,741 [INFO] sqlalchemy.engine.Engine: [raw sql] ()
2026-06-14 18:33:03,795 [INFO] sqlalchemy.engine.Engine: SELECT @@lower_case_table_names
2026-06-14 18:33:03,795 [INFO] sqlalchemy.engine.Engine: [raw sql] ()
2026-06-14 18:33:03,908 [INFO] sqlalchemy.engine.Engine: BEGIN (implicit)
2026-06-14 18:33:03,909 [INFO] sqlalchemy.engine.Engine: DESCRIBE `club_db`.`users`
2026-06-14 18:33:03,909 [INFO] sqlalchemy.engine.Engine: [raw sql] ()
2026-06-14 18:33:03,963 [INFO] sqlalchemy.engine.Engine: DESCRIBE `club_db`.`clubs`
2026-06-14 18:33:03,963 [INFO] sqlalchemy.engine.Engine: [raw sql] ()
2026-06-14 18:33:04,011 [INFO] sqlalchemy.engine.Engine: DESCRIBE `club_db`.`club_members`
2026-06-14 18:33:04,011 [INFO] sqlalchemy.engine.Engine: [raw sql] ()
2026-06-14 18:33:04,066 [INFO] sqlalchemy.engine.Engine: DESCRIBE `club_db`.`venues`
2026-06-14 18:33:04,067 [INFO] sqlalchemy.engine.Engine: [raw sql] ()
2026-06-14 18:33:04,119 [INFO] sqlalchemy.engine.Engine: DESCRIBE `club_db`.`venue_time_slots`
2026-06-14 18:33:04,119 [INFO] sqlalchemy.engine.Engine: [raw sql] ()
2026-06-14 18:33:04,176 [INFO] sqlalchemy.engine.Engine: DESCRIBE `club_db`.`booking_orders`
2026-06-14 18:33:04,176 [INFO] sqlalchemy.engine.Engine: [raw sql] ()
2026-06-14 18:33:04,226 [INFO] sqlalchemy.engine.Engine: DESCRIBE `club_db`.`settlement_records`
2026-06-14 18:33:04,226 [INFO] sqlalchemy.engine.Engine: [raw sql] ()
2026-06-14 18:33:04,348 [INFO] sqlalchemy.engine.Engine: DESCRIBE `club_db`.`match_posts`
2026-06-14 18:33:04,349 [INFO] sqlalchemy.engine.Engine: [raw sql] ()
2026-06-14 18:33:04,421 [INFO] sqlalchemy.engine.Engine: DESCRIBE `club_db`.`match_registrations`
2026-06-14 18:33:04,421 [INFO] sqlalchemy.engine.Engine: [raw sql] ()
2026-06-14 18:33:04,460 [INFO] sqlalchemy.engine.Engine: DESCRIBE `club_db`.`tournaments`
2026-06-14 18:33:04,460 [INFO] sqlalchemy.engine.Engine: [raw sql] ()
2026-06-14 18:33:04,513 [INFO] sqlalchemy.engine.Engine: DESCRIBE `club_db`.`tournament_registrations`
2026-06-14 18:33:04,514 [INFO] sqlalchemy.engine.Engine: [raw sql] ()
2026-06-14 18:33:04,572 [INFO] sqlalchemy.engine.Engine: DESCRIBE `club_db`.`notifications`
2026-06-14 18:33:04,573 [INFO] sqlalchemy.engine.Engine: [raw sql] ()
2026-06-14 18:33:04,629 [INFO] sqlalchemy.engine.Engine: COMMIT
2026-06-14 18:33:04,756 [INFO] club-api: Database tables created/verified
2026-06-14 18:33:19,647 [INFO] sqlalchemy.engine.Engine: BEGIN (implicit)
2026-06-14 18:33:19,704 [INFO] sqlalchemy.engine.Engine: SELECT venues.id, venues.club_id, venues.name, venues.sport_type, venues.price_per_hour, venues.max_capacity, venues.open_time, venues.close_time, venues.cover_image, venues.status, venues.sort_order, venues.created_at 
FROM venues 
WHERE venues.id = %s
2026-06-14 18:33:19,704 [INFO] sqlalchemy.engine.Engine: [generated in 0.00029s] (2,)
2026-06-14 18:33:19,873 [INFO] sqlalchemy.engine.Engine: SELECT venue_time_slots.id, venue_time_slots.venue_id, venue_time_slots.date, venue_time_slots.start_time, venue_time_slots.end_time, venue_time_slots.price_override, venue_time_slots.status, venue_time_slots.locked_by, venue_time_slots.locked_at 
FROM venue_time_slots 
WHERE venue_time_slots.venue_id = %s AND venue_time_slots.date >= %s AND venue_time_slots.date <= %s ORDER BY venue_time_slots.date, venue_time_slots.start_time
2026-06-14 18:33:19,874 [INFO] sqlalchemy.engine.Engine: [generated in 0.00078s] (2, datetime.date(2026, 6, 14), datetime.date(2026, 6, 14))
2026-06-14 18:33:19,990 [INFO] sqlalchemy.engine.Engine: COMMIT
2026-06-14 18:33:20,156 [INFO] club-api: GET /api/v1/venues/2/slots → 200 (514ms)
2026-06-14 18:33:20,189 [INFO] club-api: POST /api/v1/bookings → 401 (4ms) body={"slot_id":1,"slot2_id":4}
2026-06-14 18:33:34,919 [INFO] sqlalchemy.engine.Engine: SELECT DATABASE()
2026-06-14 18:33:34,920 [INFO] sqlalchemy.engine.Engine: [raw sql] ()
2026-06-14 18:33:35,123 [INFO] sqlalchemy.engine.Engine: SELECT @@sql_mode
2026-06-14 18:33:35,124 [INFO] sqlalchemy.engine.Engine: [raw sql] ()
2026-06-14 18:33:35,226 [INFO] sqlalchemy.engine.Engine: SELECT @@lower_case_table_names
2026-06-14 18:33:35,226 [INFO] sqlalchemy.engine.Engine: [raw sql] ()
2026-06-14 18:33:35,327 [INFO] sqlalchemy.engine.Engine: BEGIN (implicit)
2026-06-14 18:33:35,328 [INFO] sqlalchemy.engine.Engine: DESCRIBE `club_db`.`users`
2026-06-14 18:33:35,328 [INFO] sqlalchemy.engine.Engine: [raw sql] ()
2026-06-14 18:33:35,431 [INFO] sqlalchemy.engine.Engine: DESCRIBE `club_db`.`clubs`
2026-06-14 18:33:35,432 [INFO] sqlalchemy.engine.Engine: [raw sql] ()
2026-06-14 18:33:35,533 [INFO] sqlalchemy.engine.Engine: DESCRIBE `club_db`.`club_members`
2026-06-14 18:33:35,534 [INFO] sqlalchemy.engine.Engine: [raw sql] ()
2026-06-14 18:33:35,636 [INFO] sqlalchemy.engine.Engine: DESCRIBE `club_db`.`venues`
2026-06-14 18:33:35,636 [INFO] sqlalchemy.engine.Engine: [raw sql] ()
2026-06-14 18:33:35,739 [INFO] sqlalchemy.engine.Engine: DESCRIBE `club_db`.`venue_time_slots`
2026-06-14 18:33:35,739 [INFO] sqlalchemy.engine.Engine: [raw sql] ()
2026-06-14 18:33:35,840 [INFO] sqlalchemy.engine.Engine: DESCRIBE `club_db`.`booking_orders`
2026-06-14 18:33:35,841 [INFO] sqlalchemy.engine.Engine: [raw sql] ()
2026-06-14 18:33:35,943 [INFO] sqlalchemy.engine.Engine: DESCRIBE `club_db`.`settlement_records`
2026-06-14 18:33:35,944 [INFO] sqlalchemy.engine.Engine: [raw sql] ()
2026-06-14 18:33:36,052 [INFO] sqlalchemy.engine.Engine: DESCRIBE `club_db`.`match_posts`
2026-06-14 18:33:36,052 [INFO] sqlalchemy.engine.Engine: [raw sql] ()
2026-06-14 18:33:36,169 [INFO] sqlalchemy.engine.Engine: DESCRIBE `club_db`.`match_registrations`
2026-06-14 18:33:36,170 [INFO] sqlalchemy.engine.Engine: [raw sql] ()
2026-06-14 18:33:36,301 [INFO] sqlalchemy.engine.Engine: DESCRIBE `club_db`.`tournaments`
2026-06-14 18:33:36,301 [INFO] sqlalchemy.engine.Engine: [raw sql] ()
2026-06-14 18:33:36,461 [INFO] sqlalchemy.engine.Engine: DESCRIBE `club_db`.`tournament_registrations`
2026-06-14 18:33:36,461 [INFO] sqlalchemy.engine.Engine: [raw sql] ()
2026-06-14 18:33:36,558 [INFO] sqlalchemy.engine.Engine: DESCRIBE `club_db`.`notifications`
2026-06-14 18:33:36,558 [INFO] sqlalchemy.engine.Engine: [raw sql] ()
2026-06-14 18:33:36,665 [INFO] sqlalchemy.engine.Engine: COMMIT
2026-06-14 18:33:36,864 [INFO] club-api: Database tables created/verified
2026-06-14 18:33:45,918 [INFO] sqlalchemy.engine.Engine: BEGIN (implicit)
2026-06-14 18:33:45,957 [INFO] sqlalchemy.engine.Engine: SELECT users.id, users.openid, users.unionid, users.nickname, users.avatar_url, users.phone, users.`role`, users.created_at, users.updated_at 
FROM users 
WHERE users.id = %s
2026-06-14 18:33:45,957 [INFO] sqlalchemy.engine.Engine: [generated in 0.00024s] (1,)
2026-06-14 18:33:46,048 [INFO] sqlalchemy.engine.Engine: SELECT club_members.club_id 
FROM club_members 
WHERE club_members.user_id = %s
2026-06-14 18:33:46,048 [INFO] sqlalchemy.engine.Engine: [generated in 0.00067s] (1,)
2026-06-14 18:33:46,095 [INFO] sqlalchemy.engine.Engine: COMMIT
2026-06-14 18:33:46,224 [INFO] club-api: GET /api/v1/users/me → 200 (311ms)
2026-06-14 18:33:46,277 [INFO] sqlalchemy.engine.Engine: BEGIN (implicit)
2026-06-14 18:33:46,281 [INFO] sqlalchemy.engine.Engine: SELECT count(match_posts.id) AS count_1 
FROM match_posts
2026-06-14 18:33:46,281 [INFO] sqlalchemy.engine.Engine: [generated in 0.00073s] ()
2026-06-14 18:33:46,283 [INFO] sqlalchemy.engine.Engine: BEGIN (implicit)
2026-06-14 18:33:46,285 [INFO] sqlalchemy.engine.Engine: SELECT count(tournaments.id) AS count_1 
FROM tournaments 
WHERE tournaments.status = %s
2026-06-14 18:33:46,285 [INFO] sqlalchemy.engine.Engine: [generated in 0.00034s] ('open',)
2026-06-14 18:33:46,342 [INFO] sqlalchemy.engine.Engine: SELECT match_posts.id, match_posts.club_id, match_posts.user_id, match_posts.title, match_posts.sport_type, match_posts.preferred_date, match_posts.preferred_start, match_posts.preferred_end, match_posts.players_needed, match_posts.level_required, match_posts.notes, match_posts.venue_id, match_posts.booking_id, match_posts.group_chat_id, match_posts.status, match_posts.created_at, users.nickname, users.avatar_url, clubs.name, count(match_registrations.id) AS count_1 
FROM match_posts INNER JOIN users ON match_posts.user_id = users.id INNER JOIN clubs ON match_posts.club_id = clubs.id LEFT OUTER JOIN match_registrations ON match_registrations.post_id = match_posts.id GROUP BY match_posts.id ORDER BY match_posts.created_at DESC 
 LIMIT %s, %s
2026-06-14 18:33:46,343 [INFO] sqlalchemy.engine.Engine: [generated in 0.00110s] (0, 10)
2026-06-14 18:33:46,350 [INFO] sqlalchemy.engine.Engine: SELECT tournaments.id, tournaments.club_id, tournaments.title, tournaments.description, tournaments.sport_type, tournaments.start_time, tournaments.end_time, tournaments.venue_id, tournaments.lock_venue, tournaments.max_participants, tournaments.current_participants, tournaments.entry_fee, tournaments.cover_image, tournaments.group_chat_id, tournaments.status, tournaments.created_at, clubs.name 
FROM tournaments INNER JOIN clubs ON tournaments.club_id = clubs.id 
WHERE tournaments.status = %s ORDER BY tournaments.start_time 
 LIMIT %s, %s
2026-06-14 18:33:46,350 [INFO] sqlalchemy.engine.Engine: [generated in 0.00051s] ('open', 0, 5)
2026-06-14 18:33:46,413 [INFO] sqlalchemy.engine.Engine: COMMIT
2026-06-14 18:33:46,416 [INFO] sqlalchemy.engine.Engine: COMMIT
2026-06-14 18:33:46,601 [INFO] club-api: GET /api/v1/posts → 200 (643ms)
2026-06-14 18:33:46,603 [INFO] club-api: GET /api/v1/tournaments → 200 (643ms)
2026-06-14 18:33:53,987 [INFO] sqlalchemy.engine.Engine: BEGIN (implicit)
2026-06-14 18:33:53,989 [INFO] sqlalchemy.engine.Engine: SELECT count(clubs.id) AS count_1 
FROM clubs 
WHERE clubs.status = %s
2026-06-14 18:33:53,989 [INFO] sqlalchemy.engine.Engine: [generated in 0.00058s] ('active',)
2026-06-14 18:33:54,142 [INFO] sqlalchemy.engine.Engine: SELECT clubs.id, clubs.name, clubs.sport_types, clubs.description, clubs.cover_image, clubs.images, clubs.address, clubs.latitude, clubs.longitude, clubs.contact_phone, clubs.split_ratio, clubs.sub_merchant_id, clubs.status, clubs.created_at, clubs.updated_at 
FROM clubs 
WHERE clubs.status = %s ORDER BY clubs.id DESC 
 LIMIT %s, %s
2026-06-14 18:33:54,142 [INFO] sqlalchemy.engine.Engine: [generated in 0.00109s] ('active', 0, 20)
2026-06-14 18:33:54,188 [INFO] sqlalchemy.engine.Engine: COMMIT
2026-06-14 18:33:54,298 [INFO] club-api: GET /api/v1/clubs → 200 (312ms)
2026-06-14 18:33:58,101 [INFO] sqlalchemy.engine.Engine: BEGIN (implicit)
2026-06-14 18:33:58,103 [INFO] sqlalchemy.engine.Engine: SELECT clubs.id, clubs.name, clubs.sport_types, clubs.description, clubs.cover_image, clubs.images, clubs.address, clubs.latitude, clubs.longitude, clubs.contact_phone, clubs.split_ratio, clubs.sub_merchant_id, clubs.status, clubs.created_at, clubs.updated_at 
FROM clubs 
WHERE clubs.id = %s
2026-06-14 18:33:58,103 [INFO] sqlalchemy.engine.Engine: [generated in 0.00037s] (12,)
2026-06-14 18:33:58,172 [INFO] sqlalchemy.engine.Engine: SELECT venues.id, venues.club_id, venues.name, venues.sport_type, venues.price_per_hour, venues.max_capacity, venues.open_time, venues.close_time, venues.cover_image, venues.status, venues.sort_order, venues.created_at 
FROM venues 
WHERE venues.club_id = %s
2026-06-14 18:33:58,172 [INFO] sqlalchemy.engine.Engine: [generated in 0.00041s] (12,)
2026-06-14 18:33:58,247 [INFO] sqlalchemy.engine.Engine: COMMIT
2026-06-14 18:33:58,340 [INFO] club-api: GET /api/v1/clubs/12 → 200 (240ms)
2026-06-14 18:33:59,788 [INFO] sqlalchemy.engine.Engine: BEGIN (implicit)
2026-06-14 18:33:59,790 [INFO] sqlalchemy.engine.Engine: SELECT venues.id, venues.club_id, venues.name, venues.sport_type, venues.price_per_hour, venues.max_capacity, venues.open_time, venues.close_time, venues.cover_image, venues.status, venues.sort_order, venues.created_at 
FROM venues 
WHERE venues.id = %s
2026-06-14 18:33:59,790 [INFO] sqlalchemy.engine.Engine: [generated in 0.00032s] (2,)
2026-06-14 18:33:59,792 [INFO] sqlalchemy.engine.Engine: BEGIN (implicit)
2026-06-14 18:33:59,792 [INFO] sqlalchemy.engine.Engine: SELECT venues.id, venues.club_id, venues.name, venues.sport_type, venues.price_per_hour, venues.max_capacity, venues.open_time, venues.close_time, venues.cover_image, venues.status, venues.sort_order, venues.created_at 
FROM venues 
WHERE venues.id = %s
2026-06-14 18:33:59,793 [INFO] sqlalchemy.engine.Engine: [cached since 0.003238s ago] (2,)
2026-06-14 18:33:59,871 [INFO] sqlalchemy.engine.Engine: COMMIT
2026-06-14 18:33:59,877 [INFO] sqlalchemy.engine.Engine: SELECT venue_time_slots.id, venue_time_slots.venue_id, venue_time_slots.date, venue_time_slots.start_time, venue_time_slots.end_time, venue_time_slots.price_override, venue_time_slots.status, venue_time_slots.locked_by, venue_time_slots.locked_at 
FROM venue_time_slots 
WHERE venue_time_slots.venue_id = %s AND venue_time_slots.date >= %s AND venue_time_slots.date <= %s ORDER BY venue_time_slots.date, venue_time_slots.start_time
2026-06-14 18:33:59,877 [INFO] sqlalchemy.engine.Engine: [generated in 0.00072s] (2, datetime.date(2026, 6, 14), datetime.date(2026, 6, 14))
2026-06-14 18:33:59,956 [INFO] sqlalchemy.engine.Engine: COMMIT
2026-06-14 18:33:59,981 [INFO] club-api: GET /api/v1/venues/2 → 200 (189ms)
2026-06-14 18:34:00,186 [INFO] club-api: GET /api/v1/venues/2/slots → 200 (399ms)
2026-06-14 18:34:04,876 [INFO] sqlalchemy.engine.Engine: BEGIN (implicit)
2026-06-14 18:34:04,876 [INFO] sqlalchemy.engine.Engine: SELECT venues.id, venues.club_id, venues.name, venues.sport_type, venues.price_per_hour, venues.max_capacity, venues.open_time, venues.close_time, venues.cover_image, venues.status, venues.sort_order, venues.created_at 
FROM venues 
WHERE venues.id = %s
2026-06-14 18:34:04,876 [INFO] sqlalchemy.engine.Engine: [cached since 5.087s ago] (2,)
2026-06-14 18:34:04,929 [INFO] sqlalchemy.engine.Engine: COMMIT
2026-06-14 18:34:05,019 [INFO] club-api: GET /api/v1/venues/2 → 200 (145ms)
2026-06-14 18:34:09,471 [INFO] sqlalchemy.engine.Engine: BEGIN (implicit)
2026-06-14 18:34:09,472 [INFO] sqlalchemy.engine.Engine: SELECT users.id, users.openid, users.unionid, users.nickname, users.avatar_url, users.phone, users.`role`, users.created_at, users.updated_at 
FROM users 
WHERE users.id = %s
2026-06-14 18:34:09,472 [INFO] sqlalchemy.engine.Engine: [cached since 23.51s ago] (1,)
2026-06-14 18:34:09,553 [INFO] sqlalchemy.engine.Engine: SELECT venue_time_slots.id, venue_time_slots.venue_id, venue_time_slots.date, venue_time_slots.start_time, venue_time_slots.end_time, venue_time_slots.price_override, venue_time_slots.status, venue_time_slots.locked_by, venue_time_slots.locked_at 
FROM venue_time_slots 
WHERE venue_time_slots.id = %s
2026-06-14 18:34:09,554 [INFO] sqlalchemy.engine.Engine: [generated in 0.00038s] (5,)
2026-06-14 18:34:09,619 [INFO] sqlalchemy.engine.Engine: SELECT venue_time_slots.id, venue_time_slots.venue_id, venue_time_slots.date, venue_time_slots.start_time, venue_time_slots.end_time, venue_time_slots.price_override, venue_time_slots.status, venue_time_slots.locked_by, venue_time_slots.locked_at 
FROM venue_time_slots 
WHERE venue_time_slots.id = %s
2026-06-14 18:34:09,619 [INFO] sqlalchemy.engine.Engine: [cached since 0.06588s ago] (6,)
2026-06-14 18:34:09,672 [INFO] sqlalchemy.engine.Engine: SELECT venues.id, venues.club_id, venues.name, venues.sport_type, venues.price_per_hour, venues.max_capacity, venues.open_time, venues.close_time, venues.cover_image, venues.status, venues.sort_order, venues.created_at 
FROM venues 
WHERE venues.id = %s
2026-06-14 18:34:09,672 [INFO] sqlalchemy.engine.Engine: [cached since 9.883s ago] (2,)
2026-06-14 18:34:09,715 [INFO] sqlalchemy.engine.Engine: SELECT clubs.id, clubs.name, clubs.sport_types, clubs.description, clubs.cover_image, clubs.images, clubs.address, clubs.latitude, clubs.longitude, clubs.contact_phone, clubs.split_ratio, clubs.sub_merchant_id, clubs.status, clubs.created_at, clubs.updated_at 
FROM clubs 
WHERE clubs.id = %s
2026-06-14 18:34:09,716 [INFO] sqlalchemy.engine.Engine: [cached since 11.61s ago] (12,)
2026-06-14 18:34:10,055 [INFO] sqlalchemy.engine.Engine: UPDATE venue_time_slots SET status=%s, locked_by=%s, locked_at=%s WHERE venue_time_slots.id = %s
2026-06-14 18:34:10,055 [INFO] sqlalchemy.engine.Engine: [generated in 0.00069s] [('locked', 1, datetime.datetime(2026, 6, 14, 10, 34, 10, 48536), 5), ('locked', 1, datetime.datetime(2026, 6, 14, 10, 34, 10, 48595), 6)]
2026-06-14 18:34:10,236 [INFO] sqlalchemy.engine.Engine: INSERT INTO booking_orders (order_no, user_id, venue_id, slot_id, club_id, amount, status, payment_time, wx_transaction_id, cancel_reason, cancel_time, refund_amount, created_at) VALUES (%s, %s, %s, %s, %s, %s, %s, %s, %s, %s, %s, %s, %s)
2026-06-14 18:34:10,236 [INFO] sqlalchemy.engine.Engine: [generated in 0.00082s] ('2026061418341052FDD3C8', 1, 2, 5, 12, Decimal('100.00'), 'pending', None, None, None, None, None, datetime.datetime(2026, 6, 14, 10, 34, 10, 236177))
2026-06-14 18:34:10,331 [INFO] sqlalchemy.engine.Engine: SELECT booking_orders.id, booking_orders.order_no, booking_orders.user_id, booking_orders.venue_id, booking_orders.slot_id, booking_orders.club_id, booking_orders.amount, booking_orders.status, booking_orders.payment_time, booking_orders.wx_transaction_id, booking_orders.cancel_reason, booking_orders.cancel_time, booking_orders.refund_amount, booking_orders.created_at 
FROM booking_orders 
WHERE booking_orders.id = %s
2026-06-14 18:34:10,331 [INFO] sqlalchemy.engine.Engine: [generated in 0.00107s] (3,)
2026-06-14 18:34:10,401 [INFO] sqlalchemy.engine.Engine: COMMIT
2026-06-14 18:34:10,510 [INFO] club-api: POST /api/v1/bookings → 200 (1041ms) body={"slot_id":5,"slot2_id":6}
2026-06-14 18:34:10,524 [INFO] sqlalchemy.engine.Engine: BEGIN (implicit)
2026-06-14 18:34:10,525 [INFO] sqlalchemy.engine.Engine: SELECT users.id, users.openid, users.unionid, users.nickname, users.avatar_url, users.phone, users.`role`, users.created_at, users.updated_at 
FROM users 
WHERE users.id = %s
2026-06-14 18:34:10,525 [INFO] sqlalchemy.engine.Engine: [cached since 24.57s ago] (1,)
2026-06-14 18:34:10,577 [INFO] sqlalchemy.engine.Engine: SELECT booking_orders.id, booking_orders.order_no, booking_orders.user_id, booking_orders.venue_id, booking_orders.slot_id, booking_orders.club_id, booking_orders.amount, booking_orders.status, booking_orders.payment_time, booking_orders.wx_transaction_id, booking_orders.cancel_reason, booking_orders.cancel_time, booking_orders.refund_amount, booking_orders.created_at 
FROM booking_orders 
WHERE booking_orders.id = %s
2026-06-14 18:34:10,577 [INFO] sqlalchemy.engine.Engine: [generated in 0.00082s] (3,)
2026-06-14 18:34:10,654 [INFO] sqlalchemy.engine.Engine: UPDATE booking_orders SET status=%s, payment_time=%s, wx_transaction_id=%s WHERE booking_orders.id = %s
2026-06-14 18:34:10,654 [INFO] sqlalchemy.engine.Engine: [generated in 0.00062s] ('paid', datetime.datetime(2026, 6, 14, 10, 34, 10, 651748), 'dev_2026061418341052FDD3C8', 3)
2026-06-14 18:34:10,708 [INFO] sqlalchemy.engine.Engine: SELECT venue_time_slots.id, venue_time_slots.venue_id, venue_time_slots.date, venue_time_slots.start_time, venue_time_slots.end_time, venue_time_slots.price_override, venue_time_slots.status, venue_time_slots.locked_by, venue_time_slots.locked_at 
FROM venue_time_slots 
WHERE venue_time_slots.id = %s
2026-06-14 18:34:10,708 [INFO] sqlalchemy.engine.Engine: [cached since 1.155s ago] (5,)
2026-06-14 18:34:10,819 [INFO] sqlalchemy.engine.Engine: UPDATE venue_time_slots SET status=%s WHERE venue_time_slots.id = %s
2026-06-14 18:34:10,820 [INFO] sqlalchemy.engine.Engine: [generated in 0.00074s] ('booked', 5)
2026-06-14 18:34:10,880 [INFO] sqlalchemy.engine.Engine: SELECT venue_time_slots.id, venue_time_slots.venue_id, venue_time_slots.date, venue_time_slots.start_time, venue_time_slots.end_time, venue_time_slots.price_override, venue_time_slots.status, venue_time_slots.locked_by, venue_time_slots.locked_at 
FROM venue_time_slots 
WHERE venue_time_slots.venue_id = %s AND venue_time_slots.date = %s AND venue_time_slots.locked_by = %s AND venue_time_slots.status = %s
2026-06-14 18:34:10,881 [INFO] sqlalchemy.engine.Engine: [generated in 0.00094s] (2, datetime.date(2026, 6, 14), 1, 'locked')
2026-06-14 18:34:11,222 [INFO] sqlalchemy.engine.Engine: UPDATE venue_time_slots SET status=%s, locked_by=%s, locked_at=%s WHERE venue_time_slots.id = %s
2026-06-14 18:34:11,222 [INFO] sqlalchemy.engine.Engine: [cached since 1.168s ago] [('booked', None, None, 2), ('booked', None, None, 3), ('booked', None, None, 6), ('booked', None, None, 7), ('booked', None, None, 8)]
2026-06-14 18:34:11,507 [INFO] sqlalchemy.engine.Engine: SELECT clubs.id, clubs.name, clubs.sport_types, clubs.description, clubs.cover_image, clubs.images, clubs.address, clubs.latitude, clubs.longitude, clubs.contact_phone, clubs.split_ratio, clubs.sub_merchant_id, clubs.status, clubs.created_at, clubs.updated_at 
FROM clubs 
WHERE clubs.id = %s
2026-06-14 18:34:11,508 [INFO] sqlalchemy.engine.Engine: [cached since 13.4s ago] (12,)
2026-06-14 18:34:11,705 [INFO] sqlalchemy.engine.Engine: INSERT INTO notifications (user_id, type, title, content, ref_id, ref_type, is_read, created_at) VALUES (%s, %s, %s, %s, %s, %s, %s, %s)
2026-06-14 18:34:11,705 [INFO] sqlalchemy.engine.Engine: [generated in 0.00094s] (1, 'booking', '预约成功', '您的场地预约已支付成功，订单号 2026061418341052FDD3C8', 3, 'booking', 0, datetime.datetime(2026, 6, 14, 10, 34, 11, 704969))
2026-06-14 18:34:11,782 [INFO] sqlalchemy.engine.Engine: INSERT INTO settlement_records (order_id, total_amount, platform_amount, club_amount, split_ratio, wx_split_order_no, status, fail_reason, created_at, completed_at) VALUES (%s, %s, %s, %s, %s, %s, %s, %s, %s, %s)
2026-06-14 18:34:11,782 [INFO] sqlalchemy.engine.Engine: [generated in 0.00138s] (3, Decimal('100.00'), Decimal('10.00000'), Decimal('90.00000'), Decimal('0.100'), None, 'pending', None, datetime.datetime(2026, 6, 14, 10, 34, 11, 781824), None)
2026-06-14 18:34:11,835 [INFO] sqlalchemy.engine.Engine: COMMIT
2026-06-14 18:34:11,959 [INFO] club-api: POST /api/v1/bookings/3/pay → 200 (1436ms) body={}
2026-06-14 18:35:06,607 [INFO] sqlalchemy.engine.Engine: BEGIN (implicit)
2026-06-14 18:35:06,608 [INFO] sqlalchemy.engine.Engine: SELECT users.id, users.openid, users.unionid, users.nickname, users.avatar_url, users.phone, users.`role`, users.created_at, users.updated_at 
FROM users 
WHERE users.id = %s
2026-06-14 18:35:06,608 [INFO] sqlalchemy.engine.Engine: [cached since 80.65s ago] (1,)
2026-06-14 18:35:06,657 [INFO] sqlalchemy.engine.Engine: SELECT count(booking_orders.id) AS count_1 
FROM booking_orders 
WHERE booking_orders.user_id = %s
2026-06-14 18:35:06,657 [INFO] sqlalchemy.engine.Engine: [generated in 0.00058s] (1,)
2026-06-14 18:35:06,726 [INFO] sqlalchemy.engine.Engine: SELECT booking_orders.id, booking_orders.order_no, booking_orders.user_id, booking_orders.venue_id, booking_orders.slot_id, booking_orders.club_id, booking_orders.amount, booking_orders.status, booking_orders.payment_time, booking_orders.wx_transaction_id, booking_orders.cancel_reason, booking_orders.cancel_time, booking_orders.refund_amount, booking_orders.created_at, venues.name, venue_time_slots.date, venue_time_slots.start_time, venue_time_slots.end_time 
FROM booking_orders INNER JOIN venues ON booking_orders.venue_id = venues.id INNER JOIN venue_time_slots ON booking_orders.slot_id = venue_time_slots.id 
WHERE booking_orders.user_id = %s ORDER BY booking_orders.created_at DESC 
 LIMIT %s, %s
2026-06-14 18:35:06,726 [INFO] sqlalchemy.engine.Engine: [generated in 0.00111s] (1, 0, 20)
2026-06-14 18:35:06,784 [INFO] sqlalchemy.engine.Engine: COMMIT
2026-06-14 18:35:06,883 [INFO] club-api: GET /api/v1/users/me/bookings → 200 (278ms)
2026-06-14 18:53:21,512 [INFO] sqlalchemy.engine.Engine: BEGIN (implicit)
2026-06-14 18:53:21,519 [INFO] sqlalchemy.engine.Engine: SELECT match_posts.id, match_posts.club_id, match_posts.user_id, match_posts.title, match_posts.sport_type, match_posts.preferred_date, match_posts.preferred_start, match_posts.preferred_end, match_posts.players_needed, match_posts.level_required, match_posts.notes, match_posts.venue_id, match_posts.booking_id, match_posts.group_chat_id, match_posts.status, match_posts.created_at, users.nickname, users.avatar_url, clubs.name, count(match_registrations.id) AS count_1 
FROM match_posts INNER JOIN users ON match_posts.user_id = users.id INNER JOIN clubs ON match_posts.club_id = clubs.id LEFT OUTER JOIN match_registrations ON match_registrations.post_id = match_posts.id 
WHERE match_posts.id = %s GROUP BY match_posts.id
2026-06-14 18:53:21,520 [INFO] sqlalchemy.engine.Engine: [generated in 0.00077s] (1,)
2026-06-14 18:53:21,595 [INFO] sqlalchemy.engine.Engine: SELECT match_registrations.id, match_registrations.post_id, match_registrations.user_id, match_registrations.message, match_registrations.status, users.nickname, users.avatar_url 
FROM match_registrations INNER JOIN users ON match_registrations.user_id = users.id 
WHERE match_registrations.post_id = %s ORDER BY match_registrations.id
2026-06-14 18:53:21,595 [INFO] sqlalchemy.engine.Engine: [generated in 0.00048s] (1,)
2026-06-14 18:53:21,696 [INFO] sqlalchemy.engine.Engine: COMMIT
2026-06-14 18:53:21,788 [INFO] club-api: GET /api/v1/posts/1 → 200 (283ms)
2026-06-14 18:53:24,875 [INFO] sqlalchemy.engine.Engine: BEGIN (implicit)
2026-06-14 18:53:24,875 [INFO] sqlalchemy.engine.Engine: SELECT count(match_posts.id) AS count_1 
FROM match_posts
2026-06-14 18:53:24,875 [INFO] sqlalchemy.engine.Engine: [cached since 464.2s ago] ()
2026-06-14 18:53:24,878 [INFO] sqlalchemy.engine.Engine: BEGIN (implicit)
2026-06-14 18:53:24,879 [INFO] sqlalchemy.engine.Engine: SELECT count(tournaments.id) AS count_1 
FROM tournaments 
WHERE tournaments.status = %s
2026-06-14 18:53:24,879 [INFO] sqlalchemy.engine.Engine: [cached since 464.2s ago] ('open',)
2026-06-14 18:53:25,039 [INFO] sqlalchemy.engine.Engine: SELECT tournaments.id, tournaments.club_id, tournaments.title, tournaments.description, tournaments.sport_type, tournaments.start_time, tournaments.end_time, tournaments.venue_id, tournaments.lock_venue, tournaments.max_participants, tournaments.current_participants, tournaments.entry_fee, tournaments.cover_image, tournaments.group_chat_id, tournaments.status, tournaments.created_at, clubs.name 
FROM tournaments INNER JOIN clubs ON tournaments.club_id = clubs.id 
WHERE tournaments.status = %s ORDER BY tournaments.start_time 
 LIMIT %s, %s
2026-06-14 18:53:25,040 [INFO] sqlalchemy.engine.Engine: [cached since 464.3s ago] ('open', 0, 5)
2026-06-14 18:53:25,049 [INFO] sqlalchemy.engine.Engine: SELECT match_posts.id, match_posts.club_id, match_posts.user_id, match_posts.title, match_posts.sport_type, match_posts.preferred_date, match_posts.preferred_start, match_posts.preferred_end, match_posts.players_needed, match_posts.level_required, match_posts.notes, match_posts.venue_id, match_posts.booking_id, match_posts.group_chat_id, match_posts.status, match_posts.created_at, users.nickname, users.avatar_url, clubs.name, count(match_registrations.id) AS count_1 
FROM match_posts INNER JOIN users ON match_posts.user_id = users.id INNER JOIN clubs ON match_posts.club_id = clubs.id LEFT OUTER JOIN match_registrations ON match_registrations.post_id = match_posts.id GROUP BY match_posts.id ORDER BY match_posts.created_at DESC 
 LIMIT %s, %s
2026-06-14 18:53:25,050 [INFO] sqlalchemy.engine.Engine: [cached since 464.3s ago] (0, 10)
2026-06-14 18:53:25,084 [INFO] sqlalchemy.engine.Engine: COMMIT
2026-06-14 18:53:25,098 [INFO] sqlalchemy.engine.Engine: COMMIT
2026-06-14 18:53:25,148 [INFO] club-api: GET /api/v1/tournaments → 200 (272ms)
2026-06-14 18:53:25,184 [INFO] club-api: GET /api/v1/posts → 200 (311ms)
2026-06-14 18:53:29,484 [INFO] sqlalchemy.engine.Engine: BEGIN (implicit)
2026-06-14 18:53:29,486 [INFO] sqlalchemy.engine.Engine: SELECT count(match_posts.id) AS count_1 
FROM match_posts
2026-06-14 18:53:29,486 [INFO] sqlalchemy.engine.Engine: [cached since 468.8s ago] ()
2026-06-14 18:53:29,491 [INFO] sqlalchemy.engine.Engine: BEGIN (implicit)
2026-06-14 18:53:29,492 [INFO] sqlalchemy.engine.Engine: SELECT count(tournaments.id) AS count_1 
FROM tournaments 
WHERE tournaments.status = %s
2026-06-14 18:53:29,492 [INFO] sqlalchemy.engine.Engine: [cached since 468.8s ago] ('open',)
2026-06-14 18:53:29,640 [INFO] sqlalchemy.engine.Engine: SELECT tournaments.id, tournaments.club_id, tournaments.title, tournaments.description, tournaments.sport_type, tournaments.start_time, tournaments.end_time, tournaments.venue_id, tournaments.lock_venue, tournaments.max_participants, tournaments.current_participants, tournaments.entry_fee, tournaments.cover_image, tournaments.group_chat_id, tournaments.status, tournaments.created_at, clubs.name 
FROM tournaments INNER JOIN clubs ON tournaments.club_id = clubs.id 
WHERE tournaments.status = %s ORDER BY tournaments.start_time 
 LIMIT %s, %s
2026-06-14 18:53:29,640 [INFO] sqlalchemy.engine.Engine: [cached since 468.9s ago] ('open', 0, 5)
2026-06-14 18:53:29,642 [INFO] sqlalchemy.engine.Engine: SELECT match_posts.id, match_posts.club_id, match_posts.user_id, match_posts.title, match_posts.sport_type, match_posts.preferred_date, match_posts.preferred_start, match_posts.preferred_end, match_posts.players_needed, match_posts.level_required, match_posts.notes, match_posts.venue_id, match_posts.booking_id, match_posts.group_chat_id, match_posts.status, match_posts.created_at, users.nickname, users.avatar_url, clubs.name, count(match_registrations.id) AS count_1 
FROM match_posts INNER JOIN users ON match_posts.user_id = users.id INNER JOIN clubs ON match_posts.club_id = clubs.id LEFT OUTER JOIN match_registrations ON match_registrations.post_id = match_posts.id GROUP BY match_posts.id ORDER BY match_posts.created_at DESC 
 LIMIT %s, %s
2026-06-14 18:53:29,642 [INFO] sqlalchemy.engine.Engine: [cached since 468.9s ago] (0, 10)
2026-06-14 18:53:29,690 [INFO] sqlalchemy.engine.Engine: COMMIT
2026-06-14 18:53:29,693 [INFO] sqlalchemy.engine.Engine: COMMIT
2026-06-14 18:53:29,848 [INFO] club-api: GET /api/v1/tournaments → 200 (361ms)
2026-06-14 18:53:29,882 [INFO] club-api: GET /api/v1/posts → 200 (400ms)
2026-06-14 18:53:51,359 [INFO] sqlalchemy.engine.Engine: BEGIN (implicit)
2026-06-14 18:53:51,360 [INFO] sqlalchemy.engine.Engine: SELECT users.id, users.openid, users.unionid, users.nickname, users.avatar_url, users.phone, users.`role`, users.created_at, users.updated_at 
FROM users 
WHERE users.id = %s
2026-06-14 18:53:51,360 [INFO] sqlalchemy.engine.Engine: [cached since 491s ago] (1,)
2026-06-14 18:53:51,379 [INFO] sqlalchemy.engine.Engine: BEGIN (implicit)
2026-06-14 18:53:51,380 [INFO] sqlalchemy.engine.Engine: SELECT count(match_posts.id) AS count_1 
FROM match_posts
2026-06-14 18:53:51,380 [INFO] sqlalchemy.engine.Engine: [cached since 490.7s ago] ()
2026-06-14 18:53:51,383 [INFO] sqlalchemy.engine.Engine: BEGIN (implicit)
2026-06-14 18:53:51,384 [INFO] sqlalchemy.engine.Engine: SELECT count(tournaments.id) AS count_1 
FROM tournaments 
WHERE tournaments.status = %s
2026-06-14 18:53:51,384 [INFO] sqlalchemy.engine.Engine: [cached since 490.7s ago] ('open',)
2026-06-14 18:53:51,405 [INFO] sqlalchemy.engine.Engine: SELECT club_members.club_id 
FROM club_members 
WHERE club_members.user_id = %s
2026-06-14 18:53:51,405 [INFO] sqlalchemy.engine.Engine: [cached since 491s ago] (1,)
2026-06-14 18:53:51,419 [INFO] sqlalchemy.engine.Engine: SELECT match_posts.id, match_posts.club_id, match_posts.user_id, match_posts.title, match_posts.sport_type, match_posts.preferred_date, match_posts.preferred_start, match_posts.preferred_end, match_posts.players_needed, match_posts.level_required, match_posts.notes, match_posts.venue_id, match_posts.booking_id, match_posts.group_chat_id, match_posts.status, match_posts.created_at, users.nickname, users.avatar_url, clubs.name, count(match_registrations.id) AS count_1 
FROM match_posts INNER JOIN users ON match_posts.user_id = users.id INNER JOIN clubs ON match_posts.club_id = clubs.id LEFT OUTER JOIN match_registrations ON match_registrations.post_id = match_posts.id GROUP BY match_posts.id ORDER BY match_posts.created_at DESC 
 LIMIT %s, %s
2026-06-14 18:53:51,419 [INFO] sqlalchemy.engine.Engine: [cached since 490.7s ago] (0, 10)
2026-06-14 18:53:51,427 [INFO] sqlalchemy.engine.Engine: SELECT tournaments.id, tournaments.club_id, tournaments.title, tournaments.description, tournaments.sport_type, tournaments.start_time, tournaments.end_time, tournaments.venue_id, tournaments.lock_venue, tournaments.max_participants, tournaments.current_participants, tournaments.entry_fee, tournaments.cover_image, tournaments.group_chat_id, tournaments.status, tournaments.created_at, clubs.name 
FROM tournaments INNER JOIN clubs ON tournaments.club_id = clubs.id 
WHERE tournaments.status = %s ORDER BY tournaments.start_time 
 LIMIT %s, %s
2026-06-14 18:53:51,427 [INFO] sqlalchemy.engine.Engine: [cached since 490.7s ago] ('open', 0, 5)
2026-06-14 18:53:51,451 [INFO] sqlalchemy.engine.Engine: COMMIT
2026-06-14 18:53:51,457 [INFO] sqlalchemy.engine.Engine: COMMIT
2026-06-14 18:53:51,476 [INFO] sqlalchemy.engine.Engine: COMMIT
2026-06-14 18:53:51,537 [INFO] club-api: GET /api/v1/users/me → 200 (180ms)
2026-06-14 18:53:51,539 [INFO] club-api: GET /api/v1/posts → 200 (162ms)
2026-06-14 18:53:51,549 [INFO] club-api: GET /api/v1/tournaments → 200 (168ms)
2026-06-14 18:54:12,767 [INFO] sqlalchemy.engine.Engine: BEGIN (implicit)
2026-06-14 18:54:12,768 [INFO] sqlalchemy.engine.Engine: SELECT users.id, users.openid, users.unionid, users.nickname, users.avatar_url, users.phone, users.`role`, users.created_at, users.updated_at 
FROM users 
WHERE users.id = %s
2026-06-14 18:54:12,769 [INFO] sqlalchemy.engine.Engine: [cached since 512.4s ago] (1,)
2026-06-14 18:54:12,786 [INFO] sqlalchemy.engine.Engine: BEGIN (implicit)
2026-06-14 18:54:12,787 [INFO] sqlalchemy.engine.Engine: SELECT count(match_posts.id) AS count_1 
FROM match_posts
2026-06-14 18:54:12,787 [INFO] sqlalchemy.engine.Engine: [cached since 512.1s ago] ()
2026-06-14 18:54:12,790 [INFO] sqlalchemy.engine.Engine: BEGIN (implicit)
2026-06-14 18:54:12,790 [INFO] sqlalchemy.engine.Engine: SELECT count(tournaments.id) AS count_1 
FROM tournaments 
WHERE tournaments.status = %s
2026-06-14 18:54:12,791 [INFO] sqlalchemy.engine.Engine: [cached since 512.1s ago] ('open',)
2026-06-14 18:54:12,821 [INFO] sqlalchemy.engine.Engine: SELECT club_members.club_id 
FROM club_members 
WHERE club_members.user_id = %s
2026-06-14 18:54:12,821 [INFO] sqlalchemy.engine.Engine: [cached since 512.4s ago] (1,)
2026-06-14 18:54:12,887 [INFO] sqlalchemy.engine.Engine: SELECT match_posts.id, match_posts.club_id, match_posts.user_id, match_posts.title, match_posts.sport_type, match_posts.preferred_date, match_posts.preferred_start, match_posts.preferred_end, match_posts.players_needed, match_posts.level_required, match_posts.notes, match_posts.venue_id, match_posts.booking_id, match_posts.group_chat_id, match_posts.status, match_posts.created_at, users.nickname, users.avatar_url, clubs.name, count(match_registrations.id) AS count_1 
FROM match_posts INNER JOIN users ON match_posts.user_id = users.id INNER JOIN clubs ON match_posts.club_id = clubs.id LEFT OUTER JOIN match_registrations ON match_registrations.post_id = match_posts.id GROUP BY match_posts.id ORDER BY match_posts.created_at DESC 
 LIMIT %s, %s
2026-06-14 18:54:12,888 [INFO] sqlalchemy.engine.Engine: [cached since 512.1s ago] (0, 10)
2026-06-14 18:54:12,890 [INFO] sqlalchemy.engine.Engine: SELECT tournaments.id, tournaments.club_id, tournaments.title, tournaments.description, tournaments.sport_type, tournaments.start_time, tournaments.end_time, tournaments.venue_id, tournaments.lock_venue, tournaments.max_participants, tournaments.current_participants, tournaments.entry_fee, tournaments.cover_image, tournaments.group_chat_id, tournaments.status, tournaments.created_at, clubs.name 
FROM tournaments INNER JOIN clubs ON tournaments.club_id = clubs.id 
WHERE tournaments.status = %s ORDER BY tournaments.start_time 
 LIMIT %s, %s
2026-06-14 18:54:12,890 [INFO] sqlalchemy.engine.Engine: [cached since 512.1s ago] ('open', 0, 5)
2026-06-14 18:54:12,892 [INFO] sqlalchemy.engine.Engine: COMMIT
2026-06-14 18:54:12,927 [INFO] sqlalchemy.engine.Engine: COMMIT
2026-06-14 18:54:12,933 [INFO] sqlalchemy.engine.Engine: COMMIT
2026-06-14 18:54:13,027 [INFO] club-api: GET /api/v1/posts → 200 (243ms)
2026-06-14 18:54:13,029 [INFO] club-api: GET /api/v1/users/me → 200 (263ms)
2026-06-14 18:54:13,090 [INFO] club-api: GET /api/v1/tournaments → 200 (301ms)
2026-06-14 18:54:18,443 [INFO] sqlalchemy.engine.Engine: BEGIN (implicit)
2026-06-14 18:54:18,443 [INFO] sqlalchemy.engine.Engine: SELECT users.id, users.openid, users.unionid, users.nickname, users.avatar_url, users.phone, users.`role`, users.created_at, users.updated_at 
FROM users 
WHERE users.id = %s
2026-06-14 18:54:18,443 [INFO] sqlalchemy.engine.Engine: [cached since 518.1s ago] (1,)
2026-06-14 18:54:18,462 [INFO] sqlalchemy.engine.Engine: BEGIN (implicit)
2026-06-14 18:54:18,463 [INFO] sqlalchemy.engine.Engine: SELECT count(match_posts.id) AS count_1 
FROM match_posts
2026-06-14 18:54:18,463 [INFO] sqlalchemy.engine.Engine: [cached since 517.8s ago] ()
2026-06-14 18:54:18,466 [INFO] sqlalchemy.engine.Engine: BEGIN (implicit)
2026-06-14 18:54:18,467 [INFO] sqlalchemy.engine.Engine: SELECT count(tournaments.id) AS count_1 
FROM tournaments 
WHERE tournaments.status = %s
2026-06-14 18:54:18,467 [INFO] sqlalchemy.engine.Engine: [cached since 517.8s ago] ('open',)
2026-06-14 18:54:18,519 [INFO] sqlalchemy.engine.Engine: SELECT club_members.club_id 
FROM club_members 
WHERE club_members.user_id = %s
2026-06-14 18:54:18,519 [INFO] sqlalchemy.engine.Engine: [cached since 518.1s ago] (1,)
2026-06-14 18:54:18,520 [INFO] sqlalchemy.engine.Engine: SELECT match_posts.id, match_posts.club_id, match_posts.user_id, match_posts.title, match_posts.sport_type, match_posts.preferred_date, match_posts.preferred_start, match_posts.preferred_end, match_posts.players_needed, match_posts.level_required, match_posts.notes, match_posts.venue_id, match_posts.booking_id, match_posts.group_chat_id, match_posts.status, match_posts.created_at, users.nickname, users.avatar_url, clubs.name, count(match_registrations.id) AS count_1 
FROM match_posts INNER JOIN users ON match_posts.user_id = users.id INNER JOIN clubs ON match_posts.club_id = clubs.id LEFT OUTER JOIN match_registrations ON match_registrations.post_id = match_posts.id GROUP BY match_posts.id ORDER BY match_posts.created_at DESC 
 LIMIT %s, %s
2026-06-14 18:54:18,521 [INFO] sqlalchemy.engine.Engine: [cached since 517.8s ago] (0, 10)
2026-06-14 18:54:18,558 [INFO] sqlalchemy.engine.Engine: SELECT tournaments.id, tournaments.club_id, tournaments.title, tournaments.description, tournaments.sport_type, tournaments.start_time, tournaments.end_time, tournaments.venue_id, tournaments.lock_venue, tournaments.max_participants, tournaments.current_participants, tournaments.entry_fee, tournaments.cover_image, tournaments.group_chat_id, tournaments.status, tournaments.created_at, clubs.name 
FROM tournaments INNER JOIN clubs ON tournaments.club_id = clubs.id 
WHERE tournaments.status = %s ORDER BY tournaments.start_time 
 LIMIT %s, %s
2026-06-14 18:54:18,559 [INFO] sqlalchemy.engine.Engine: [cached since 517.8s ago] ('open', 0, 5)
2026-06-14 18:54:18,625 [INFO] sqlalchemy.engine.Engine: COMMIT
2026-06-14 18:54:18,627 [INFO] sqlalchemy.engine.Engine: COMMIT
2026-06-14 18:54:18,636 [INFO] sqlalchemy.engine.Engine: COMMIT
2026-06-14 18:54:18,723 [INFO] club-api: GET /api/v1/posts → 200 (263ms)
2026-06-14 18:54:18,756 [INFO] club-api: GET /api/v1/users/me → 200 (314ms)
2026-06-14 18:54:18,763 [INFO] club-api: GET /api/v1/tournaments → 200 (300ms)
2026-06-14 18:54:43,405 [INFO] sqlalchemy.engine.Engine: BEGIN (implicit)
2026-06-14 18:54:43,405 [INFO] sqlalchemy.engine.Engine: SELECT users.id, users.openid, users.unionid, users.nickname, users.avatar_url, users.phone, users.`role`, users.created_at, users.updated_at 
FROM users 
WHERE users.id = %s
2026-06-14 18:54:43,405 [INFO] sqlalchemy.engine.Engine: [cached since 543s ago] (1,)
2026-06-14 18:54:43,435 [INFO] sqlalchemy.engine.Engine: BEGIN (implicit)
2026-06-14 18:54:43,436 [INFO] sqlalchemy.engine.Engine: SELECT count(match_posts.id) AS count_1 
FROM match_posts
2026-06-14 18:54:43,436 [INFO] sqlalchemy.engine.Engine: [cached since 542.8s ago] ()
2026-06-14 18:54:43,439 [INFO] sqlalchemy.engine.Engine: BEGIN (implicit)
2026-06-14 18:54:43,439 [INFO] sqlalchemy.engine.Engine: SELECT count(tournaments.id) AS count_1 
FROM tournaments 
WHERE tournaments.status = %s
2026-06-14 18:54:43,439 [INFO] sqlalchemy.engine.Engine: [cached since 542.8s ago] ('open',)
2026-06-14 18:54:43,449 [INFO] sqlalchemy.engine.Engine: SELECT club_members.club_id 
FROM club_members 
WHERE club_members.user_id = %s
2026-06-14 18:54:43,450 [INFO] sqlalchemy.engine.Engine: [cached since 543s ago] (1,)
2026-06-14 18:54:43,505 [INFO] sqlalchemy.engine.Engine: SELECT match_posts.id, match_posts.club_id, match_posts.user_id, match_posts.title, match_posts.sport_type, match_posts.preferred_date, match_posts.preferred_start, match_posts.preferred_end, match_posts.players_needed, match_posts.level_required, match_posts.notes, match_posts.venue_id, match_posts.booking_id, match_posts.group_chat_id, match_posts.status, match_posts.created_at, users.nickname, users.avatar_url, clubs.name, count(match_registrations.id) AS count_1 
FROM match_posts INNER JOIN users ON match_posts.user_id = users.id INNER JOIN clubs ON match_posts.club_id = clubs.id LEFT OUTER JOIN match_registrations ON match_registrations.post_id = match_posts.id GROUP BY match_posts.id ORDER BY match_posts.created_at DESC 
 LIMIT %s, %s
2026-06-14 18:54:43,505 [INFO] sqlalchemy.engine.Engine: [cached since 542.8s ago] (0, 10)
2026-06-14 18:54:43,507 [INFO] sqlalchemy.engine.Engine: SELECT tournaments.id, tournaments.club_id, tournaments.title, tournaments.description, tournaments.sport_type, tournaments.start_time, tournaments.end_time, tournaments.venue_id, tournaments.lock_venue, tournaments.max_participants, tournaments.current_participants, tournaments.entry_fee, tournaments.cover_image, tournaments.group_chat_id, tournaments.status, tournaments.created_at, clubs.name 
FROM tournaments INNER JOIN clubs ON tournaments.club_id = clubs.id 
WHERE tournaments.status = %s ORDER BY tournaments.start_time 
 LIMIT %s, %s
2026-06-14 18:54:43,507 [INFO] sqlalchemy.engine.Engine: [cached since 542.8s ago] ('open', 0, 5)
2026-06-14 18:54:43,508 [INFO] sqlalchemy.engine.Engine: COMMIT
2026-06-14 18:54:43,608 [INFO] sqlalchemy.engine.Engine: COMMIT
2026-06-14 18:54:43,610 [INFO] sqlalchemy.engine.Engine: COMMIT
2026-06-14 18:54:43,650 [INFO] club-api: GET /api/v1/users/me → 200 (247ms)
2026-06-14 18:54:43,709 [INFO] club-api: GET /api/v1/posts → 200 (276ms)
2026-06-14 18:54:43,710 [INFO] club-api: GET /api/v1/tournaments → 200 (273ms)
2026-06-14 18:54:45,714 [INFO] sqlalchemy.engine.Engine: BEGIN (implicit)
2026-06-14 18:54:45,715 [INFO] sqlalchemy.engine.Engine: SELECT count(clubs.id) AS count_1 
FROM clubs 
WHERE clubs.status = %s
2026-06-14 18:54:45,715 [INFO] sqlalchemy.engine.Engine: [cached since 537.3s ago] ('active',)
2026-06-14 18:54:45,860 [INFO] sqlalchemy.engine.Engine: SELECT clubs.id, clubs.name, clubs.sport_types, clubs.description, clubs.cover_image, clubs.images, clubs.address, clubs.latitude, clubs.longitude, clubs.contact_phone, clubs.split_ratio, clubs.sub_merchant_id, clubs.status, clubs.created_at, clubs.updated_at 
FROM clubs 
WHERE clubs.status = %s ORDER BY clubs.id DESC 
 LIMIT %s, %s
2026-06-14 18:54:45,861 [INFO] sqlalchemy.engine.Engine: [cached since 537.3s ago] ('active', 0, 20)
2026-06-14 18:54:45,908 [INFO] sqlalchemy.engine.Engine: COMMIT
2026-06-14 18:54:45,999 [INFO] club-api: GET /api/v1/clubs → 200 (286ms)
2026-06-14 18:54:59,855 [INFO] sqlalchemy.engine.Engine: BEGIN (implicit)
2026-06-14 18:54:59,856 [INFO] sqlalchemy.engine.Engine: SELECT match_posts.id, match_posts.club_id, match_posts.user_id, match_posts.title, match_posts.sport_type, match_posts.preferred_date, match_posts.preferred_start, match_posts.preferred_end, match_posts.players_needed, match_posts.level_required, match_posts.notes, match_posts.venue_id, match_posts.booking_id, match_posts.group_chat_id, match_posts.status, match_posts.created_at, users.nickname, users.avatar_url, clubs.name, count(match_registrations.id) AS count_1 
FROM match_posts INNER JOIN users ON match_posts.user_id = users.id INNER JOIN clubs ON match_posts.club_id = clubs.id LEFT OUTER JOIN match_registrations ON match_registrations.post_id = match_posts.id 
WHERE match_posts.id = %s GROUP BY match_posts.id
2026-06-14 18:54:59,856 [INFO] sqlalchemy.engine.Engine: [cached since 98.34s ago] (1,)
2026-06-14 18:54:59,944 [INFO] sqlalchemy.engine.Engine: SELECT match_registrations.id, match_registrations.post_id, match_registrations.user_id, match_registrations.message, match_registrations.status, users.nickname, users.avatar_url 
FROM match_registrations INNER JOIN users ON match_registrations.user_id = users.id 
WHERE match_registrations.post_id = %s ORDER BY match_registrations.id
2026-06-14 18:54:59,944 [INFO] sqlalchemy.engine.Engine: [cached since 98.35s ago] (1,)
2026-06-14 18:54:59,994 [INFO] sqlalchemy.engine.Engine: COMMIT
2026-06-14 18:55:00,129 [INFO] club-api: GET /api/v1/posts/1 → 200 (275ms)
2026-06-14 18:57:26,549 [INFO] sqlalchemy.engine.Engine: BEGIN (implicit)
2026-06-14 18:57:26,551 [INFO] sqlalchemy.engine.Engine: SELECT users.id, users.openid, users.unionid, users.nickname, users.avatar_url, users.phone, users.`role`, users.created_at, users.updated_at 
FROM users 
WHERE users.id = %s
2026-06-14 18:57:26,551 [INFO] sqlalchemy.engine.Engine: [cached since 706.2s ago] (1,)
2026-06-14 18:57:26,561 [INFO] sqlalchemy.engine.Engine: BEGIN (implicit)
2026-06-14 18:57:26,561 [INFO] sqlalchemy.engine.Engine: SELECT count(match_posts.id) AS count_1 
FROM match_posts
2026-06-14 18:57:26,561 [INFO] sqlalchemy.engine.Engine: [cached since 705.9s ago] ()
2026-06-14 18:57:26,564 [INFO] sqlalchemy.engine.Engine: BEGIN (implicit)
2026-06-14 18:57:26,565 [INFO] sqlalchemy.engine.Engine: SELECT count(tournaments.id) AS count_1 
FROM tournaments 
WHERE tournaments.status = %s
2026-06-14 18:57:26,565 [INFO] sqlalchemy.engine.Engine: [cached since 705.9s ago] ('open',)
2026-06-14 18:57:26,589 [INFO] sqlalchemy.engine.Engine: SELECT club_members.club_id 
FROM club_members 
WHERE club_members.user_id = %s
2026-06-14 18:57:26,589 [INFO] sqlalchemy.engine.Engine: [cached since 706.1s ago] (1,)
2026-06-14 18:57:26,600 [INFO] sqlalchemy.engine.Engine: SELECT tournaments.id, tournaments.club_id, tournaments.title, tournaments.description, tournaments.sport_type, tournaments.start_time, tournaments.end_time, tournaments.venue_id, tournaments.lock_venue, tournaments.max_participants, tournaments.current_participants, tournaments.entry_fee, tournaments.cover_image, tournaments.group_chat_id, tournaments.status, tournaments.created_at, clubs.name 
FROM tournaments INNER JOIN clubs ON tournaments.club_id = clubs.id 
WHERE tournaments.status = %s ORDER BY tournaments.start_time 
 LIMIT %s, %s
2026-06-14 18:57:26,600 [INFO] sqlalchemy.engine.Engine: [cached since 705.8s ago] ('open', 0, 5)
2026-06-14 18:57:26,611 [INFO] sqlalchemy.engine.Engine: SELECT match_posts.id, match_posts.club_id, match_posts.user_id, match_posts.title, match_posts.sport_type, match_posts.preferred_date, match_posts.preferred_start, match_posts.preferred_end, match_posts.players_needed, match_posts.level_required, match_posts.notes, match_posts.venue_id, match_posts.booking_id, match_posts.group_chat_id, match_posts.status, match_posts.created_at, users.nickname, users.avatar_url, clubs.name, count(match_registrations.id) AS count_1 
FROM match_posts INNER JOIN users ON match_posts.user_id = users.id INNER JOIN clubs ON match_posts.club_id = clubs.id LEFT OUTER JOIN match_registrations ON match_registrations.post_id = match_posts.id GROUP BY match_posts.id ORDER BY match_posts.created_at DESC 
 LIMIT %s, %s
2026-06-14 18:57:26,611 [INFO] sqlalchemy.engine.Engine: [cached since 705.9s ago] (0, 10)
2026-06-14 18:57:26,638 [INFO] sqlalchemy.engine.Engine: COMMIT
2026-06-14 18:57:26,660 [INFO] sqlalchemy.engine.Engine: COMMIT
2026-06-14 18:57:26,663 [INFO] sqlalchemy.engine.Engine: COMMIT
2026-06-14 18:57:26,719 [INFO] club-api: GET /api/v1/users/me → 200 (178ms)
2026-06-14 18:57:26,767 [INFO] club-api: GET /api/v1/tournaments → 200 (205ms)
2026-06-14 18:57:26,769 [INFO] club-api: GET /api/v1/posts → 200 (211ms)
2026-06-14 18:58:05,917 [INFO] sqlalchemy.engine.Engine: BEGIN (implicit)
2026-06-14 18:58:05,918 [INFO] sqlalchemy.engine.Engine: SELECT users.id, users.openid, users.unionid, users.nickname, users.avatar_url, users.phone, users.`role`, users.created_at, users.updated_at 
FROM users 
WHERE users.id = %s
2026-06-14 18:58:05,918 [INFO] sqlalchemy.engine.Engine: [cached since 745.6s ago] (1,)
2026-06-14 18:58:05,950 [INFO] sqlalchemy.engine.Engine: BEGIN (implicit)
2026-06-14 18:58:05,950 [INFO] sqlalchemy.engine.Engine: SELECT count(match_posts.id) AS count_1 
FROM match_posts
2026-06-14 18:58:05,951 [INFO] sqlalchemy.engine.Engine: [cached since 745.3s ago] ()
2026-06-14 18:58:05,953 [INFO] sqlalchemy.engine.Engine: BEGIN (implicit)
2026-06-14 18:58:05,954 [INFO] sqlalchemy.engine.Engine: SELECT count(tournaments.id) AS count_1 
FROM tournaments 
WHERE tournaments.status = %s
2026-06-14 18:58:05,954 [INFO] sqlalchemy.engine.Engine: [cached since 745.3s ago] ('open',)
2026-06-14 18:58:05,966 [INFO] sqlalchemy.engine.Engine: SELECT club_members.club_id 
FROM club_members 
WHERE club_members.user_id = %s
2026-06-14 18:58:05,966 [INFO] sqlalchemy.engine.Engine: [cached since 745.5s ago] (1,)
2026-06-14 18:58:05,990 [INFO] sqlalchemy.engine.Engine: SELECT match_posts.id, match_posts.club_id, match_posts.user_id, match_posts.title, match_posts.sport_type, match_posts.preferred_date, match_posts.preferred_start, match_posts.preferred_end, match_posts.players_needed, match_posts.level_required, match_posts.notes, match_posts.venue_id, match_posts.booking_id, match_posts.group_chat_id, match_posts.status, match_posts.created_at, users.nickname, users.avatar_url, clubs.name, count(match_registrations.id) AS count_1 
FROM match_posts INNER JOIN users ON match_posts.user_id = users.id INNER JOIN clubs ON match_posts.club_id = clubs.id LEFT OUTER JOIN match_registrations ON match_registrations.post_id = match_posts.id GROUP BY match_posts.id ORDER BY match_posts.created_at DESC 
 LIMIT %s, %s
2026-06-14 18:58:05,990 [INFO] sqlalchemy.engine.Engine: [cached since 745.2s ago] (0, 10)
2026-06-14 18:58:06,000 [INFO] sqlalchemy.engine.Engine: SELECT tournaments.id, tournaments.club_id, tournaments.title, tournaments.description, tournaments.sport_type, tournaments.start_time, tournaments.end_time, tournaments.venue_id, tournaments.lock_venue, tournaments.max_participants, tournaments.current_participants, tournaments.entry_fee, tournaments.cover_image, tournaments.group_chat_id, tournaments.status, tournaments.created_at, clubs.name 
FROM tournaments INNER JOIN clubs ON tournaments.club_id = clubs.id 
WHERE tournaments.status = %s ORDER BY tournaments.start_time 
 LIMIT %s, %s
2026-06-14 18:58:06,000 [INFO] sqlalchemy.engine.Engine: [cached since 745.2s ago] ('open', 0, 5)
2026-06-14 18:58:06,011 [INFO] sqlalchemy.engine.Engine: COMMIT
2026-06-14 18:58:06,035 [INFO] sqlalchemy.engine.Engine: COMMIT
2026-06-14 18:58:06,045 [INFO] sqlalchemy.engine.Engine: COMMIT
2026-06-14 18:58:06,078 [INFO] club-api: GET /api/v1/users/me → 200 (163ms)
2026-06-14 18:58:06,102 [INFO] club-api: GET /api/v1/posts → 200 (154ms)
2026-06-14 18:58:06,131 [INFO] club-api: GET /api/v1/tournaments → 200 (180ms)
2026-06-14 18:58:07,359 [INFO] sqlalchemy.engine.Engine: BEGIN (implicit)
2026-06-14 18:58:07,360 [INFO] sqlalchemy.engine.Engine: SELECT match_posts.id, match_posts.club_id, match_posts.user_id, match_posts.title, match_posts.sport_type, match_posts.preferred_date, match_posts.preferred_start, match_posts.preferred_end, match_posts.players_needed, match_posts.level_required, match_posts.notes, match_posts.venue_id, match_posts.booking_id, match_posts.group_chat_id, match_posts.status, match_posts.created_at, users.nickname, users.avatar_url, clubs.name, count(match_registrations.id) AS count_1 
FROM match_posts INNER JOIN users ON match_posts.user_id = users.id INNER JOIN clubs ON match_posts.club_id = clubs.id LEFT OUTER JOIN match_registrations ON match_registrations.post_id = match_posts.id 
WHERE match_posts.id = %s GROUP BY match_posts.id
2026-06-14 18:58:07,360 [INFO] sqlalchemy.engine.Engine: [cached since 285.8s ago] (2,)
2026-06-14 18:58:07,410 [INFO] sqlalchemy.engine.Engine: SELECT match_registrations.id, match_registrations.post_id, match_registrations.user_id, match_registrations.message, match_registrations.status, users.nickname, users.avatar_url 
FROM match_registrations INNER JOIN users ON match_registrations.user_id = users.id 
WHERE match_registrations.post_id = %s ORDER BY match_registrations.id
2026-06-14 18:58:07,410 [INFO] sqlalchemy.engine.Engine: [cached since 285.8s ago] (2,)
2026-06-14 18:58:07,453 [INFO] sqlalchemy.engine.Engine: COMMIT
2026-06-14 18:58:07,533 [INFO] club-api: GET /api/v1/posts/2 → 200 (175ms)
2026-06-14 18:58:12,005 [INFO] sqlalchemy.engine.Engine: BEGIN (implicit)
2026-06-14 18:58:12,006 [INFO] sqlalchemy.engine.Engine: SELECT count(clubs.id) AS count_1 
FROM clubs 
WHERE clubs.status = %s
2026-06-14 18:58:12,006 [INFO] sqlalchemy.engine.Engine: [cached since 743.6s ago] ('active',)
2026-06-14 18:58:12,058 [INFO] sqlalchemy.engine.Engine: SELECT clubs.id, clubs.name, clubs.sport_types, clubs.description, clubs.cover_image, clubs.images, clubs.address, clubs.latitude, clubs.longitude, clubs.contact_phone, clubs.split_ratio, clubs.sub_merchant_id, clubs.status, clubs.created_at, clubs.updated_at 
FROM clubs 
WHERE clubs.status = %s ORDER BY clubs.id DESC 
 LIMIT %s, %s
2026-06-14 18:58:12,058 [INFO] sqlalchemy.engine.Engine: [cached since 743.5s ago] ('active', 0, 50)
2026-06-14 18:58:12,110 [INFO] sqlalchemy.engine.Engine: COMMIT
2026-06-14 18:58:12,193 [INFO] club-api: GET /api/v1/clubs → 200 (190ms)
2026-06-14 18:58:24,928 [INFO] sqlalchemy.engine.Engine: BEGIN (implicit)
2026-06-14 18:58:24,931 [INFO] sqlalchemy.engine.Engine: SELECT venues.id, venues.club_id, venues.name, venues.sport_type, venues.price_per_hour, venues.max_capacity, venues.open_time, venues.close_time, venues.cover_image, venues.status, venues.sort_order, venues.created_at 
FROM venues 
WHERE venues.club_id = %s ORDER BY venues.sort_order
2026-06-14 18:58:24,931 [INFO] sqlalchemy.engine.Engine: [generated in 0.00044s] (12,)
2026-06-14 18:58:24,980 [INFO] sqlalchemy.engine.Engine: COMMIT
2026-06-14 18:58:25,062 [INFO] club-api: GET /api/v1/clubs/12/venues → 200 (135ms)
2026-06-14 19:00:13,788 [INFO] sqlalchemy.engine.Engine: BEGIN (implicit)
2026-06-14 19:00:13,791 [INFO] sqlalchemy.engine.Engine: SELECT count(clubs.id) AS count_1 
FROM clubs 
WHERE clubs.status = %s
2026-06-14 19:00:13,791 [INFO] sqlalchemy.engine.Engine: [cached since 865.4s ago] ('active',)
2026-06-14 19:00:13,954 [INFO] sqlalchemy.engine.Engine: SELECT clubs.id, clubs.name, clubs.sport_types, clubs.description, clubs.cover_image, clubs.images, clubs.address, clubs.latitude, clubs.longitude, clubs.contact_phone, clubs.split_ratio, clubs.sub_merchant_id, clubs.status, clubs.created_at, clubs.updated_at 
FROM clubs 
WHERE clubs.status = %s ORDER BY clubs.id DESC 
 LIMIT %s, %s
2026-06-14 19:00:13,955 [INFO] sqlalchemy.engine.Engine: [cached since 865.4s ago] ('active', 0, 50)
2026-06-14 19:00:13,997 [INFO] sqlalchemy.engine.Engine: COMMIT
2026-06-14 19:00:14,221 [INFO] club-api: GET /api/v1/clubs → 200 (435ms)
2026-06-14 19:00:51,634 [INFO] sqlalchemy.engine.Engine: BEGIN (implicit)
2026-06-14 19:00:51,635 [INFO] sqlalchemy.engine.Engine: SELECT users.id, users.openid, users.unionid, users.nickname, users.avatar_url, users.phone, users.`role`, users.created_at, users.updated_at 
FROM users 
WHERE users.id = %s
2026-06-14 19:00:51,635 [INFO] sqlalchemy.engine.Engine: [cached since 911.3s ago] (1,)
2026-06-14 19:00:51,668 [INFO] sqlalchemy.engine.Engine: BEGIN (implicit)
2026-06-14 19:00:51,668 [INFO] sqlalchemy.engine.Engine: SELECT count(match_posts.id) AS count_1 
FROM match_posts
2026-06-14 19:00:51,668 [INFO] sqlalchemy.engine.Engine: [cached since 911s ago] ()
2026-06-14 19:00:51,671 [INFO] sqlalchemy.engine.Engine: BEGIN (implicit)
2026-06-14 19:00:51,672 [INFO] sqlalchemy.engine.Engine: SELECT count(tournaments.id) AS count_1 
FROM tournaments 
WHERE tournaments.status = %s
2026-06-14 19:00:51,672 [INFO] sqlalchemy.engine.Engine: [cached since 911s ago] ('open',)
2026-06-14 19:00:51,678 [INFO] sqlalchemy.engine.Engine: SELECT club_members.club_id 
FROM club_members 
WHERE club_members.user_id = %s
2026-06-14 19:00:51,678 [INFO] sqlalchemy.engine.Engine: [cached since 911.2s ago] (1,)
2026-06-14 19:00:51,728 [INFO] sqlalchemy.engine.Engine: SELECT match_posts.id, match_posts.club_id, match_posts.user_id, match_posts.title, match_posts.sport_type, match_posts.preferred_date, match_posts.preferred_start, match_posts.preferred_end, match_posts.players_needed, match_posts.level_required, match_posts.notes, match_posts.venue_id, match_posts.booking_id, match_posts.group_chat_id, match_posts.status, match_posts.created_at, users.nickname, users.avatar_url, clubs.name, count(match_registrations.id) AS count_1 
FROM match_posts INNER JOIN users ON match_posts.user_id = users.id INNER JOIN clubs ON match_posts.club_id = clubs.id LEFT OUTER JOIN match_registrations ON match_registrations.post_id = match_posts.id GROUP BY match_posts.id ORDER BY match_posts.created_at DESC 
 LIMIT %s, %s
2026-06-14 19:00:51,728 [INFO] sqlalchemy.engine.Engine: [cached since 911s ago] (0, 10)
2026-06-14 19:00:51,730 [INFO] sqlalchemy.engine.Engine: COMMIT
2026-06-14 19:00:51,802 [INFO] sqlalchemy.engine.Engine: SELECT tournaments.id, tournaments.club_id, tournaments.title, tournaments.description, tournaments.sport_type, tournaments.start_time, tournaments.end_time, tournaments.venue_id, tournaments.lock_venue, tournaments.max_participants, tournaments.current_participants, tournaments.entry_fee, tournaments.cover_image, tournaments.group_chat_id, tournaments.status, tournaments.created_at, clubs.name 
FROM tournaments INNER JOIN clubs ON tournaments.club_id = clubs.id 
WHERE tournaments.status = %s ORDER BY tournaments.start_time 
 LIMIT %s, %s
2026-06-14 19:00:51,802 [INFO] sqlalchemy.engine.Engine: [cached since 911s ago] ('open', 0, 5)
2026-06-14 19:00:51,869 [INFO] sqlalchemy.engine.Engine: COMMIT
2026-06-14 19:00:51,872 [INFO] sqlalchemy.engine.Engine: COMMIT
2026-06-14 19:00:51,880 [INFO] club-api: GET /api/v1/users/me → 200 (247ms)
2026-06-14 19:00:51,957 [INFO] club-api: GET /api/v1/tournaments → 200 (288ms)
2026-06-14 19:00:51,959 [INFO] club-api: GET /api/v1/posts → 200 (294ms)
2026-06-14 19:00:54,633 [INFO] sqlalchemy.engine.Engine: BEGIN (implicit)
2026-06-14 19:00:54,633 [INFO] sqlalchemy.engine.Engine: SELECT count(clubs.id) AS count_1 
FROM clubs 
WHERE clubs.status = %s
2026-06-14 19:00:54,633 [INFO] sqlalchemy.engine.Engine: [cached since 906.2s ago] ('active',)
2026-06-14 19:00:54,682 [INFO] sqlalchemy.engine.Engine: SELECT clubs.id, clubs.name, clubs.sport_types, clubs.description, clubs.cover_image, clubs.images, clubs.address, clubs.latitude, clubs.longitude, clubs.contact_phone, clubs.split_ratio, clubs.sub_merchant_id, clubs.status, clubs.created_at, clubs.updated_at 
FROM clubs 
WHERE clubs.status = %s ORDER BY clubs.id DESC 
 LIMIT %s, %s
2026-06-14 19:00:54,683 [INFO] sqlalchemy.engine.Engine: [cached since 906.1s ago] ('active', 0, 50)
2026-06-14 19:00:54,735 [INFO] sqlalchemy.engine.Engine: COMMIT
2026-06-14 19:00:54,822 [INFO] club-api: GET /api/v1/clubs → 200 (191ms)
2026-06-14 19:01:01,371 [INFO] sqlalchemy.engine.Engine: BEGIN (implicit)
2026-06-14 19:01:01,372 [INFO] sqlalchemy.engine.Engine: SELECT venues.id, venues.club_id, venues.name, venues.sport_type, venues.price_per_hour, venues.max_capacity, venues.open_time, venues.close_time, venues.cover_image, venues.status, venues.sort_order, venues.created_at 
FROM venues 
WHERE venues.club_id = %s ORDER BY venues.sort_order
2026-06-14 19:01:01,373 [INFO] sqlalchemy.engine.Engine: [cached since 156.4s ago] (12,)
2026-06-14 19:01:01,419 [INFO] sqlalchemy.engine.Engine: COMMIT
2026-06-14 19:01:01,506 [INFO] club-api: GET /api/v1/clubs/12/venues → 200 (137ms)
2026-06-14 19:01:08,373 [INFO] club-api: GET /api/v1/venues/2/slots → 422 (3ms)
2026-06-14 19:01:10,453 [INFO] sqlalchemy.engine.Engine: BEGIN (implicit)
2026-06-14 19:01:10,453 [INFO] sqlalchemy.engine.Engine: SELECT venues.id, venues.club_id, venues.name, venues.sport_type, venues.price_per_hour, venues.max_capacity, venues.open_time, venues.close_time, venues.cover_image, venues.status, venues.sort_order, venues.created_at 
FROM venues 
WHERE venues.id = %s
2026-06-14 19:01:10,453 [INFO] sqlalchemy.engine.Engine: [cached since 916.3s ago] (2,)
2026-06-14 19:01:10,512 [INFO] sqlalchemy.engine.Engine: SELECT venue_time_slots.id, venue_time_slots.venue_id, venue_time_slots.date, venue_time_slots.start_time, venue_time_slots.end_time, venue_time_slots.price_override, venue_time_slots.status, venue_time_slots.locked_by, venue_time_slots.locked_at 
FROM venue_time_slots 
WHERE venue_time_slots.venue_id = %s AND venue_time_slots.date >= %s AND venue_time_slots.date <= %s ORDER BY venue_time_slots.date, venue_time_slots.start_time
2026-06-14 19:01:10,512 [INFO] sqlalchemy.engine.Engine: [cached since 916.2s ago] (2, datetime.date(2026, 6, 15), datetime.date(2026, 6, 15))
2026-06-14 19:01:10,568 [INFO] sqlalchemy.engine.Engine: COMMIT
2026-06-14 19:01:10,656 [INFO] club-api: GET /api/v1/venues/2/slots → 200 (204ms)
2026-06-14 19:01:11,451 [INFO] sqlalchemy.engine.Engine: BEGIN (implicit)
2026-06-14 19:01:11,452 [INFO] sqlalchemy.engine.Engine: SELECT venues.id, venues.club_id, venues.name, venues.sport_type, venues.price_per_hour, venues.max_capacity, venues.open_time, venues.close_time, venues.cover_image, venues.status, venues.sort_order, venues.created_at 
FROM venues 
WHERE venues.id = %s
2026-06-14 19:01:11,452 [INFO] sqlalchemy.engine.Engine: [cached since 917.3s ago] (2,)
2026-06-14 19:01:11,514 [INFO] sqlalchemy.engine.Engine: SELECT venue_time_slots.id, venue_time_slots.venue_id, venue_time_slots.date, venue_time_slots.start_time, venue_time_slots.end_time, venue_time_slots.price_override, venue_time_slots.status, venue_time_slots.locked_by, venue_time_slots.locked_at 
FROM venue_time_slots 
WHERE venue_time_slots.venue_id = %s AND venue_time_slots.date >= %s AND venue_time_slots.date <= %s ORDER BY venue_time_slots.date, venue_time_slots.start_time
2026-06-14 19:01:11,514 [INFO] sqlalchemy.engine.Engine: [cached since 917.2s ago] (2, datetime.date(2026, 6, 14), datetime.date(2026, 6, 14))
2026-06-14 19:01:11,575 [INFO] sqlalchemy.engine.Engine: COMMIT
2026-06-14 19:01:11,653 [INFO] club-api: GET /api/v1/venues/2/slots → 200 (204ms)
2026-06-14 19:01:20,807 [INFO] sqlalchemy.engine.Engine: BEGIN (implicit)
2026-06-14 19:01:20,808 [INFO] sqlalchemy.engine.Engine: SELECT users.id, users.openid, users.unionid, users.nickname, users.avatar_url, users.phone, users.`role`, users.created_at, users.updated_at 
FROM users 
WHERE users.id = %s
2026-06-14 19:01:20,809 [INFO] sqlalchemy.engine.Engine: [cached since 940.4s ago] (1,)
2026-06-14 19:01:20,872 [INFO] sqlalchemy.engine.Engine: SELECT venue_time_slots.id, venue_time_slots.venue_id, venue_time_slots.date, venue_time_slots.start_time, venue_time_slots.end_time, venue_time_slots.price_override, venue_time_slots.status, venue_time_slots.locked_by, venue_time_slots.locked_at 
FROM venue_time_slots 
WHERE venue_time_slots.id = %s
2026-06-14 19:01:20,873 [INFO] sqlalchemy.engine.Engine: [cached since 916.9s ago] (12,)
2026-06-14 19:01:20,931 [INFO] sqlalchemy.engine.Engine: SELECT venue_time_slots.id, venue_time_slots.venue_id, venue_time_slots.date, venue_time_slots.start_time, venue_time_slots.end_time, venue_time_slots.price_override, venue_time_slots.status, venue_time_slots.locked_by, venue_time_slots.locked_at 
FROM venue_time_slots 
WHERE venue_time_slots.id = %s
2026-06-14 19:01:20,931 [INFO] sqlalchemy.engine.Engine: [cached since 917s ago] (13,)
2026-06-14 19:01:21,069 [INFO] sqlalchemy.engine.Engine: SELECT venues.id, venues.club_id, venues.name, venues.sport_type, venues.price_per_hour, venues.max_capacity, venues.open_time, venues.close_time, venues.cover_image, venues.status, venues.sort_order, venues.created_at 
FROM venues 
WHERE venues.id = %s
2026-06-14 19:01:21,069 [INFO] sqlalchemy.engine.Engine: [cached since 926.9s ago] (2,)
2026-06-14 19:01:21,117 [INFO] sqlalchemy.engine.Engine: SELECT clubs.id, clubs.name, clubs.sport_types, clubs.description, clubs.cover_image, clubs.images, clubs.address, clubs.latitude, clubs.longitude, clubs.contact_phone, clubs.split_ratio, clubs.sub_merchant_id, clubs.status, clubs.created_at, clubs.updated_at 
FROM clubs 
WHERE clubs.id = %s
2026-06-14 19:01:21,117 [INFO] sqlalchemy.engine.Engine: [cached since 928.6s ago] (12,)
2026-06-14 19:01:45,545 [INFO] sqlalchemy.engine.Engine: BEGIN (implicit)
2026-06-14 19:01:45,546 [INFO] sqlalchemy.engine.Engine: SELECT users.id, users.openid, users.unionid, users.nickname, users.avatar_url, users.phone, users.`role`, users.created_at, users.updated_at 
FROM users 
WHERE users.id = %s
2026-06-14 19:01:45,546 [INFO] sqlalchemy.engine.Engine: [cached since 965.2s ago] (1,)
2026-06-14 19:01:45,578 [INFO] sqlalchemy.engine.Engine: BEGIN (implicit)
2026-06-14 19:01:45,579 [INFO] sqlalchemy.engine.Engine: SELECT count(match_posts.id) AS count_1 
FROM match_posts
2026-06-14 19:01:45,579 [INFO] sqlalchemy.engine.Engine: [cached since 964.9s ago] ()
2026-06-14 19:01:45,592 [INFO] sqlalchemy.engine.Engine: SELECT club_members.club_id 
FROM club_members 
WHERE club_members.user_id = %s
2026-06-14 19:01:45,592 [INFO] sqlalchemy.engine.Engine: [cached since 965.1s ago] (1,)
2026-06-14 19:01:45,621 [INFO] sqlalchemy.engine.Engine: SELECT match_posts.id, match_posts.club_id, match_posts.user_id, match_posts.title, match_posts.sport_type, match_posts.preferred_date, match_posts.preferred_start, match_posts.preferred_end, match_posts.players_needed, match_posts.level_required, match_posts.notes, match_posts.venue_id, match_posts.booking_id, match_posts.group_chat_id, match_posts.status, match_posts.created_at, users.nickname, users.avatar_url, clubs.name, count(match_registrations.id) AS count_1 
FROM match_posts INNER JOIN users ON match_posts.user_id = users.id INNER JOIN clubs ON match_posts.club_id = clubs.id LEFT OUTER JOIN match_registrations ON match_registrations.post_id = match_posts.id GROUP BY match_posts.id ORDER BY match_posts.created_at DESC 
 LIMIT %s, %s
2026-06-14 19:01:45,621 [INFO] sqlalchemy.engine.Engine: [cached since 964.9s ago] (0, 10)
2026-06-14 19:01:45,638 [INFO] sqlalchemy.engine.Engine: COMMIT
2026-06-14 19:01:45,663 [INFO] sqlalchemy.engine.Engine: COMMIT
2026-06-14 19:01:45,720 [INFO] club-api: GET /api/v1/users/me → 200 (176ms)
2026-06-14 19:01:45,728 [INFO] club-api: GET /api/v1/posts → 200 (152ms)
2026-06-14 19:01:45,763 [INFO] sqlalchemy.engine.Engine: BEGIN (implicit)
2026-06-14 19:01:45,764 [INFO] sqlalchemy.engine.Engine: SELECT count(tournaments.id) AS count_1 
FROM tournaments 
WHERE tournaments.status = %s
2026-06-14 19:01:45,764 [INFO] sqlalchemy.engine.Engine: [cached since 965.1s ago] ('open',)
2026-06-14 19:01:45,801 [INFO] sqlalchemy.engine.Engine: SELECT tournaments.id, tournaments.club_id, tournaments.title, tournaments.description, tournaments.sport_type, tournaments.start_time, tournaments.end_time, tournaments.venue_id, tournaments.lock_venue, tournaments.max_participants, tournaments.current_participants, tournaments.entry_fee, tournaments.cover_image, tournaments.group_chat_id, tournaments.status, tournaments.created_at, clubs.name 
FROM tournaments INNER JOIN clubs ON tournaments.club_id = clubs.id 
WHERE tournaments.status = %s ORDER BY tournaments.start_time 
 LIMIT %s, %s
2026-06-14 19:01:45,801 [INFO] sqlalchemy.engine.Engine: [cached since 965s ago] ('open', 0, 5)
2026-06-14 19:01:45,839 [INFO] sqlalchemy.engine.Engine: COMMIT
2026-06-14 19:01:45,906 [INFO] club-api: GET /api/v1/tournaments → 200 (326ms)
2026-06-14 19:01:48,567 [INFO] sqlalchemy.engine.Engine: BEGIN (implicit)
2026-06-14 19:01:48,568 [INFO] sqlalchemy.engine.Engine: SELECT count(clubs.id) AS count_1 
FROM clubs 
WHERE clubs.status = %s
2026-06-14 19:01:48,569 [INFO] sqlalchemy.engine.Engine: [cached since 960.2s ago] ('active',)
2026-06-14 19:01:48,613 [INFO] sqlalchemy.engine.Engine: SELECT clubs.id, clubs.name, clubs.sport_types, clubs.description, clubs.cover_image, clubs.images, clubs.address, clubs.latitude, clubs.longitude, clubs.contact_phone, clubs.split_ratio, clubs.sub_merchant_id, clubs.status, clubs.created_at, clubs.updated_at 
FROM clubs 
WHERE clubs.status = %s ORDER BY clubs.id DESC 
 LIMIT %s, %s
2026-06-14 19:01:48,613 [INFO] sqlalchemy.engine.Engine: [cached since 960.1s ago] ('active', 0, 50)
2026-06-14 19:01:48,676 [INFO] sqlalchemy.engine.Engine: COMMIT
2026-06-14 19:01:48,819 [INFO] club-api: GET /api/v1/clubs → 200 (254ms)
2026-06-14 19:01:53,746 [INFO] sqlalchemy.engine.Engine: ROLLBACK
2026-06-14 19:01:58,422 [INFO] sqlalchemy.engine.Engine: BEGIN (implicit)
2026-06-14 19:01:58,423 [INFO] sqlalchemy.engine.Engine: SELECT venues.id, venues.club_id, venues.name, venues.sport_type, venues.price_per_hour, venues.max_capacity, venues.open_time, venues.close_time, venues.cover_image, venues.status, venues.sort_order, venues.created_at 
FROM venues 
WHERE venues.club_id = %s ORDER BY venues.sort_order
2026-06-14 19:01:58,423 [INFO] sqlalchemy.engine.Engine: [cached since 213.5s ago] (12,)
2026-06-14 19:01:58,509 [INFO] sqlalchemy.engine.Engine: COMMIT
2026-06-14 19:01:58,643 [INFO] club-api: GET /api/v1/clubs/12/venues → 200 (223ms)
2026-06-14 19:02:02,342 [INFO] club-api: GET /api/v1/venues/2/slots → 422 (2ms)
2026-06-14 19:02:10,788 [INFO] sqlalchemy.engine.Engine: BEGIN (implicit)
2026-06-14 19:02:10,789 [INFO] sqlalchemy.engine.Engine: SELECT venues.id, venues.club_id, venues.name, venues.sport_type, venues.price_per_hour, venues.max_capacity, venues.open_time, venues.close_time, venues.cover_image, venues.status, venues.sort_order, venues.created_at 
FROM venues 
WHERE venues.id = %s
2026-06-14 19:02:10,790 [INFO] sqlalchemy.engine.Engine: [cached since 976.6s ago] (2,)
2026-06-14 19:02:10,900 [INFO] sqlalchemy.engine.Engine: SELECT venue_time_slots.id, venue_time_slots.venue_id, venue_time_slots.date, venue_time_slots.start_time, venue_time_slots.end_time, venue_time_slots.price_override, venue_time_slots.status, venue_time_slots.locked_by, venue_time_slots.locked_at 
FROM venue_time_slots 
WHERE venue_time_slots.venue_id = %s AND venue_time_slots.date >= %s AND venue_time_slots.date <= %s ORDER BY venue_time_slots.date, venue_time_slots.start_time
2026-06-14 19:02:10,901 [INFO] sqlalchemy.engine.Engine: [cached since 976.6s ago] (2, datetime.date(2026, 6, 14), datetime.date(2026, 6, 14))
2026-06-14 19:02:10,950 [INFO] sqlalchemy.engine.Engine: COMMIT
2026-06-14 19:02:11,136 [INFO] club-api: GET /api/v1/venues/2/slots → 200 (350ms)
2026-06-14 19:02:19,356 [INFO] sqlalchemy.engine.Engine: BEGIN (implicit)
2026-06-14 19:02:19,357 [INFO] sqlalchemy.engine.Engine: SELECT users.id, users.openid, users.unionid, users.nickname, users.avatar_url, users.phone, users.`role`, users.created_at, users.updated_at 
FROM users 
WHERE users.id = %s
2026-06-14 19:02:19,358 [INFO] sqlalchemy.engine.Engine: [cached since 999s ago] (1,)
2026-06-14 19:02:19,408 [INFO] sqlalchemy.engine.Engine: SELECT venue_time_slots.id, venue_time_slots.venue_id, venue_time_slots.date, venue_time_slots.start_time, venue_time_slots.end_time, venue_time_slots.price_override, venue_time_slots.status, venue_time_slots.locked_by, venue_time_slots.locked_at 
FROM venue_time_slots 
WHERE venue_time_slots.id = %s
2026-06-14 19:02:19,408 [INFO] sqlalchemy.engine.Engine: [cached since 975.4s ago] (10,)
2026-06-14 19:02:19,470 [INFO] sqlalchemy.engine.Engine: SELECT venue_time_slots.id, venue_time_slots.venue_id, venue_time_slots.date, venue_time_slots.start_time, venue_time_slots.end_time, venue_time_slots.price_override, venue_time_slots.status, venue_time_slots.locked_by, venue_time_slots.locked_at 
FROM venue_time_slots 
WHERE venue_time_slots.id = %s
2026-06-14 19:02:19,471 [INFO] sqlalchemy.engine.Engine: [cached since 975.5s ago] (11,)
2026-06-14 19:02:19,536 [INFO] sqlalchemy.engine.Engine: SELECT venues.id, venues.club_id, venues.name, venues.sport_type, venues.price_per_hour, venues.max_capacity, venues.open_time, venues.close_time, venues.cover_image, venues.status, venues.sort_order, venues.created_at 
FROM venues 
WHERE venues.id = %s
2026-06-14 19:02:19,537 [INFO] sqlalchemy.engine.Engine: [cached since 985.3s ago] (2,)
2026-06-14 19:02:19,587 [INFO] sqlalchemy.engine.Engine: SELECT clubs.id, clubs.name, clubs.sport_types, clubs.description, clubs.cover_image, clubs.images, clubs.address, clubs.latitude, clubs.longitude, clubs.contact_phone, clubs.split_ratio, clubs.sub_merchant_id, clubs.status, clubs.created_at, clubs.updated_at 
FROM clubs 
WHERE clubs.id = %s
2026-06-14 19:02:19,588 [INFO] sqlalchemy.engine.Engine: [cached since 987.1s ago] (12,)
2026-06-14 19:02:19,835 [INFO] sqlalchemy.engine.Engine: UPDATE venue_time_slots SET status=%s, locked_by=%s, locked_at=%s WHERE venue_time_slots.id = %s
2026-06-14 19:02:19,835 [INFO] sqlalchemy.engine.Engine: [cached since 975.4s ago] [('locked', 1, datetime.datetime(2026, 6, 14, 11, 2, 19, 831023), 10), ('locked', 1, datetime.datetime(2026, 6, 14, 11, 2, 19, 831057), 11)]
2026-06-14 19:02:19,937 [INFO] sqlalchemy.engine.Engine: INSERT INTO booking_orders (order_no, user_id, venue_id, slot_id, club_id, amount, status, payment_time, wx_transaction_id, cancel_reason, cancel_time, refund_amount, created_at) VALUES (%s, %s, %s, %s, %s, %s, %s, %s, %s, %s, %s, %s, %s)
2026-06-14 19:02:19,937 [INFO] sqlalchemy.engine.Engine: [cached since 975.3s ago] ('2026061419021942BA3A3A', 1, 2, 10, 12, Decimal('100.00'), 'pending', None, None, None, None, None, datetime.datetime(2026, 6, 14, 11, 2, 19, 936823))
2026-06-14 19:02:19,991 [INFO] sqlalchemy.engine.Engine: SELECT booking_orders.id, booking_orders.order_no, booking_orders.user_id, booking_orders.venue_id, booking_orders.slot_id, booking_orders.club_id, booking_orders.amount, booking_orders.status, booking_orders.payment_time, booking_orders.wx_transaction_id, booking_orders.cancel_reason, booking_orders.cancel_time, booking_orders.refund_amount, booking_orders.created_at 
FROM booking_orders 
WHERE booking_orders.id = %s
2026-06-14 19:02:19,992 [INFO] sqlalchemy.engine.Engine: [cached since 975.3s ago] (4,)
2026-06-14 19:02:20,049 [INFO] sqlalchemy.engine.Engine: COMMIT
2026-06-14 19:02:20,141 [INFO] club-api: POST /api/v1/bookings → 200 (788ms) body={"slot_id":10,"slot2_id":11}
2026-06-14 19:02:20,156 [INFO] sqlalchemy.engine.Engine: BEGIN (implicit)
2026-06-14 19:02:20,157 [INFO] sqlalchemy.engine.Engine: SELECT users.id, users.openid, users.unionid, users.nickname, users.avatar_url, users.phone, users.`role`, users.created_at, users.updated_at 
FROM users 
WHERE users.id = %s
2026-06-14 19:02:20,157 [INFO] sqlalchemy.engine.Engine: [cached since 999.8s ago] (1,)
2026-06-14 19:02:20,207 [INFO] sqlalchemy.engine.Engine: SELECT booking_orders.id, booking_orders.order_no, booking_orders.user_id, booking_orders.venue_id, booking_orders.slot_id, booking_orders.club_id, booking_orders.amount, booking_orders.status, booking_orders.payment_time, booking_orders.wx_transaction_id, booking_orders.cancel_reason, booking_orders.cancel_time, booking_orders.refund_amount, booking_orders.created_at 
FROM booking_orders 
WHERE booking_orders.id = %s
2026-06-14 19:02:20,208 [INFO] sqlalchemy.engine.Engine: [cached since 975.2s ago] (4,)
2026-06-14 19:02:20,259 [INFO] sqlalchemy.engine.Engine: UPDATE booking_orders SET status=%s, payment_time=%s, wx_transaction_id=%s WHERE booking_orders.id = %s
2026-06-14 19:02:20,260 [INFO] sqlalchemy.engine.Engine: [cached since 975.2s ago] ('paid', datetime.datetime(2026, 6, 14, 11, 2, 20, 257266), 'dev_2026061419021942BA3A3A', 4)
2026-06-14 19:02:20,308 [INFO] sqlalchemy.engine.Engine: SELECT venue_time_slots.id, venue_time_slots.venue_id, venue_time_slots.date, venue_time_slots.start_time, venue_time_slots.end_time, venue_time_slots.price_override, venue_time_slots.status, venue_time_slots.locked_by, venue_time_slots.locked_at 
FROM venue_time_slots 
WHERE venue_time_slots.id = %s
2026-06-14 19:02:20,308 [INFO] sqlalchemy.engine.Engine: [cached since 976.4s ago] (10,)
2026-06-14 19:02:20,416 [INFO] sqlalchemy.engine.Engine: UPDATE venue_time_slots SET status=%s WHERE venue_time_slots.id = %s
2026-06-14 19:02:20,417 [INFO] sqlalchemy.engine.Engine: [cached since 975.2s ago] ('booked', 10)
2026-06-14 19:02:20,462 [INFO] sqlalchemy.engine.Engine: SELECT venue_time_slots.id, venue_time_slots.venue_id, venue_time_slots.date, venue_time_slots.start_time, venue_time_slots.end_time, venue_time_slots.price_override, venue_time_slots.status, venue_time_slots.locked_by, venue_time_slots.locked_at 
FROM venue_time_slots 
WHERE venue_time_slots.venue_id = %s AND venue_time_slots.date = %s AND venue_time_slots.locked_by = %s AND venue_time_slots.status = %s
2026-06-14 19:02:20,462 [INFO] sqlalchemy.engine.Engine: [cached since 975.2s ago] (2, datetime.date(2026, 6, 14), 1, 'locked')
2026-06-14 19:02:20,579 [INFO] sqlalchemy.engine.Engine: UPDATE venue_time_slots SET status=%s, locked_by=%s, locked_at=%s WHERE venue_time_slots.id = %s
2026-06-14 19:02:20,580 [INFO] sqlalchemy.engine.Engine: [generated in 0.00078s] ('booked', None, None, 11)
2026-06-14 19:02:20,696 [INFO] sqlalchemy.engine.Engine: SELECT clubs.id, clubs.name, clubs.sport_types, clubs.description, clubs.cover_image, clubs.images, clubs.address, clubs.latitude, clubs.longitude, clubs.contact_phone, clubs.split_ratio, clubs.sub_merchant_id, clubs.status, clubs.created_at, clubs.updated_at 
FROM clubs 
WHERE clubs.id = %s
2026-06-14 19:02:20,697 [INFO] sqlalchemy.engine.Engine: [cached since 988.2s ago] (12,)
2026-06-14 19:02:20,748 [INFO] sqlalchemy.engine.Engine: INSERT INTO notifications (user_id, type, title, content, ref_id, ref_type, is_read, created_at) VALUES (%s, %s, %s, %s, %s, %s, %s, %s)
2026-06-14 19:02:20,748 [INFO] sqlalchemy.engine.Engine: [cached since 974.6s ago] (1, 'booking', '预约成功', '您的场地预约已支付成功，订单号 2026061419021942BA3A3A', 4, 'booking', 0, datetime.datetime(2026, 6, 14, 11, 2, 20, 748275))
2026-06-14 19:02:20,793 [INFO] sqlalchemy.engine.Engine: INSERT INTO settlement_records (order_id, total_amount, platform_amount, club_amount, split_ratio, wx_split_order_no, status, fail_reason, created_at, completed_at) VALUES (%s, %s, %s, %s, %s, %s, %s, %s, %s, %s)
2026-06-14 19:02:20,794 [INFO] sqlalchemy.engine.Engine: [cached since 974.6s ago] (4, Decimal('100.00'), Decimal('10.00000'), Decimal('90.00000'), Decimal('0.100'), None, 'pending', None, datetime.datetime(2026, 6, 14, 11, 2, 20, 793626), None)
2026-06-14 19:02:20,842 [INFO] sqlalchemy.engine.Engine: COMMIT
2026-06-14 19:02:20,917 [INFO] club-api: POST /api/v1/bookings/4/pay → 200 (765ms) body={}
2026-06-14 19:02:20,932 [INFO] sqlalchemy.engine.Engine: BEGIN (implicit)
2026-06-14 19:02:20,933 [INFO] sqlalchemy.engine.Engine: SELECT users.id, users.openid, users.unionid, users.nickname, users.avatar_url, users.phone, users.`role`, users.created_at, users.updated_at 
FROM users 
WHERE users.id = %s
2026-06-14 19:02:20,933 [INFO] sqlalchemy.engine.Engine: [cached since 1001s ago] (1,)
2026-06-14 19:02:20,993 [INFO] sqlalchemy.engine.Engine: INSERT INTO match_posts (club_id, user_id, title, sport_type, preferred_date, preferred_start, preferred_end, players_needed, level_required, notes, venue_id, booking_id, group_chat_id, status, created_at) VALUES (%s, %s, %s, %s, %s, %s, %s, %s, %s, %s, %s, %s, %s, %s, %s)
2026-06-14 19:02:20,993 [INFO] sqlalchemy.engine.Engine: [generated in 0.00101s] (12, 1, '周末三缺一', None, datetime.date(2026, 6, 14), datetime.time(12, 30), datetime.time(13, 30), 1, None, None, 2, 4, None, 'open', datetime.datetime(2026, 6, 14, 11, 2, 20, 992912))
2026-06-14 19:02:21,043 [INFO] sqlalchemy.engine.Engine: SELECT match_posts.id, match_posts.club_id, match_posts.user_id, match_posts.title, match_posts.sport_type, match_posts.preferred_date, match_posts.preferred_start, match_posts.preferred_end, match_posts.players_needed, match_posts.level_required, match_posts.notes, match_posts.venue_id, match_posts.booking_id, match_posts.group_chat_id, match_posts.status, match_posts.created_at 
FROM match_posts 
WHERE match_posts.id = %s
2026-06-14 19:02:21,043 [INFO] sqlalchemy.engine.Engine: [generated in 0.00108s] (3,)
2026-06-14 19:02:21,085 [INFO] sqlalchemy.engine.Engine: SELECT users.id, users.openid, users.unionid, users.nickname, users.avatar_url, users.phone, users.`role`, users.created_at, users.updated_at 
FROM users 
WHERE users.id = %s
2026-06-14 19:02:21,085 [INFO] sqlalchemy.engine.Engine: [cached since 1001s ago] (1,)
2026-06-14 19:02:21,123 [INFO] sqlalchemy.engine.Engine: SELECT clubs.id, clubs.name, clubs.sport_types, clubs.description, clubs.cover_image, clubs.images, clubs.address, clubs.latitude, clubs.longitude, clubs.contact_phone, clubs.split_ratio, clubs.sub_merchant_id, clubs.status, clubs.created_at, clubs.updated_at 
FROM clubs 
WHERE clubs.id = %s
2026-06-14 19:02:21,124 [INFO] sqlalchemy.engine.Engine: [cached since 988.6s ago] (12,)
2026-06-14 19:02:21,174 [INFO] sqlalchemy.engine.Engine: COMMIT
2026-06-14 19:02:21,253 [INFO] club-api: POST /api/v1/posts → 200 (324ms) body={"club_id":12,"title":"周末三缺一","players_needed":1,"level_required":null,"notes":null,"venue_id":2,"booking_id":4,"preferred_date":"2026-06-14","preferred_start":"12:30:00","preferred_end":"13:30:00"}
2026-06-14 19:02:27,238 [INFO] sqlalchemy.engine.Engine: BEGIN (implicit)
2026-06-14 19:02:27,238 [INFO] sqlalchemy.engine.Engine: SELECT count(clubs.id) AS count_1 
FROM clubs 
WHERE clubs.status = %s
2026-06-14 19:02:27,238 [INFO] sqlalchemy.engine.Engine: [cached since 998.8s ago] ('active',)
2026-06-14 19:02:27,278 [INFO] sqlalchemy.engine.Engine: SELECT clubs.id, clubs.name, clubs.sport_types, clubs.description, clubs.cover_image, clubs.images, clubs.address, clubs.latitude, clubs.longitude, clubs.contact_phone, clubs.split_ratio, clubs.sub_merchant_id, clubs.status, clubs.created_at, clubs.updated_at 
FROM clubs 
WHERE clubs.status = %s ORDER BY clubs.id DESC 
 LIMIT %s, %s
2026-06-14 19:02:27,278 [INFO] sqlalchemy.engine.Engine: [cached since 998.7s ago] ('active', 0, 20)
2026-06-14 19:02:27,319 [INFO] sqlalchemy.engine.Engine: COMMIT
2026-06-14 19:02:27,387 [INFO] club-api: GET /api/v1/clubs → 200 (151ms)
2026-06-14 19:02:33,138 [INFO] sqlalchemy.engine.Engine: BEGIN (implicit)
2026-06-14 19:02:33,139 [INFO] sqlalchemy.engine.Engine: SELECT users.id, users.openid, users.unionid, users.nickname, users.avatar_url, users.phone, users.`role`, users.created_at, users.updated_at 
FROM users 
WHERE users.id = %s
2026-06-14 19:02:33,139 [INFO] sqlalchemy.engine.Engine: [cached since 1013s ago] (1,)
2026-06-14 19:02:33,171 [INFO] sqlalchemy.engine.Engine: BEGIN (implicit)
2026-06-14 19:02:33,171 [INFO] sqlalchemy.engine.Engine: SELECT count(match_posts.id) AS count_1 
FROM match_posts
2026-06-14 19:02:33,171 [INFO] sqlalchemy.engine.Engine: [cached since 1012s ago] ()
2026-06-14 19:02:33,173 [INFO] sqlalchemy.engine.Engine: BEGIN (implicit)
2026-06-14 19:02:33,174 [INFO] sqlalchemy.engine.Engine: SELECT count(tournaments.id) AS count_1 
FROM tournaments 
WHERE tournaments.status = %s
2026-06-14 19:02:33,174 [INFO] sqlalchemy.engine.Engine: [cached since 1012s ago] ('open',)
2026-06-14 19:02:33,180 [INFO] sqlalchemy.engine.Engine: SELECT club_members.club_id 
FROM club_members 
WHERE club_members.user_id = %s
2026-06-14 19:02:33,180 [INFO] sqlalchemy.engine.Engine: [cached since 1013s ago] (1,)
2026-06-14 19:02:33,216 [INFO] sqlalchemy.engine.Engine: SELECT tournaments.id, tournaments.club_id, tournaments.title, tournaments.description, tournaments.sport_type, tournaments.start_time, tournaments.end_time, tournaments.venue_id, tournaments.lock_venue, tournaments.max_participants, tournaments.current_participants, tournaments.entry_fee, tournaments.cover_image, tournaments.group_chat_id, tournaments.status, tournaments.created_at, clubs.name 
FROM tournaments INNER JOIN clubs ON tournaments.club_id = clubs.id 
WHERE tournaments.status = %s ORDER BY tournaments.start_time 
 LIMIT %s, %s
2026-06-14 19:02:33,216 [INFO] sqlalchemy.engine.Engine: [cached since 1012s ago] ('open', 0, 5)
2026-06-14 19:02:33,218 [INFO] sqlalchemy.engine.Engine: SELECT match_posts.id, match_posts.club_id, match_posts.user_id, match_posts.title, match_posts.sport_type, match_posts.preferred_date, match_posts.preferred_start, match_posts.preferred_end, match_posts.players_needed, match_posts.level_required, match_posts.notes, match_posts.venue_id, match_posts.booking_id, match_posts.group_chat_id, match_posts.status, match_posts.created_at, users.nickname, users.avatar_url, clubs.name, count(match_registrations.id) AS count_1 
FROM match_posts INNER JOIN users ON match_posts.user_id = users.id INNER JOIN clubs ON match_posts.club_id = clubs.id LEFT OUTER JOIN match_registrations ON match_registrations.post_id = match_posts.id GROUP BY match_posts.id ORDER BY match_posts.created_at DESC 
 LIMIT %s, %s
2026-06-14 19:02:33,218 [INFO] sqlalchemy.engine.Engine: [cached since 1012s ago] (0, 10)
2026-06-14 19:02:33,223 [INFO] sqlalchemy.engine.Engine: COMMIT
2026-06-14 19:02:33,255 [INFO] sqlalchemy.engine.Engine: COMMIT
2026-06-14 19:02:33,261 [INFO] sqlalchemy.engine.Engine: COMMIT
2026-06-14 19:02:33,314 [INFO] club-api: GET /api/v1/users/me → 200 (177ms)
2026-06-14 19:02:33,327 [INFO] club-api: GET /api/v1/tournaments → 200 (159ms)
2026-06-14 19:02:33,355 [INFO] club-api: GET /api/v1/posts → 200 (187ms)
2026-06-14 19:02:36,570 [INFO] sqlalchemy.engine.Engine: BEGIN (implicit)
2026-06-14 19:02:36,571 [INFO] sqlalchemy.engine.Engine: SELECT match_posts.id, match_posts.club_id, match_posts.user_id, match_posts.title, match_posts.sport_type, match_posts.preferred_date, match_posts.preferred_start, match_posts.preferred_end, match_posts.players_needed, match_posts.level_required, match_posts.notes, match_posts.venue_id, match_posts.booking_id, match_posts.group_chat_id, match_posts.status, match_posts.created_at, users.nickname, users.avatar_url, clubs.name, count(match_registrations.id) AS count_1 
FROM match_posts INNER JOIN users ON match_posts.user_id = users.id INNER JOIN clubs ON match_posts.club_id = clubs.id LEFT OUTER JOIN match_registrations ON match_registrations.post_id = match_posts.id 
WHERE match_posts.id = %s GROUP BY match_posts.id
2026-06-14 19:02:36,571 [INFO] sqlalchemy.engine.Engine: [cached since 555s ago] (3,)
2026-06-14 19:02:36,618 [INFO] sqlalchemy.engine.Engine: SELECT match_registrations.id, match_registrations.post_id, match_registrations.user_id, match_registrations.message, match_registrations.status, users.nickname, users.avatar_url 
FROM match_registrations INNER JOIN users ON match_registrations.user_id = users.id 
WHERE match_registrations.post_id = %s ORDER BY match_registrations.id
2026-06-14 19:02:36,618 [INFO] sqlalchemy.engine.Engine: [cached since 555s ago] (3,)
2026-06-14 19:02:36,661 [INFO] sqlalchemy.engine.Engine: COMMIT
2026-06-14 19:02:36,737 [INFO] club-api: GET /api/v1/posts/3 → 200 (169ms)
2026-06-14 19:02:43,401 [INFO] sqlalchemy.engine.Engine: BEGIN (implicit)
2026-06-14 19:02:43,402 [INFO] sqlalchemy.engine.Engine: SELECT users.id, users.openid, users.unionid, users.nickname, users.avatar_url, users.phone, users.`role`, users.created_at, users.updated_at 
FROM users 
WHERE users.id = %s
2026-06-14 19:02:43,402 [INFO] sqlalchemy.engine.Engine: [cached since 1023s ago] (1,)
2026-06-14 19:02:43,436 [INFO] sqlalchemy.engine.Engine: BEGIN (implicit)
2026-06-14 19:02:43,437 [INFO] sqlalchemy.engine.Engine: SELECT count(match_posts.id) AS count_1 
FROM match_posts
2026-06-14 19:02:43,437 [INFO] sqlalchemy.engine.Engine: [cached since 1023s ago] ()
2026-06-14 19:02:43,439 [INFO] sqlalchemy.engine.Engine: BEGIN (implicit)
2026-06-14 19:02:43,439 [INFO] sqlalchemy.engine.Engine: SELECT count(tournaments.id) AS count_1 
FROM tournaments 
WHERE tournaments.status = %s
2026-06-14 19:02:43,440 [INFO] sqlalchemy.engine.Engine: [cached since 1023s ago] ('open',)
2026-06-14 19:02:43,454 [INFO] sqlalchemy.engine.Engine: SELECT club_members.club_id 
FROM club_members 
WHERE club_members.user_id = %s
2026-06-14 19:02:43,455 [INFO] sqlalchemy.engine.Engine: [cached since 1023s ago] (1,)
2026-06-14 19:02:43,489 [INFO] sqlalchemy.engine.Engine: SELECT match_posts.id, match_posts.club_id, match_posts.user_id, match_posts.title, match_posts.sport_type, match_posts.preferred_date, match_posts.preferred_start, match_posts.preferred_end, match_posts.players_needed, match_posts.level_required, match_posts.notes, match_posts.venue_id, match_posts.booking_id, match_posts.group_chat_id, match_posts.status, match_posts.created_at, users.nickname, users.avatar_url, clubs.name, count(match_registrations.id) AS count_1 
FROM match_posts INNER JOIN users ON match_posts.user_id = users.id INNER JOIN clubs ON match_posts.club_id = clubs.id LEFT OUTER JOIN match_registrations ON match_registrations.post_id = match_posts.id GROUP BY match_posts.id ORDER BY match_posts.created_at DESC 
 LIMIT %s, %s
2026-06-14 19:02:43,490 [INFO] sqlalchemy.engine.Engine: [cached since 1023s ago] (0, 10)
2026-06-14 19:02:43,492 [INFO] sqlalchemy.engine.Engine: SELECT tournaments.id, tournaments.club_id, tournaments.title, tournaments.description, tournaments.sport_type, tournaments.start_time, tournaments.end_time, tournaments.venue_id, tournaments.lock_venue, tournaments.max_participants, tournaments.current_participants, tournaments.entry_fee, tournaments.cover_image, tournaments.group_chat_id, tournaments.status, tournaments.created_at, clubs.name 
FROM tournaments INNER JOIN clubs ON tournaments.club_id = clubs.id 
WHERE tournaments.status = %s ORDER BY tournaments.start_time 
 LIMIT %s, %s
2026-06-14 19:02:43,493 [INFO] sqlalchemy.engine.Engine: [cached since 1023s ago] ('open', 0, 5)
2026-06-14 19:02:43,503 [INFO] sqlalchemy.engine.Engine: COMMIT
2026-06-14 19:02:43,538 [INFO] sqlalchemy.engine.Engine: COMMIT
2026-06-14 19:02:43,540 [INFO] sqlalchemy.engine.Engine: COMMIT
2026-06-14 19:02:43,595 [INFO] club-api: GET /api/v1/users/me → 200 (197ms)
2026-06-14 19:02:43,613 [INFO] club-api: GET /api/v1/posts → 200 (179ms)
2026-06-14 19:02:43,616 [INFO] club-api: GET /api/v1/tournaments → 200 (179ms)
2026-06-14 19:02:44,452 [INFO] sqlalchemy.engine.Engine: BEGIN (implicit)
2026-06-14 19:02:44,452 [INFO] sqlalchemy.engine.Engine: SELECT match_posts.id, match_posts.club_id, match_posts.user_id, match_posts.title, match_posts.sport_type, match_posts.preferred_date, match_posts.preferred_start, match_posts.preferred_end, match_posts.players_needed, match_posts.level_required, match_posts.notes, match_posts.venue_id, match_posts.booking_id, match_posts.group_chat_id, match_posts.status, match_posts.created_at, users.nickname, users.avatar_url, clubs.name, count(match_registrations.id) AS count_1 
FROM match_posts INNER JOIN users ON match_posts.user_id = users.id INNER JOIN clubs ON match_posts.club_id = clubs.id LEFT OUTER JOIN match_registrations ON match_registrations.post_id = match_posts.id 
WHERE match_posts.id = %s GROUP BY match_posts.id
2026-06-14 19:02:44,453 [INFO] sqlalchemy.engine.Engine: [cached since 562.9s ago] (3,)
2026-06-14 19:02:44,497 [INFO] sqlalchemy.engine.Engine: SELECT match_registrations.id, match_registrations.post_id, match_registrations.user_id, match_registrations.message, match_registrations.status, users.nickname, users.avatar_url 
FROM match_registrations INNER JOIN users ON match_registrations.user_id = users.id 
WHERE match_registrations.post_id = %s ORDER BY match_registrations.id
2026-06-14 19:02:44,498 [INFO] sqlalchemy.engine.Engine: [cached since 562.9s ago] (3,)
2026-06-14 19:02:44,537 [INFO] sqlalchemy.engine.Engine: COMMIT
2026-06-14 19:02:44,609 [INFO] club-api: GET /api/v1/posts/3 → 200 (159ms)
2026-06-14 19:03:30,879 [INFO] sqlalchemy.engine.Engine: SELECT DATABASE()
2026-06-14 19:03:30,879 [INFO] sqlalchemy.engine.Engine: [raw sql] ()
2026-06-14 19:03:30,950 [INFO] sqlalchemy.engine.Engine: SELECT @@sql_mode
2026-06-14 19:03:30,950 [INFO] sqlalchemy.engine.Engine: [raw sql] ()
2026-06-14 19:03:30,987 [INFO] sqlalchemy.engine.Engine: SELECT @@lower_case_table_names
2026-06-14 19:03:30,987 [INFO] sqlalchemy.engine.Engine: [raw sql] ()
2026-06-14 19:03:31,136 [INFO] sqlalchemy.engine.Engine: BEGIN (implicit)
2026-06-14 19:03:31,137 [INFO] sqlalchemy.engine.Engine: DESCRIBE `club_db`.`users`
2026-06-14 19:03:31,138 [INFO] sqlalchemy.engine.Engine: [raw sql] ()
2026-06-14 19:03:31,178 [INFO] sqlalchemy.engine.Engine: DESCRIBE `club_db`.`clubs`
2026-06-14 19:03:31,178 [INFO] sqlalchemy.engine.Engine: [raw sql] ()
2026-06-14 19:03:31,222 [INFO] sqlalchemy.engine.Engine: DESCRIBE `club_db`.`club_members`
2026-06-14 19:03:31,222 [INFO] sqlalchemy.engine.Engine: [raw sql] ()
2026-06-14 19:03:31,266 [INFO] sqlalchemy.engine.Engine: DESCRIBE `club_db`.`venues`
2026-06-14 19:03:31,267 [INFO] sqlalchemy.engine.Engine: [raw sql] ()
2026-06-14 19:03:31,317 [INFO] sqlalchemy.engine.Engine: DESCRIBE `club_db`.`venue_time_slots`
2026-06-14 19:03:31,318 [INFO] sqlalchemy.engine.Engine: [raw sql] ()
2026-06-14 19:03:31,362 [INFO] sqlalchemy.engine.Engine: DESCRIBE `club_db`.`booking_orders`
2026-06-14 19:03:31,362 [INFO] sqlalchemy.engine.Engine: [raw sql] ()
2026-06-14 19:03:31,397 [INFO] sqlalchemy.engine.Engine: DESCRIBE `club_db`.`settlement_records`
2026-06-14 19:03:31,398 [INFO] sqlalchemy.engine.Engine: [raw sql] ()
2026-06-14 19:03:31,436 [INFO] sqlalchemy.engine.Engine: DESCRIBE `club_db`.`match_posts`
2026-06-14 19:03:31,437 [INFO] sqlalchemy.engine.Engine: [raw sql] ()
2026-06-14 19:03:31,482 [INFO] sqlalchemy.engine.Engine: DESCRIBE `club_db`.`match_registrations`
2026-06-14 19:03:31,483 [INFO] sqlalchemy.engine.Engine: [raw sql] ()
2026-06-14 19:03:31,517 [INFO] sqlalchemy.engine.Engine: DESCRIBE `club_db`.`tournaments`
2026-06-14 19:03:31,517 [INFO] sqlalchemy.engine.Engine: [raw sql] ()
2026-06-14 19:03:31,574 [INFO] sqlalchemy.engine.Engine: DESCRIBE `club_db`.`tournament_registrations`
2026-06-14 19:03:31,574 [INFO] sqlalchemy.engine.Engine: [raw sql] ()
2026-06-14 19:03:31,615 [INFO] sqlalchemy.engine.Engine: DESCRIBE `club_db`.`notifications`
2026-06-14 19:03:31,615 [INFO] sqlalchemy.engine.Engine: [raw sql] ()
2026-06-14 19:03:31,662 [INFO] sqlalchemy.engine.Engine: COMMIT
2026-06-14 19:03:31,741 [INFO] club-api: Database tables created/verified
2026-06-14 19:03:50,140 [INFO] sqlalchemy.engine.Engine: SELECT DATABASE()
2026-06-14 19:03:50,141 [INFO] sqlalchemy.engine.Engine: [raw sql] ()
2026-06-14 19:03:50,269 [INFO] sqlalchemy.engine.Engine: SELECT @@sql_mode
2026-06-14 19:03:50,270 [INFO] sqlalchemy.engine.Engine: [raw sql] ()
2026-06-14 19:03:50,343 [INFO] sqlalchemy.engine.Engine: SELECT @@lower_case_table_names
2026-06-14 19:03:50,343 [INFO] sqlalchemy.engine.Engine: [raw sql] ()
2026-06-14 19:03:50,446 [INFO] sqlalchemy.engine.Engine: BEGIN (implicit)
2026-06-14 19:03:50,447 [INFO] sqlalchemy.engine.Engine: DESCRIBE `club_db`.`users`
2026-06-14 19:03:50,448 [INFO] sqlalchemy.engine.Engine: [raw sql] ()
2026-06-14 19:03:50,485 [INFO] sqlalchemy.engine.Engine: DESCRIBE `club_db`.`clubs`
2026-06-14 19:03:50,485 [INFO] sqlalchemy.engine.Engine: [raw sql] ()
2026-06-14 19:03:50,551 [INFO] sqlalchemy.engine.Engine: DESCRIBE `club_db`.`club_members`
2026-06-14 19:03:50,552 [INFO] sqlalchemy.engine.Engine: [raw sql] ()
2026-06-14 19:03:50,652 [INFO] sqlalchemy.engine.Engine: DESCRIBE `club_db`.`venues`
2026-06-14 19:03:50,652 [INFO] sqlalchemy.engine.Engine: [raw sql] ()
2026-06-14 19:03:50,697 [INFO] sqlalchemy.engine.Engine: DESCRIBE `club_db`.`venue_time_slots`
2026-06-14 19:03:50,697 [INFO] sqlalchemy.engine.Engine: [raw sql] ()
2026-06-14 19:03:50,857 [INFO] sqlalchemy.engine.Engine: DESCRIBE `club_db`.`booking_orders`
2026-06-14 19:03:50,858 [INFO] sqlalchemy.engine.Engine: [raw sql] ()
2026-06-14 19:03:50,895 [INFO] sqlalchemy.engine.Engine: DESCRIBE `club_db`.`settlement_records`
2026-06-14 19:03:50,896 [INFO] sqlalchemy.engine.Engine: [raw sql] ()
2026-06-14 19:03:50,958 [INFO] sqlalchemy.engine.Engine: DESCRIBE `club_db`.`match_posts`
2026-06-14 19:03:50,959 [INFO] sqlalchemy.engine.Engine: [raw sql] ()
2026-06-14 19:03:50,997 [INFO] sqlalchemy.engine.Engine: DESCRIBE `club_db`.`match_registrations`
2026-06-14 19:03:50,998 [INFO] sqlalchemy.engine.Engine: [raw sql] ()
2026-06-14 19:03:51,092 [INFO] sqlalchemy.engine.Engine: DESCRIBE `club_db`.`tournaments`
2026-06-14 19:03:51,093 [INFO] sqlalchemy.engine.Engine: [raw sql] ()
2026-06-14 19:03:51,163 [INFO] sqlalchemy.engine.Engine: DESCRIBE `club_db`.`tournament_registrations`
2026-06-14 19:03:51,164 [INFO] sqlalchemy.engine.Engine: [raw sql] ()
2026-06-14 19:03:51,267 [INFO] sqlalchemy.engine.Engine: DESCRIBE `club_db`.`notifications`
2026-06-14 19:03:51,268 [INFO] sqlalchemy.engine.Engine: [raw sql] ()
2026-06-14 19:03:51,310 [INFO] sqlalchemy.engine.Engine: COMMIT
2026-06-14 19:03:51,408 [INFO] club-api: Database tables created/verified
2026-06-14 19:04:11,676 [INFO] sqlalchemy.engine.Engine: SELECT DATABASE()
2026-06-14 19:04:11,677 [INFO] sqlalchemy.engine.Engine: [raw sql] ()
2026-06-14 19:04:11,779 [INFO] sqlalchemy.engine.Engine: SELECT @@sql_mode
2026-06-14 19:04:11,779 [INFO] sqlalchemy.engine.Engine: [raw sql] ()
2026-06-14 19:04:11,848 [INFO] sqlalchemy.engine.Engine: SELECT @@lower_case_table_names
2026-06-14 19:04:11,848 [INFO] sqlalchemy.engine.Engine: [raw sql] ()
2026-06-14 19:04:11,950 [INFO] sqlalchemy.engine.Engine: BEGIN (implicit)
2026-06-14 19:04:11,951 [INFO] sqlalchemy.engine.Engine: DESCRIBE `club_db`.`users`
2026-06-14 19:04:11,951 [INFO] sqlalchemy.engine.Engine: [raw sql] ()
2026-06-14 19:04:11,985 [INFO] sqlalchemy.engine.Engine: DESCRIBE `club_db`.`clubs`
2026-06-14 19:04:11,985 [INFO] sqlalchemy.engine.Engine: [raw sql] ()
2026-06-14 19:04:12,053 [INFO] sqlalchemy.engine.Engine: DESCRIBE `club_db`.`club_members`
2026-06-14 19:04:12,054 [INFO] sqlalchemy.engine.Engine: [raw sql] ()
2026-06-14 19:04:12,085 [INFO] sqlalchemy.engine.Engine: DESCRIBE `club_db`.`venues`
2026-06-14 19:04:12,085 [INFO] sqlalchemy.engine.Engine: [raw sql] ()
2026-06-14 19:04:12,155 [INFO] sqlalchemy.engine.Engine: DESCRIBE `club_db`.`venue_time_slots`
2026-06-14 19:04:12,156 [INFO] sqlalchemy.engine.Engine: [raw sql] ()
2026-06-14 19:04:12,197 [INFO] sqlalchemy.engine.Engine: DESCRIBE `club_db`.`booking_orders`
2026-06-14 19:04:12,197 [INFO] sqlalchemy.engine.Engine: [raw sql] ()
2026-06-14 19:04:12,257 [INFO] sqlalchemy.engine.Engine: DESCRIBE `club_db`.`settlement_records`
2026-06-14 19:04:12,257 [INFO] sqlalchemy.engine.Engine: [raw sql] ()
2026-06-14 19:04:12,290 [INFO] sqlalchemy.engine.Engine: DESCRIBE `club_db`.`match_posts`
2026-06-14 19:04:12,290 [INFO] sqlalchemy.engine.Engine: [raw sql] ()
2026-06-14 19:04:12,359 [INFO] sqlalchemy.engine.Engine: DESCRIBE `club_db`.`match_registrations`
2026-06-14 19:04:12,360 [INFO] sqlalchemy.engine.Engine: [raw sql] ()
2026-06-14 19:04:12,400 [INFO] sqlalchemy.engine.Engine: DESCRIBE `club_db`.`tournaments`
2026-06-14 19:04:12,400 [INFO] sqlalchemy.engine.Engine: [raw sql] ()
2026-06-14 19:04:12,462 [INFO] sqlalchemy.engine.Engine: DESCRIBE `club_db`.`tournament_registrations`
2026-06-14 19:04:12,463 [INFO] sqlalchemy.engine.Engine: [raw sql] ()
2026-06-14 19:04:12,495 [INFO] sqlalchemy.engine.Engine: DESCRIBE `club_db`.`notifications`
2026-06-14 19:04:12,496 [INFO] sqlalchemy.engine.Engine: [raw sql] ()
2026-06-14 19:04:12,568 [INFO] sqlalchemy.engine.Engine: COMMIT
2026-06-14 19:04:12,667 [INFO] club-api: Database tables created/verified
2026-06-14 19:04:19,777 [INFO] sqlalchemy.engine.Engine: BEGIN (implicit)
2026-06-14 19:04:19,816 [INFO] sqlalchemy.engine.Engine: SELECT users.id, users.openid, users.unionid, users.nickname, users.avatar_url, users.phone, users.`role`, users.created_at, users.updated_at 
FROM users 
WHERE users.id = %s
2026-06-14 19:04:19,816 [INFO] sqlalchemy.engine.Engine: [generated in 0.00038s] (1,)
2026-06-14 19:04:19,866 [INFO] sqlalchemy.engine.Engine: SELECT club_members.club_id 
FROM club_members 
WHERE club_members.user_id = %s
2026-06-14 19:04:19,866 [INFO] sqlalchemy.engine.Engine: [generated in 0.00017s] (1,)
2026-06-14 19:04:19,938 [INFO] sqlalchemy.engine.Engine: COMMIT
2026-06-14 19:04:20,042 [INFO] club-api: GET /api/v1/users/me → 200 (272ms)
2026-06-14 19:04:20,079 [INFO] sqlalchemy.engine.Engine: BEGIN (implicit)
2026-06-14 19:04:20,083 [INFO] sqlalchemy.engine.Engine: SELECT count(tournaments.id) AS count_1 
FROM tournaments 
WHERE tournaments.status = %s
2026-06-14 19:04:20,083 [INFO] sqlalchemy.engine.Engine: [generated in 0.00063s] ('open',)
2026-06-14 19:04:20,084 [INFO] sqlalchemy.engine.Engine: BEGIN (implicit)
2026-06-14 19:04:20,086 [INFO] sqlalchemy.engine.Engine: SELECT count(match_posts.id) AS count_1 
FROM match_posts
2026-06-14 19:04:20,086 [INFO] sqlalchemy.engine.Engine: [generated in 0.00039s] ()
2026-06-14 19:04:20,151 [INFO] sqlalchemy.engine.Engine: SELECT tournaments.id, tournaments.club_id, tournaments.title, tournaments.description, tournaments.sport_type, tournaments.start_time, tournaments.end_time, tournaments.venue_id, tournaments.lock_venue, tournaments.max_participants, tournaments.current_participants, tournaments.entry_fee, tournaments.cover_image, tournaments.group_chat_id, tournaments.status, tournaments.created_at, clubs.name 
FROM tournaments INNER JOIN clubs ON tournaments.club_id = clubs.id 
WHERE tournaments.status = %s ORDER BY tournaments.start_time 
 LIMIT %s, %s
2026-06-14 19:04:20,152 [INFO] sqlalchemy.engine.Engine: [generated in 0.00095s] ('open', 0, 5)
2026-06-14 19:04:20,169 [INFO] sqlalchemy.engine.Engine: SELECT match_posts.id, match_posts.club_id, match_posts.user_id, match_posts.title, match_posts.sport_type, match_posts.preferred_date, match_posts.preferred_start, match_posts.preferred_end, match_posts.players_needed, match_posts.level_required, match_posts.notes, match_posts.venue_id, match_posts.booking_id, match_posts.group_chat_id, match_posts.status, match_posts.created_at, users.nickname, users.avatar_url, clubs.name, count(match_registrations.id) AS count_1 
FROM match_posts INNER JOIN users ON match_posts.user_id = users.id INNER JOIN clubs ON match_posts.club_id = clubs.id LEFT OUTER JOIN match_registrations ON match_registrations.post_id = match_posts.id GROUP BY match_posts.id ORDER BY match_posts.created_at DESC 
 LIMIT %s, %s
2026-06-14 19:04:20,169 [INFO] sqlalchemy.engine.Engine: [generated in 0.00066s] (0, 10)
2026-06-14 19:04:20,246 [INFO] sqlalchemy.engine.Engine: COMMIT
2026-06-14 19:04:20,248 [INFO] sqlalchemy.engine.Engine: COMMIT
2026-06-14 19:04:20,348 [INFO] club-api: GET /api/v1/tournaments → 200 (529ms)
2026-06-14 19:04:20,350 [INFO] club-api: GET /api/v1/posts → 200 (532ms)
2026-06-14 19:04:25,404 [INFO] sqlalchemy.engine.Engine: BEGIN (implicit)
2026-06-14 19:04:25,405 [INFO] sqlalchemy.engine.Engine: SELECT users.id, users.openid, users.unionid, users.nickname, users.avatar_url, users.phone, users.`role`, users.created_at, users.updated_at 
FROM users 
WHERE users.id = %s
2026-06-14 19:04:25,405 [INFO] sqlalchemy.engine.Engine: [cached since 5.589s ago] (1,)
2026-06-14 19:04:25,432 [INFO] sqlalchemy.engine.Engine: BEGIN (implicit)
2026-06-14 19:04:25,433 [INFO] sqlalchemy.engine.Engine: SELECT count(match_posts.id) AS count_1 
FROM match_posts
2026-06-14 19:04:25,433 [INFO] sqlalchemy.engine.Engine: [cached since 5.347s ago] ()
2026-06-14 19:04:25,436 [INFO] sqlalchemy.engine.Engine: BEGIN (implicit)
2026-06-14 19:04:25,436 [INFO] sqlalchemy.engine.Engine: SELECT count(tournaments.id) AS count_1 
FROM tournaments 
WHERE tournaments.status = %s
2026-06-14 19:04:25,436 [INFO] sqlalchemy.engine.Engine: [cached since 5.354s ago] ('open',)
2026-06-14 19:04:25,547 [INFO] sqlalchemy.engine.Engine: SELECT match_posts.id, match_posts.club_id, match_posts.user_id, match_posts.title, match_posts.sport_type, match_posts.preferred_date, match_posts.preferred_start, match_posts.preferred_end, match_posts.players_needed, match_posts.level_required, match_posts.notes, match_posts.venue_id, match_posts.booking_id, match_posts.group_chat_id, match_posts.status, match_posts.created_at, users.nickname, users.avatar_url, clubs.name, count(match_registrations.id) AS count_1 
FROM match_posts INNER JOIN users ON match_posts.user_id = users.id INNER JOIN clubs ON match_posts.club_id = clubs.id LEFT OUTER JOIN match_registrations ON match_registrations.post_id = match_posts.id GROUP BY match_posts.id ORDER BY match_posts.created_at DESC 
 LIMIT %s, %s
2026-06-14 19:04:25,547 [INFO] sqlalchemy.engine.Engine: [cached since 5.379s ago] (0, 10)
2026-06-14 19:04:25,549 [INFO] sqlalchemy.engine.Engine: SELECT club_members.club_id 
FROM club_members 
WHERE club_members.user_id = %s
2026-06-14 19:04:25,549 [INFO] sqlalchemy.engine.Engine: [cached since 5.683s ago] (1,)
2026-06-14 19:04:25,551 [INFO] sqlalchemy.engine.Engine: SELECT tournaments.id, tournaments.club_id, tournaments.title, tournaments.description, tournaments.sport_type, tournaments.start_time, tournaments.end_time, tournaments.venue_id, tournaments.lock_venue, tournaments.max_participants, tournaments.current_participants, tournaments.entry_fee, tournaments.cover_image, tournaments.group_chat_id, tournaments.status, tournaments.created_at, clubs.name 
FROM tournaments INNER JOIN clubs ON tournaments.club_id = clubs.id 
WHERE tournaments.status = %s ORDER BY tournaments.start_time 
 LIMIT %s, %s
2026-06-14 19:04:25,551 [INFO] sqlalchemy.engine.Engine: [cached since 5.4s ago] ('open', 0, 5)
2026-06-14 19:04:25,590 [INFO] sqlalchemy.engine.Engine: COMMIT
2026-06-14 19:04:25,592 [INFO] sqlalchemy.engine.Engine: COMMIT
2026-06-14 19:04:25,594 [INFO] sqlalchemy.engine.Engine: COMMIT
2026-06-14 19:04:25,707 [INFO] club-api: GET /api/v1/posts → 200 (277ms)
2026-06-14 19:04:25,710 [INFO] club-api: GET /api/v1/users/me → 200 (307ms)
2026-06-14 19:04:25,711 [INFO] club-api: GET /api/v1/tournaments → 200 (277ms)
2026-06-14 19:04:28,589 [INFO] sqlalchemy.engine.Engine: BEGIN (implicit)
2026-06-14 19:04:28,592 [INFO] sqlalchemy.engine.Engine: SELECT match_posts.id, match_posts.club_id, match_posts.user_id, match_posts.title, match_posts.sport_type, match_posts.preferred_date, match_posts.preferred_start, match_posts.preferred_end, match_posts.players_needed, match_posts.level_required, match_posts.notes, match_posts.venue_id, match_posts.booking_id, match_posts.group_chat_id, match_posts.status, match_posts.created_at, users.nickname, users.avatar_url, clubs.name, count(match_registrations.id) AS count_1 
FROM match_posts INNER JOIN users ON match_posts.user_id = users.id INNER JOIN clubs ON match_posts.club_id = clubs.id LEFT OUTER JOIN match_registrations ON match_registrations.post_id = match_posts.id 
WHERE match_posts.id = %s GROUP BY match_posts.id
2026-06-14 19:04:28,592 [INFO] sqlalchemy.engine.Engine: [generated in 0.00047s] (3,)
2026-06-14 19:04:28,675 [INFO] sqlalchemy.engine.Engine: SELECT match_registrations.id, match_registrations.post_id, match_registrations.user_id, match_registrations.message, match_registrations.status, users.nickname, users.avatar_url 
FROM match_registrations INNER JOIN users ON match_registrations.user_id = users.id 
WHERE match_registrations.post_id = %s ORDER BY match_registrations.id
2026-06-14 19:04:28,675 [INFO] sqlalchemy.engine.Engine: [generated in 0.00061s] (3,)
2026-06-14 19:04:28,759 [INFO] sqlalchemy.engine.Engine: COMMIT
2026-06-14 19:04:28,866 [INFO] club-api: GET /api/v1/posts/3 → 200 (279ms)
2026-06-14 19:05:01,248 [INFO] sqlalchemy.engine.Engine: BEGIN (implicit)
2026-06-14 19:05:01,249 [INFO] sqlalchemy.engine.Engine: SELECT count(match_posts.id) AS count_1 
FROM match_posts
2026-06-14 19:05:01,249 [INFO] sqlalchemy.engine.Engine: [cached since 41.16s ago] ()
2026-06-14 19:05:01,341 [INFO] sqlalchemy.engine.Engine: SELECT match_posts.id, match_posts.club_id, match_posts.user_id, match_posts.title, match_posts.sport_type, match_posts.preferred_date, match_posts.preferred_start, match_posts.preferred_end, match_posts.players_needed, match_posts.level_required, match_posts.notes, match_posts.venue_id, match_posts.booking_id, match_posts.group_chat_id, match_posts.status, match_posts.created_at, users.nickname, users.avatar_url, clubs.name, count(match_registrations.id) AS count_1 
FROM match_posts INNER JOIN users ON match_posts.user_id = users.id INNER JOIN clubs ON match_posts.club_id = clubs.id LEFT OUTER JOIN match_registrations ON match_registrations.post_id = match_posts.id GROUP BY match_posts.id ORDER BY match_posts.created_at DESC 
 LIMIT %s, %s
2026-06-14 19:05:01,342 [INFO] sqlalchemy.engine.Engine: [cached since 41.17s ago] (0, 20)
2026-06-14 19:05:01,414 [INFO] sqlalchemy.engine.Engine: COMMIT
2026-06-14 19:05:01,546 [INFO] club-api: GET /api/v1/posts → 200 (302ms)
2026-06-14 19:05:18,851 [INFO] sqlalchemy.engine.Engine: SELECT DATABASE()
2026-06-14 19:05:18,852 [INFO] sqlalchemy.engine.Engine: [raw sql] ()
2026-06-14 19:05:18,957 [INFO] sqlalchemy.engine.Engine: SELECT @@sql_mode
2026-06-14 19:05:18,958 [INFO] sqlalchemy.engine.Engine: [raw sql] ()
2026-06-14 19:05:19,023 [INFO] sqlalchemy.engine.Engine: SELECT @@lower_case_table_names
2026-06-14 19:05:19,024 [INFO] sqlalchemy.engine.Engine: [raw sql] ()
2026-06-14 19:05:19,162 [INFO] sqlalchemy.engine.Engine: BEGIN (implicit)
2026-06-14 19:05:19,163 [INFO] sqlalchemy.engine.Engine: DESCRIBE `club_db`.`users`
2026-06-14 19:05:19,163 [INFO] sqlalchemy.engine.Engine: [raw sql] ()
2026-06-14 19:05:19,229 [INFO] sqlalchemy.engine.Engine: DESCRIBE `club_db`.`clubs`
2026-06-14 19:05:19,230 [INFO] sqlalchemy.engine.Engine: [raw sql] ()
2026-06-14 19:05:19,270 [INFO] sqlalchemy.engine.Engine: DESCRIBE `club_db`.`club_members`
2026-06-14 19:05:19,270 [INFO] sqlalchemy.engine.Engine: [raw sql] ()
2026-06-14 19:05:19,331 [INFO] sqlalchemy.engine.Engine: DESCRIBE `club_db`.`venues`
2026-06-14 19:05:19,331 [INFO] sqlalchemy.engine.Engine: [raw sql] ()
2026-06-14 19:05:19,433 [INFO] sqlalchemy.engine.Engine: DESCRIBE `club_db`.`venue_time_slots`
2026-06-14 19:05:19,434 [INFO] sqlalchemy.engine.Engine: [raw sql] ()
2026-06-14 19:05:19,473 [INFO] sqlalchemy.engine.Engine: DESCRIBE `club_db`.`booking_orders`
2026-06-14 19:05:19,473 [INFO] sqlalchemy.engine.Engine: [raw sql] ()
2026-06-14 19:05:19,536 [INFO] sqlalchemy.engine.Engine: DESCRIBE `club_db`.`settlement_records`
2026-06-14 19:05:19,537 [INFO] sqlalchemy.engine.Engine: [raw sql] ()
2026-06-14 19:05:19,571 [INFO] sqlalchemy.engine.Engine: DESCRIBE `club_db`.`match_posts`
2026-06-14 19:05:19,572 [INFO] sqlalchemy.engine.Engine: [raw sql] ()
2026-06-14 19:05:19,638 [INFO] sqlalchemy.engine.Engine: DESCRIBE `club_db`.`match_registrations`
2026-06-14 19:05:19,638 [INFO] sqlalchemy.engine.Engine: [raw sql] ()
2026-06-14 19:05:19,671 [INFO] sqlalchemy.engine.Engine: DESCRIBE `club_db`.`tournaments`
2026-06-14 19:05:19,672 [INFO] sqlalchemy.engine.Engine: [raw sql] ()
2026-06-14 19:05:19,740 [INFO] sqlalchemy.engine.Engine: DESCRIBE `club_db`.`tournament_registrations`
2026-06-14 19:05:19,742 [INFO] sqlalchemy.engine.Engine: [raw sql] ()
2026-06-14 19:05:19,778 [INFO] sqlalchemy.engine.Engine: DESCRIBE `club_db`.`notifications`
2026-06-14 19:05:19,778 [INFO] sqlalchemy.engine.Engine: [raw sql] ()
2026-06-14 19:05:19,847 [INFO] sqlalchemy.engine.Engine: COMMIT
2026-06-14 19:05:19,944 [INFO] club-api: Database tables created/verified
2026-06-14 19:05:28,094 [INFO] sqlalchemy.engine.Engine: BEGIN (implicit)
2026-06-14 19:05:28,146 [INFO] sqlalchemy.engine.Engine: SELECT count(match_posts.id) AS count_1 
FROM match_posts
2026-06-14 19:05:28,146 [INFO] sqlalchemy.engine.Engine: [generated in 0.00026s] ()
2026-06-14 19:05:28,276 [INFO] sqlalchemy.engine.Engine: SELECT match_posts.id, match_posts.club_id, match_posts.user_id, match_posts.title, match_posts.sport_type, match_posts.preferred_date, match_posts.preferred_start, match_posts.preferred_end, match_posts.players_needed, match_posts.level_required, match_posts.notes, match_posts.venue_id, match_posts.booking_id, match_posts.group_chat_id, match_posts.status, match_posts.created_at, users.nickname, users.avatar_url, clubs.name, count(match_registrations.id) AS count_1 
FROM match_posts INNER JOIN users ON match_posts.user_id = users.id INNER JOIN clubs ON match_posts.club_id = clubs.id LEFT OUTER JOIN match_registrations ON match_registrations.post_id = match_posts.id GROUP BY match_posts.id ORDER BY match_posts.created_at DESC 
 LIMIT %s, %s
2026-06-14 19:05:28,277 [INFO] sqlalchemy.engine.Engine: [generated in 0.00080s] (0, 10)
2026-06-14 19:05:28,324 [INFO] sqlalchemy.engine.Engine: COMMIT
2026-06-14 19:05:28,394 [INFO] club-api: GET /api/v1/posts → 200 (303ms)
2026-06-14 19:05:28,405 [INFO] sqlalchemy.engine.Engine: BEGIN (implicit)
2026-06-14 19:05:28,406 [INFO] sqlalchemy.engine.Engine: SELECT count(tournaments.id) AS count_1 
FROM tournaments 
WHERE tournaments.status = %s
2026-06-14 19:05:28,406 [INFO] sqlalchemy.engine.Engine: [generated in 0.00039s] ('open',)
2026-06-14 19:05:28,454 [INFO] sqlalchemy.engine.Engine: SELECT tournaments.id, tournaments.club_id, tournaments.title, tournaments.description, tournaments.sport_type, tournaments.start_time, tournaments.end_time, tournaments.venue_id, tournaments.lock_venue, tournaments.max_participants, tournaments.current_participants, tournaments.entry_fee, tournaments.cover_image, tournaments.group_chat_id, tournaments.status, tournaments.created_at, clubs.name 
FROM tournaments INNER JOIN clubs ON tournaments.club_id = clubs.id 
WHERE tournaments.status = %s ORDER BY tournaments.start_time 
 LIMIT %s, %s
2026-06-14 19:05:28,454 [INFO] sqlalchemy.engine.Engine: [generated in 0.00069s] ('open', 0, 5)
2026-06-14 19:05:28,545 [INFO] sqlalchemy.engine.Engine: COMMIT
2026-06-14 19:05:28,649 [INFO] club-api: GET /api/v1/tournaments → 200 (502ms)
2026-06-14 19:05:56,598 [INFO] sqlalchemy.engine.Engine: BEGIN (implicit)
2026-06-14 19:05:56,599 [INFO] sqlalchemy.engine.Engine: SELECT count(match_posts.id) AS count_1 
FROM match_posts
2026-06-14 19:05:56,600 [INFO] sqlalchemy.engine.Engine: [cached since 28.45s ago] ()
2026-06-14 19:05:56,638 [INFO] sqlalchemy.engine.Engine: SELECT match_posts.id, match_posts.club_id, match_posts.user_id, match_posts.title, match_posts.sport_type, match_posts.preferred_date, match_posts.preferred_start, match_posts.preferred_end, match_posts.players_needed, match_posts.level_required, match_posts.notes, match_posts.venue_id, match_posts.booking_id, match_posts.group_chat_id, match_posts.status, match_posts.created_at, users.nickname, users.avatar_url, clubs.name, count(match_registrations.id) AS count_1 
FROM match_posts INNER JOIN users ON match_posts.user_id = users.id INNER JOIN clubs ON match_posts.club_id = clubs.id LEFT OUTER JOIN match_registrations ON match_registrations.post_id = match_posts.id GROUP BY match_posts.id ORDER BY match_posts.created_at DESC 
 LIMIT %s, %s
2026-06-14 19:05:56,638 [INFO] sqlalchemy.engine.Engine: [cached since 28.36s ago] (0, 20)
2026-06-14 19:05:56,711 [INFO] sqlalchemy.engine.Engine: COMMIT
2026-06-14 19:05:56,848 [INFO] club-api: GET /api/v1/posts → 200 (255ms)
2026-06-14 19:06:18,212 [INFO] sqlalchemy.engine.Engine: SELECT DATABASE()
2026-06-14 19:06:18,212 [INFO] sqlalchemy.engine.Engine: [raw sql] ()
2026-06-14 19:06:18,337 [INFO] sqlalchemy.engine.Engine: SELECT @@sql_mode
2026-06-14 19:06:18,338 [INFO] sqlalchemy.engine.Engine: [raw sql] ()
2026-06-14 19:06:18,418 [INFO] sqlalchemy.engine.Engine: SELECT @@lower_case_table_names
2026-06-14 19:06:18,418 [INFO] sqlalchemy.engine.Engine: [raw sql] ()
2026-06-14 19:06:18,530 [INFO] sqlalchemy.engine.Engine: BEGIN (implicit)
2026-06-14 19:06:18,532 [INFO] sqlalchemy.engine.Engine: DESCRIBE `club_db`.`users`
2026-06-14 19:06:18,532 [INFO] sqlalchemy.engine.Engine: [raw sql] ()
2026-06-14 19:06:18,621 [INFO] sqlalchemy.engine.Engine: DESCRIBE `club_db`.`clubs`
2026-06-14 19:06:18,622 [INFO] sqlalchemy.engine.Engine: [raw sql] ()
2026-06-14 19:06:18,723 [INFO] sqlalchemy.engine.Engine: DESCRIBE `club_db`.`club_members`
2026-06-14 19:06:18,724 [INFO] sqlalchemy.engine.Engine: [raw sql] ()
2026-06-14 19:06:18,769 [INFO] sqlalchemy.engine.Engine: DESCRIBE `club_db`.`venues`
2026-06-14 19:06:18,770 [INFO] sqlalchemy.engine.Engine: [raw sql] ()
2026-06-14 19:06:18,848 [INFO] sqlalchemy.engine.Engine: DESCRIBE `club_db`.`venue_time_slots`
2026-06-14 19:06:18,849 [INFO] sqlalchemy.engine.Engine: [raw sql] ()
2026-06-14 19:06:18,929 [INFO] sqlalchemy.engine.Engine: DESCRIBE `club_db`.`booking_orders`
2026-06-14 19:06:18,929 [INFO] sqlalchemy.engine.Engine: [raw sql] ()
2026-06-14 19:06:19,033 [INFO] sqlalchemy.engine.Engine: DESCRIBE `club_db`.`settlement_records`
2026-06-14 19:06:19,034 [INFO] sqlalchemy.engine.Engine: [raw sql] ()
2026-06-14 19:06:19,135 [INFO] sqlalchemy.engine.Engine: DESCRIBE `club_db`.`match_posts`
2026-06-14 19:06:19,135 [INFO] sqlalchemy.engine.Engine: [raw sql] ()
2026-06-14 19:06:19,175 [INFO] sqlalchemy.engine.Engine: DESCRIBE `club_db`.`match_registrations`
2026-06-14 19:06:19,176 [INFO] sqlalchemy.engine.Engine: [raw sql] ()
2026-06-14 19:06:19,259 [INFO] sqlalchemy.engine.Engine: DESCRIBE `club_db`.`tournaments`
2026-06-14 19:06:19,259 [INFO] sqlalchemy.engine.Engine: [raw sql] ()
2026-06-14 19:06:19,339 [INFO] sqlalchemy.engine.Engine: DESCRIBE `club_db`.`tournament_registrations`
2026-06-14 19:06:19,339 [INFO] sqlalchemy.engine.Engine: [raw sql] ()
2026-06-14 19:06:19,376 [INFO] sqlalchemy.engine.Engine: DESCRIBE `club_db`.`notifications`
2026-06-14 19:06:19,377 [INFO] sqlalchemy.engine.Engine: [raw sql] ()
2026-06-14 19:06:19,445 [INFO] sqlalchemy.engine.Engine: COMMIT
2026-06-14 19:06:19,564 [INFO] club-api: Database tables created/verified
2026-06-14 19:06:31,460 [INFO] sqlalchemy.engine.Engine: SELECT DATABASE()
2026-06-14 19:06:31,460 [INFO] sqlalchemy.engine.Engine: [raw sql] ()
2026-06-14 19:06:31,625 [INFO] sqlalchemy.engine.Engine: SELECT @@sql_mode
2026-06-14 19:06:31,625 [INFO] sqlalchemy.engine.Engine: [raw sql] ()
2026-06-14 19:06:31,664 [INFO] sqlalchemy.engine.Engine: SELECT @@lower_case_table_names
2026-06-14 19:06:31,664 [INFO] sqlalchemy.engine.Engine: [raw sql] ()
2026-06-14 19:06:31,765 [INFO] sqlalchemy.engine.Engine: BEGIN (implicit)
2026-06-14 19:06:31,765 [INFO] sqlalchemy.engine.Engine: DESCRIBE `club_db`.`users`
2026-06-14 19:06:31,766 [INFO] sqlalchemy.engine.Engine: [raw sql] ()
2026-06-14 19:06:31,866 [INFO] sqlalchemy.engine.Engine: DESCRIBE `club_db`.`clubs`
2026-06-14 19:06:31,867 [INFO] sqlalchemy.engine.Engine: [raw sql] ()
2026-06-14 19:06:31,933 [INFO] sqlalchemy.engine.Engine: DESCRIBE `club_db`.`club_members`
2026-06-14 19:06:31,933 [INFO] sqlalchemy.engine.Engine: [raw sql] ()
2026-06-14 19:06:31,969 [INFO] sqlalchemy.engine.Engine: DESCRIBE `club_db`.`venues`
2026-06-14 19:06:31,969 [INFO] sqlalchemy.engine.Engine: [raw sql] ()
2026-06-14 19:06:32,138 [INFO] sqlalchemy.engine.Engine: DESCRIBE `club_db`.`venue_time_slots`
2026-06-14 19:06:32,139 [INFO] sqlalchemy.engine.Engine: [raw sql] ()
2026-06-14 19:06:32,241 [INFO] sqlalchemy.engine.Engine: DESCRIBE `club_db`.`booking_orders`
2026-06-14 19:06:32,242 [INFO] sqlalchemy.engine.Engine: [raw sql] ()
2026-06-14 19:06:32,286 [INFO] sqlalchemy.engine.Engine: DESCRIBE `club_db`.`settlement_records`
2026-06-14 19:06:32,286 [INFO] sqlalchemy.engine.Engine: [raw sql] ()
2026-06-14 19:06:32,344 [INFO] sqlalchemy.engine.Engine: DESCRIBE `club_db`.`match_posts`
2026-06-14 19:06:32,345 [INFO] sqlalchemy.engine.Engine: [raw sql] ()
2026-06-14 19:06:32,445 [INFO] sqlalchemy.engine.Engine: DESCRIBE `club_db`.`match_registrations`
2026-06-14 19:06:32,445 [INFO] sqlalchemy.engine.Engine: [raw sql] ()
2026-06-14 19:06:32,485 [INFO] sqlalchemy.engine.Engine: DESCRIBE `club_db`.`tournaments`
2026-06-14 19:06:32,485 [INFO] sqlalchemy.engine.Engine: [raw sql] ()
2026-06-14 19:06:32,548 [INFO] sqlalchemy.engine.Engine: DESCRIBE `club_db`.`tournament_registrations`
2026-06-14 19:06:32,548 [INFO] sqlalchemy.engine.Engine: [raw sql] ()
2026-06-14 19:06:32,585 [INFO] sqlalchemy.engine.Engine: DESCRIBE `club_db`.`notifications`
2026-06-14 19:06:32,586 [INFO] sqlalchemy.engine.Engine: [raw sql] ()
2026-06-14 19:06:32,691 [INFO] sqlalchemy.engine.Engine: COMMIT
2026-06-14 19:06:32,788 [INFO] club-api: Database tables created/verified
2026-06-14 19:06:39,102 [INFO] sqlalchemy.engine.Engine: BEGIN (implicit)
2026-06-14 19:06:39,148 [INFO] sqlalchemy.engine.Engine: SELECT users.id, users.openid, users.unionid, users.nickname, users.avatar_url, users.phone, users.`role`, users.created_at, users.updated_at 
FROM users 
WHERE users.id = %s
2026-06-14 19:06:39,148 [INFO] sqlalchemy.engine.Engine: [generated in 0.00029s] (1,)
2026-06-14 19:06:39,255 [INFO] sqlalchemy.engine.Engine: SELECT club_members.club_id 
FROM club_members 
WHERE club_members.user_id = %s
2026-06-14 19:06:39,256 [INFO] sqlalchemy.engine.Engine: [generated in 0.00054s] (1,)
2026-06-14 19:06:39,345 [INFO] sqlalchemy.engine.Engine: COMMIT
2026-06-14 19:06:39,456 [INFO] sqlalchemy.engine.Engine: BEGIN (implicit)
2026-06-14 19:06:39,461 [INFO] sqlalchemy.engine.Engine: SELECT count(tournaments.id) AS count_1 
FROM tournaments 
WHERE tournaments.status = %s
2026-06-14 19:06:39,461 [INFO] sqlalchemy.engine.Engine: [generated in 0.00085s] ('open',)
2026-06-14 19:06:39,465 [INFO] club-api: GET /api/v1/users/me → 200 (370ms)
2026-06-14 19:06:39,510 [INFO] sqlalchemy.engine.Engine: BEGIN (implicit)
2026-06-14 19:06:39,512 [INFO] sqlalchemy.engine.Engine: SELECT count(match_posts.id) AS count_1 
FROM match_posts
2026-06-14 19:06:39,512 [INFO] sqlalchemy.engine.Engine: [generated in 0.00071s] ()
2026-06-14 19:06:39,560 [INFO] sqlalchemy.engine.Engine: SELECT tournaments.id, tournaments.club_id, tournaments.title, tournaments.description, tournaments.sport_type, tournaments.start_time, tournaments.end_time, tournaments.venue_id, tournaments.lock_venue, tournaments.max_participants, tournaments.current_participants, tournaments.entry_fee, tournaments.cover_image, tournaments.group_chat_id, tournaments.status, tournaments.created_at, clubs.name 
FROM tournaments INNER JOIN clubs ON tournaments.club_id = clubs.id 
WHERE tournaments.status = %s ORDER BY tournaments.start_time 
 LIMIT %s, %s
2026-06-14 19:06:39,561 [INFO] sqlalchemy.engine.Engine: [generated in 0.00092s] ('open', 0, 5)
2026-06-14 19:06:39,619 [INFO] sqlalchemy.engine.Engine: SELECT match_posts.id, match_posts.club_id, match_posts.user_id, match_posts.title, match_posts.sport_type, match_posts.preferred_date, match_posts.preferred_start, match_posts.preferred_end, match_posts.players_needed, match_posts.level_required, match_posts.notes, match_posts.venue_id, match_posts.booking_id, match_posts.group_chat_id, match_posts.status, match_posts.created_at, users.nickname, users.avatar_url, clubs.name, count(match_registrations.id) AS count_1 
FROM match_posts INNER JOIN users ON match_posts.user_id = users.id INNER JOIN clubs ON match_posts.club_id = clubs.id LEFT OUTER JOIN match_registrations ON match_registrations.post_id = match_posts.id GROUP BY match_posts.id ORDER BY match_posts.created_at DESC 
 LIMIT %s, %s
2026-06-14 19:06:39,620 [INFO] sqlalchemy.engine.Engine: [generated in 0.00035s] (0, 10)
2026-06-14 19:06:39,655 [INFO] sqlalchemy.engine.Engine: COMMIT
2026-06-14 19:06:39,738 [INFO] sqlalchemy.engine.Engine: COMMIT
2026-06-14 19:06:39,820 [INFO] club-api: GET /api/v1/tournaments → 200 (670ms)
2026-06-14 19:06:39,858 [INFO] club-api: GET /api/v1/posts → 200 (709ms)
2026-06-14 19:06:41,209 [INFO] sqlalchemy.engine.Engine: BEGIN (implicit)
2026-06-14 19:06:41,212 [INFO] sqlalchemy.engine.Engine: SELECT match_posts.id, match_posts.club_id, match_posts.user_id, match_posts.title, match_posts.sport_type, match_posts.preferred_date, match_posts.preferred_start, match_posts.preferred_end, match_posts.players_needed, match_posts.level_required, match_posts.notes, match_posts.venue_id, match_posts.booking_id, match_posts.group_chat_id, match_posts.status, match_posts.created_at, users.nickname, users.avatar_url, clubs.name, count(match_registrations.id) AS count_1 
FROM match_posts INNER JOIN users ON match_posts.user_id = users.id INNER JOIN clubs ON match_posts.club_id = clubs.id LEFT OUTER JOIN match_registrations ON match_registrations.post_id = match_posts.id 
WHERE match_posts.id = %s GROUP BY match_posts.id
2026-06-14 19:06:41,212 [INFO] sqlalchemy.engine.Engine: [generated in 0.00038s] (3,)
2026-06-14 19:06:41,363 [INFO] sqlalchemy.engine.Engine: SELECT match_registrations.id, match_registrations.post_id, match_registrations.user_id, match_registrations.message, match_registrations.status, users.nickname, users.avatar_url 
FROM match_registrations INNER JOIN users ON match_registrations.user_id = users.id 
WHERE match_registrations.post_id = %s ORDER BY match_registrations.id
2026-06-14 19:06:41,363 [INFO] sqlalchemy.engine.Engine: [generated in 0.00104s] (3,)
2026-06-14 19:06:41,468 [INFO] sqlalchemy.engine.Engine: COMMIT
2026-06-14 19:06:41,663 [INFO] club-api: GET /api/v1/posts/3 → 200 (455ms)
2026-06-14 19:06:47,532 [INFO] sqlalchemy.engine.Engine: BEGIN (implicit)
2026-06-14 19:06:47,532 [INFO] sqlalchemy.engine.Engine: SELECT match_posts.id, match_posts.club_id, match_posts.user_id, match_posts.title, match_posts.sport_type, match_posts.preferred_date, match_posts.preferred_start, match_posts.preferred_end, match_posts.players_needed, match_posts.level_required, match_posts.notes, match_posts.venue_id, match_posts.booking_id, match_posts.group_chat_id, match_posts.status, match_posts.created_at, users.nickname, users.avatar_url, clubs.name, count(match_registrations.id) AS count_1 
FROM match_posts INNER JOIN users ON match_posts.user_id = users.id INNER JOIN clubs ON match_posts.club_id = clubs.id LEFT OUTER JOIN match_registrations ON match_registrations.post_id = match_posts.id 
WHERE match_posts.id = %s GROUP BY match_posts.id
2026-06-14 19:06:47,533 [INFO] sqlalchemy.engine.Engine: [cached since 6.321s ago] (3,)
2026-06-14 19:06:47,591 [INFO] sqlalchemy.engine.Engine: SELECT match_registrations.id, match_registrations.post_id, match_registrations.user_id, match_registrations.message, match_registrations.status, users.nickname, users.avatar_url 
FROM match_registrations INNER JOIN users ON match_registrations.user_id = users.id 
WHERE match_registrations.post_id = %s ORDER BY match_registrations.id
2026-06-14 19:06:47,591 [INFO] sqlalchemy.engine.Engine: [cached since 6.229s ago] (3,)
2026-06-14 19:06:47,649 [INFO] sqlalchemy.engine.Engine: COMMIT
2026-06-14 19:06:47,743 [INFO] club-api: GET /api/v1/posts/3 → 200 (212ms)
2026-06-14 19:08:37,413 [INFO] sqlalchemy.engine.Engine: BEGIN (implicit)
2026-06-14 19:08:37,415 [INFO] sqlalchemy.engine.Engine: SELECT users.id, users.openid, users.unionid, users.nickname, users.avatar_url, users.phone, users.`role`, users.created_at, users.updated_at 
FROM users 
WHERE users.id = %s
2026-06-14 19:08:37,415 [INFO] sqlalchemy.engine.Engine: [cached since 118.3s ago] (1,)
2026-06-14 19:08:37,475 [INFO] sqlalchemy.engine.Engine: SELECT count(booking_orders.id) AS count_1 
FROM booking_orders 
WHERE booking_orders.user_id = %s
2026-06-14 19:08:37,475 [INFO] sqlalchemy.engine.Engine: [generated in 0.00044s] (1,)
2026-06-14 19:08:37,537 [INFO] sqlalchemy.engine.Engine: SELECT booking_orders.id, booking_orders.order_no, booking_orders.user_id, booking_orders.venue_id, booking_orders.slot_id, booking_orders.club_id, booking_orders.amount, booking_orders.status, booking_orders.payment_time, booking_orders.wx_transaction_id, booking_orders.cancel_reason, booking_orders.cancel_time, booking_orders.refund_amount, booking_orders.created_at, venues.name, venue_time_slots.date, venue_time_slots.start_time, venue_time_slots.end_time 
FROM booking_orders INNER JOIN venues ON booking_orders.venue_id = venues.id INNER JOIN venue_time_slots ON booking_orders.slot_id = venue_time_slots.id 
WHERE booking_orders.user_id = %s ORDER BY booking_orders.created_at DESC 
 LIMIT %s, %s
2026-06-14 19:08:37,537 [INFO] sqlalchemy.engine.Engine: [generated in 0.00082s] (1, 0, 20)
2026-06-14 19:08:37,591 [INFO] sqlalchemy.engine.Engine: COMMIT
2026-06-14 19:08:37,685 [INFO] club-api: GET /api/v1/users/me/bookings → 200 (273ms)
2026-06-14 19:10:01,384 [INFO] sqlalchemy.engine.Engine: BEGIN (implicit)
2026-06-14 19:10:01,388 [INFO] sqlalchemy.engine.Engine: SELECT count(clubs.id) AS count_1 
FROM clubs 
WHERE clubs.status = %s
2026-06-14 19:10:01,389 [INFO] sqlalchemy.engine.Engine: [generated in 0.00070s] ('active',)
2026-06-14 19:10:01,441 [INFO] sqlalchemy.engine.Engine: SELECT clubs.id, clubs.name, clubs.sport_types, clubs.description, clubs.cover_image, clubs.images, clubs.address, clubs.latitude, clubs.longitude, clubs.contact_phone, clubs.split_ratio, clubs.sub_merchant_id, clubs.status, clubs.created_at, clubs.updated_at 
FROM clubs 
WHERE clubs.status = %s ORDER BY clubs.id DESC 
 LIMIT %s, %s
2026-06-14 19:10:01,442 [INFO] sqlalchemy.engine.Engine: [generated in 0.00102s] ('active', 0, 20)
2026-06-14 19:10:01,501 [INFO] sqlalchemy.engine.Engine: COMMIT
2026-06-14 19:10:01,592 [INFO] club-api: GET /api/v1/clubs → 200 (216ms)
2026-06-14 19:10:02,873 [INFO] sqlalchemy.engine.Engine: BEGIN (implicit)
2026-06-14 19:10:02,875 [INFO] sqlalchemy.engine.Engine: SELECT clubs.id, clubs.name, clubs.sport_types, clubs.description, clubs.cover_image, clubs.images, clubs.address, clubs.latitude, clubs.longitude, clubs.contact_phone, clubs.split_ratio, clubs.sub_merchant_id, clubs.status, clubs.created_at, clubs.updated_at 
FROM clubs 
WHERE clubs.id = %s
2026-06-14 19:10:02,875 [INFO] sqlalchemy.engine.Engine: [generated in 0.00036s] (12,)
2026-06-14 19:10:02,940 [INFO] sqlalchemy.engine.Engine: SELECT venues.id, venues.club_id, venues.name, venues.sport_type, venues.price_per_hour, venues.max_capacity, venues.open_time, venues.close_time, venues.cover_image, venues.status, venues.sort_order, venues.created_at 
FROM venues 
WHERE venues.club_id = %s
2026-06-14 19:10:02,940 [INFO] sqlalchemy.engine.Engine: [generated in 0.00074s] (12,)
2026-06-14 19:10:02,993 [INFO] sqlalchemy.engine.Engine: COMMIT
2026-06-14 19:10:03,097 [INFO] club-api: GET /api/v1/clubs/12 → 200 (224ms)
2026-06-14 19:10:04,333 [INFO] sqlalchemy.engine.Engine: BEGIN (implicit)
2026-06-14 19:10:04,334 [INFO] sqlalchemy.engine.Engine: SELECT venues.id, venues.club_id, venues.name, venues.sport_type, venues.price_per_hour, venues.max_capacity, venues.open_time, venues.close_time, venues.cover_image, venues.status, venues.sort_order, venues.created_at 
FROM venues 
WHERE venues.id = %s
2026-06-14 19:10:04,334 [INFO] sqlalchemy.engine.Engine: [generated in 0.00033s] (2,)
2026-06-14 19:10:04,337 [INFO] sqlalchemy.engine.Engine: BEGIN (implicit)
2026-06-14 19:10:04,337 [INFO] sqlalchemy.engine.Engine: SELECT venues.id, venues.club_id, venues.name, venues.sport_type, venues.price_per_hour, venues.max_capacity, venues.open_time, venues.close_time, venues.cover_image, venues.status, venues.sort_order, venues.created_at 
FROM venues 
WHERE venues.id = %s
2026-06-14 19:10:04,337 [INFO] sqlalchemy.engine.Engine: [cached since 0.003223s ago] (2,)
2026-06-14 19:10:04,420 [INFO] sqlalchemy.engine.Engine: SELECT venue_time_slots.id, venue_time_slots.venue_id, venue_time_slots.date, venue_time_slots.start_time, venue_time_slots.end_time, venue_time_slots.price_override, venue_time_slots.status, venue_time_slots.locked_by, venue_time_slots.locked_at 
FROM venue_time_slots 
WHERE venue_time_slots.venue_id = %s AND venue_time_slots.date >= %s AND venue_time_slots.date <= %s ORDER BY venue_time_slots.date, venue_time_slots.start_time
2026-06-14 19:10:04,421 [INFO] sqlalchemy.engine.Engine: [generated in 0.00084s] (2, datetime.date(2026, 6, 14), datetime.date(2026, 6, 27))
2026-06-14 19:10:04,424 [INFO] sqlalchemy.engine.Engine: COMMIT
2026-06-14 19:10:04,480 [INFO] sqlalchemy.engine.Engine: COMMIT
2026-06-14 19:10:04,499 [INFO] club-api: GET /api/v1/venues/2 → 200 (167ms)
2026-06-14 19:10:04,556 [INFO] club-api: GET /api/v1/venues/2/slots → 200 (221ms)
2026-06-14 19:10:09,697 [INFO] sqlalchemy.engine.Engine: BEGIN (implicit)
2026-06-14 19:10:09,697 [INFO] sqlalchemy.engine.Engine: SELECT venues.id, venues.club_id, venues.name, venues.sport_type, venues.price_per_hour, venues.max_capacity, venues.open_time, venues.close_time, venues.cover_image, venues.status, venues.sort_order, venues.created_at 
FROM venues 
WHERE venues.id = %s
2026-06-14 19:10:09,698 [INFO] sqlalchemy.engine.Engine: [cached since 5.363s ago] (2,)
2026-06-14 19:10:09,699 [INFO] sqlalchemy.engine.Engine: BEGIN (implicit)
2026-06-14 19:10:09,700 [INFO] sqlalchemy.engine.Engine: SELECT venues.id, venues.club_id, venues.name, venues.sport_type, venues.price_per_hour, venues.max_capacity, venues.open_time, venues.close_time, venues.cover_image, venues.status, venues.sort_order, venues.created_at 
FROM venues 
WHERE venues.id = %s
2026-06-14 19:10:09,700 [INFO] sqlalchemy.engine.Engine: [cached since 5.366s ago] (2,)
2026-06-14 19:10:09,768 [INFO] sqlalchemy.engine.Engine: SELECT venue_time_slots.id, venue_time_slots.venue_id, venue_time_slots.date, venue_time_slots.start_time, venue_time_slots.end_time, venue_time_slots.price_override, venue_time_slots.status, venue_time_slots.locked_by, venue_time_slots.locked_at 
FROM venue_time_slots 
WHERE venue_time_slots.venue_id = %s AND venue_time_slots.date >= %s AND venue_time_slots.date <= %s ORDER BY venue_time_slots.date, venue_time_slots.start_time
2026-06-14 19:10:09,768 [INFO] sqlalchemy.engine.Engine: [cached since 5.348s ago] (2, datetime.date(2026, 6, 14), datetime.date(2026, 6, 14))
2026-06-14 19:10:09,811 [INFO] sqlalchemy.engine.Engine: COMMIT
2026-06-14 19:10:09,820 [INFO] sqlalchemy.engine.Engine: COMMIT
2026-06-14 19:10:09,893 [INFO] club-api: GET /api/v1/venues/2 → 200 (195ms)
2026-06-14 19:10:09,895 [INFO] club-api: GET /api/v1/venues/2/slots → 200 (200ms)
2026-06-14 19:11:08,229 [INFO] sqlalchemy.engine.Engine: SELECT DATABASE()
2026-06-14 19:11:08,229 [INFO] sqlalchemy.engine.Engine: [raw sql] ()
2026-06-14 19:11:08,333 [INFO] sqlalchemy.engine.Engine: SELECT @@sql_mode
2026-06-14 19:11:08,333 [INFO] sqlalchemy.engine.Engine: [raw sql] ()
2026-06-14 19:11:08,374 [INFO] sqlalchemy.engine.Engine: SELECT @@lower_case_table_names
2026-06-14 19:11:08,375 [INFO] sqlalchemy.engine.Engine: [raw sql] ()
2026-06-14 19:11:08,553 [INFO] sqlalchemy.engine.Engine: BEGIN (implicit)
2026-06-14 19:11:08,554 [INFO] sqlalchemy.engine.Engine: DESCRIBE `club_db`.`users`
2026-06-14 19:11:08,554 [INFO] sqlalchemy.engine.Engine: [raw sql] ()
2026-06-14 19:11:08,639 [INFO] sqlalchemy.engine.Engine: DESCRIBE `club_db`.`clubs`
2026-06-14 19:11:08,640 [INFO] sqlalchemy.engine.Engine: [raw sql] ()
2026-06-14 19:11:08,676 [INFO] sqlalchemy.engine.Engine: DESCRIBE `club_db`.`club_members`
2026-06-14 19:11:08,677 [INFO] sqlalchemy.engine.Engine: [raw sql] ()
2026-06-14 19:11:08,742 [INFO] sqlalchemy.engine.Engine: DESCRIBE `club_db`.`venues`
2026-06-14 19:11:08,742 [INFO] sqlalchemy.engine.Engine: [raw sql] ()
2026-06-14 19:11:08,783 [INFO] sqlalchemy.engine.Engine: DESCRIBE `club_db`.`venue_time_slots`
2026-06-14 19:11:08,783 [INFO] sqlalchemy.engine.Engine: [raw sql] ()
2026-06-14 19:11:08,854 [INFO] sqlalchemy.engine.Engine: DESCRIBE `club_db`.`booking_orders`
2026-06-14 19:11:08,854 [INFO] sqlalchemy.engine.Engine: [raw sql] ()
2026-06-14 19:11:08,889 [INFO] sqlalchemy.engine.Engine: DESCRIBE `club_db`.`settlement_records`
2026-06-14 19:11:08,889 [INFO] sqlalchemy.engine.Engine: [raw sql] ()
2026-06-14 19:11:08,947 [INFO] sqlalchemy.engine.Engine: DESCRIBE `club_db`.`match_posts`
2026-06-14 19:11:08,947 [INFO] sqlalchemy.engine.Engine: [raw sql] ()
2026-06-14 19:11:09,048 [INFO] sqlalchemy.engine.Engine: DESCRIBE `club_db`.`match_registrations`
2026-06-14 19:11:09,048 [INFO] sqlalchemy.engine.Engine: [raw sql] ()
2026-06-14 19:11:09,094 [INFO] sqlalchemy.engine.Engine: DESCRIBE `club_db`.`tournaments`
2026-06-14 19:11:09,094 [INFO] sqlalchemy.engine.Engine: [raw sql] ()
2026-06-14 19:11:09,150 [INFO] sqlalchemy.engine.Engine: DESCRIBE `club_db`.`tournament_registrations`
2026-06-14 19:11:09,151 [INFO] sqlalchemy.engine.Engine: [raw sql] ()
2026-06-14 19:11:09,186 [INFO] sqlalchemy.engine.Engine: DESCRIBE `club_db`.`notifications`
2026-06-14 19:11:09,186 [INFO] sqlalchemy.engine.Engine: [raw sql] ()
2026-06-14 19:11:09,256 [INFO] sqlalchemy.engine.Engine: COMMIT
2026-06-14 19:11:09,357 [INFO] club-api: Database tables created/verified
2026-06-14 19:11:14,271 [INFO] sqlalchemy.engine.Engine: SELECT DATABASE()
2026-06-14 19:11:14,272 [INFO] sqlalchemy.engine.Engine: [raw sql] ()
2026-06-14 19:11:14,374 [INFO] sqlalchemy.engine.Engine: SELECT @@sql_mode
2026-06-14 19:11:14,375 [INFO] sqlalchemy.engine.Engine: [raw sql] ()
2026-06-14 19:11:14,412 [INFO] sqlalchemy.engine.Engine: SELECT @@lower_case_table_names
2026-06-14 19:11:14,413 [INFO] sqlalchemy.engine.Engine: [raw sql] ()
2026-06-14 19:11:14,513 [INFO] sqlalchemy.engine.Engine: BEGIN (implicit)
2026-06-14 19:11:14,514 [INFO] sqlalchemy.engine.Engine: DESCRIBE `club_db`.`users`
2026-06-14 19:11:14,515 [INFO] sqlalchemy.engine.Engine: [raw sql] ()
2026-06-14 19:11:14,580 [INFO] sqlalchemy.engine.Engine: DESCRIBE `club_db`.`clubs`
2026-06-14 19:11:14,580 [INFO] sqlalchemy.engine.Engine: [raw sql] ()
2026-06-14 19:11:14,618 [INFO] sqlalchemy.engine.Engine: DESCRIBE `club_db`.`club_members`
2026-06-14 19:11:14,618 [INFO] sqlalchemy.engine.Engine: [raw sql] ()
2026-06-14 19:11:14,681 [INFO] sqlalchemy.engine.Engine: DESCRIBE `club_db`.`venues`
2026-06-14 19:11:14,682 [INFO] sqlalchemy.engine.Engine: [raw sql] ()
2026-06-14 19:11:14,722 [INFO] sqlalchemy.engine.Engine: DESCRIBE `club_db`.`venue_time_slots`
2026-06-14 19:11:14,723 [INFO] sqlalchemy.engine.Engine: [raw sql] ()
2026-06-14 19:11:14,797 [INFO] sqlalchemy.engine.Engine: DESCRIBE `club_db`.`booking_orders`
2026-06-14 19:11:14,797 [INFO] sqlalchemy.engine.Engine: [raw sql] ()
2026-06-14 19:11:14,886 [INFO] sqlalchemy.engine.Engine: DESCRIBE `club_db`.`settlement_records`
2026-06-14 19:11:14,887 [INFO] sqlalchemy.engine.Engine: [raw sql] ()
2026-06-14 19:11:14,922 [INFO] sqlalchemy.engine.Engine: DESCRIBE `club_db`.`match_posts`
2026-06-14 19:11:14,922 [INFO] sqlalchemy.engine.Engine: [raw sql] ()
2026-06-14 19:11:14,989 [INFO] sqlalchemy.engine.Engine: DESCRIBE `club_db`.`match_registrations`
2026-06-14 19:11:14,990 [INFO] sqlalchemy.engine.Engine: [raw sql] ()
2026-06-14 19:11:15,026 [INFO] sqlalchemy.engine.Engine: DESCRIBE `club_db`.`tournaments`
2026-06-14 19:11:15,027 [INFO] sqlalchemy.engine.Engine: [raw sql] ()
2026-06-14 19:11:15,091 [INFO] sqlalchemy.engine.Engine: DESCRIBE `club_db`.`tournament_registrations`
2026-06-14 19:11:15,091 [INFO] sqlalchemy.engine.Engine: [raw sql] ()
2026-06-14 19:11:15,127 [INFO] sqlalchemy.engine.Engine: DESCRIBE `club_db`.`notifications`
2026-06-14 19:11:15,127 [INFO] sqlalchemy.engine.Engine: [raw sql] ()
2026-06-14 19:11:15,196 [INFO] sqlalchemy.engine.Engine: COMMIT
2026-06-14 19:11:15,296 [INFO] club-api: Database tables created/verified
2026-06-14 19:11:29,838 [INFO] sqlalchemy.engine.Engine: BEGIN (implicit)
2026-06-14 19:11:29,878 [INFO] sqlalchemy.engine.Engine: SELECT users.id, users.openid, users.unionid, users.nickname, users.avatar_url, users.phone, users.`role`, users.created_at, users.updated_at 
FROM users 
WHERE users.id = %s
2026-06-14 19:11:29,878 [INFO] sqlalchemy.engine.Engine: [generated in 0.00026s] (1,)
2026-06-14 19:11:29,942 [INFO] sqlalchemy.engine.Engine: SELECT club_members.club_id 
FROM club_members 
WHERE club_members.user_id = %s
2026-06-14 19:11:29,942 [INFO] sqlalchemy.engine.Engine: [generated in 0.00035s] (1,)
2026-06-14 19:11:29,992 [INFO] sqlalchemy.engine.Engine: COMMIT
2026-06-14 19:11:30,148 [INFO] club-api: GET /api/v1/users/me → 200 (316ms)
2026-06-14 19:11:30,189 [INFO] sqlalchemy.engine.Engine: BEGIN (implicit)
2026-06-14 19:11:30,193 [INFO] sqlalchemy.engine.Engine: SELECT count(tournaments.id) AS count_1 
FROM tournaments 
WHERE tournaments.status = %s
2026-06-14 19:11:30,194 [INFO] sqlalchemy.engine.Engine: [generated in 0.00056s] ('open',)
2026-06-14 19:11:30,253 [INFO] sqlalchemy.engine.Engine: SELECT tournaments.id, tournaments.club_id, tournaments.title, tournaments.description, tournaments.sport_type, tournaments.start_time, tournaments.end_time, tournaments.venue_id, tournaments.lock_venue, tournaments.max_participants, tournaments.current_participants, tournaments.entry_fee, tournaments.cover_image, tournaments.group_chat_id, tournaments.status, tournaments.created_at, clubs.name 
FROM tournaments INNER JOIN clubs ON tournaments.club_id = clubs.id 
WHERE tournaments.status = %s ORDER BY tournaments.start_time 
 LIMIT %s, %s
2026-06-14 19:11:30,254 [INFO] sqlalchemy.engine.Engine: [generated in 0.00110s] ('open', 0, 5)
2026-06-14 19:11:30,255 [INFO] sqlalchemy.engine.Engine: BEGIN (implicit)
2026-06-14 19:11:30,257 [INFO] sqlalchemy.engine.Engine: SELECT count(match_posts.id) AS count_1 
FROM match_posts
2026-06-14 19:11:30,257 [INFO] sqlalchemy.engine.Engine: [generated in 0.00041s] ()
2026-06-14 19:11:30,350 [INFO] sqlalchemy.engine.Engine: COMMIT
2026-06-14 19:11:30,361 [INFO] sqlalchemy.engine.Engine: SELECT match_posts.id, match_posts.club_id, match_posts.user_id, match_posts.title, match_posts.sport_type, match_posts.preferred_date, match_posts.preferred_start, match_posts.preferred_end, match_posts.players_needed, match_posts.level_required, match_posts.notes, match_posts.venue_id, match_posts.booking_id, match_posts.group_chat_id, match_posts.status, match_posts.created_at, users.nickname, users.avatar_url, clubs.name, count(match_registrations.id) AS count_1 
FROM match_posts INNER JOIN users ON match_posts.user_id = users.id INNER JOIN clubs ON match_posts.club_id = clubs.id LEFT OUTER JOIN match_registrations ON match_registrations.post_id = match_posts.id GROUP BY match_posts.id ORDER BY match_posts.created_at DESC 
 LIMIT %s, %s
2026-06-14 19:11:30,361 [INFO] sqlalchemy.engine.Engine: [generated in 0.00064s] (0, 10)
2026-06-14 19:11:30,455 [INFO] sqlalchemy.engine.Engine: COMMIT
2026-06-14 19:11:30,458 [INFO] club-api: GET /api/v1/tournaments → 200 (574ms)
2026-06-14 19:11:30,597 [INFO] club-api: GET /api/v1/posts → 200 (716ms)
2026-06-14 19:11:39,278 [INFO] sqlalchemy.engine.Engine: BEGIN (implicit)
2026-06-14 19:11:39,279 [INFO] sqlalchemy.engine.Engine: SELECT users.id, users.openid, users.unionid, users.nickname, users.avatar_url, users.phone, users.`role`, users.created_at, users.updated_at 
FROM users 
WHERE users.id = %s
2026-06-14 19:11:39,279 [INFO] sqlalchemy.engine.Engine: [cached since 9.401s ago] (1,)
2026-06-14 19:11:39,310 [INFO] sqlalchemy.engine.Engine: BEGIN (implicit)
2026-06-14 19:11:39,310 [INFO] sqlalchemy.engine.Engine: SELECT count(match_posts.id) AS count_1 
FROM match_posts
2026-06-14 19:11:39,311 [INFO] sqlalchemy.engine.Engine: [cached since 9.054s ago] ()
2026-06-14 19:11:39,313 [INFO] sqlalchemy.engine.Engine: BEGIN (implicit)
2026-06-14 19:11:39,314 [INFO] sqlalchemy.engine.Engine: SELECT count(tournaments.id) AS count_1 
FROM tournaments 
WHERE tournaments.status = %s
2026-06-14 19:11:39,314 [INFO] sqlalchemy.engine.Engine: [cached since 9.121s ago] ('open',)
2026-06-14 19:11:39,360 [INFO] sqlalchemy.engine.Engine: SELECT club_members.club_id 
FROM club_members 
WHERE club_members.user_id = %s
2026-06-14 19:11:39,361 [INFO] sqlalchemy.engine.Engine: [cached since 9.419s ago] (1,)
2026-06-14 19:11:39,396 [INFO] sqlalchemy.engine.Engine: COMMIT
2026-06-14 19:11:39,400 [INFO] sqlalchemy.engine.Engine: SELECT match_posts.id, match_posts.club_id, match_posts.user_id, match_posts.title, match_posts.sport_type, match_posts.preferred_date, match_posts.preferred_start, match_posts.preferred_end, match_posts.players_needed, match_posts.level_required, match_posts.notes, match_posts.venue_id, match_posts.booking_id, match_posts.group_chat_id, match_posts.status, match_posts.created_at, users.nickname, users.avatar_url, clubs.name, count(match_registrations.id) AS count_1 
FROM match_posts INNER JOIN users ON match_posts.user_id = users.id INNER JOIN clubs ON match_posts.club_id = clubs.id LEFT OUTER JOIN match_registrations ON match_registrations.post_id = match_posts.id GROUP BY match_posts.id ORDER BY match_posts.created_at DESC 
 LIMIT %s, %s
2026-06-14 19:11:39,400 [INFO] sqlalchemy.engine.Engine: [cached since 9.04s ago] (0, 10)
2026-06-14 19:11:39,465 [INFO] sqlalchemy.engine.Engine: SELECT tournaments.id, tournaments.club_id, tournaments.title, tournaments.description, tournaments.sport_type, tournaments.start_time, tournaments.end_time, tournaments.venue_id, tournaments.lock_venue, tournaments.max_participants, tournaments.current_participants, tournaments.entry_fee, tournaments.cover_image, tournaments.group_chat_id, tournaments.status, tournaments.created_at, clubs.name 
FROM tournaments INNER JOIN clubs ON tournaments.club_id = clubs.id 
WHERE tournaments.status = %s ORDER BY tournaments.start_time 
 LIMIT %s, %s
2026-06-14 19:11:39,466 [INFO] sqlalchemy.engine.Engine: [cached since 9.213s ago] ('open', 0, 5)
2026-06-14 19:11:39,480 [INFO] sqlalchemy.engine.Engine: COMMIT
2026-06-14 19:11:39,503 [INFO] club-api: GET /api/v1/users/me → 200 (226ms)
2026-06-14 19:11:39,514 [INFO] sqlalchemy.engine.Engine: COMMIT
2026-06-14 19:11:39,668 [INFO] club-api: GET /api/v1/posts → 200 (359ms)
2026-06-14 19:11:39,669 [INFO] club-api: GET /api/v1/tournaments → 200 (358ms)
2026-06-14 19:11:42,567 [INFO] sqlalchemy.engine.Engine: BEGIN (implicit)
2026-06-14 19:11:42,568 [INFO] sqlalchemy.engine.Engine: SELECT count(clubs.id) AS count_1 
FROM clubs 
WHERE clubs.status = %s
2026-06-14 19:11:42,568 [INFO] sqlalchemy.engine.Engine: [generated in 0.00032s] ('active',)
2026-06-14 19:11:42,645 [INFO] sqlalchemy.engine.Engine: SELECT clubs.id, clubs.name, clubs.sport_types, clubs.description, clubs.cover_image, clubs.images, clubs.address, clubs.latitude, clubs.longitude, clubs.contact_phone, clubs.split_ratio, clubs.sub_merchant_id, clubs.status, clubs.created_at, clubs.updated_at 
FROM clubs 
WHERE clubs.status = %s ORDER BY clubs.id DESC 
 LIMIT %s, %s
2026-06-14 19:11:42,646 [INFO] sqlalchemy.engine.Engine: [generated in 0.00068s] ('active', 0, 20)
2026-06-14 19:11:42,741 [INFO] sqlalchemy.engine.Engine: COMMIT
2026-06-14 19:11:42,841 [INFO] club-api: GET /api/v1/clubs → 200 (276ms)
2026-06-14 19:11:46,640 [INFO] sqlalchemy.engine.Engine: BEGIN (implicit)
2026-06-14 19:11:46,640 [INFO] sqlalchemy.engine.Engine: SELECT users.id, users.openid, users.unionid, users.nickname, users.avatar_url, users.phone, users.`role`, users.created_at, users.updated_at 
FROM users 
WHERE users.id = %s
2026-06-14 19:11:46,641 [INFO] sqlalchemy.engine.Engine: [cached since 16.76s ago] (1,)
2026-06-14 19:11:46,721 [INFO] sqlalchemy.engine.Engine: SELECT count(booking_orders.id) AS count_1 
FROM booking_orders 
WHERE booking_orders.user_id = %s
2026-06-14 19:11:46,722 [INFO] sqlalchemy.engine.Engine: [generated in 0.00066s] (1,)
2026-06-14 19:11:46,764 [INFO] sqlalchemy.engine.Engine: SELECT booking_orders.id, booking_orders.order_no, booking_orders.user_id, booking_orders.venue_id, booking_orders.slot_id, booking_orders.club_id, booking_orders.amount, booking_orders.status, booking_orders.payment_time, booking_orders.wx_transaction_id, booking_orders.cancel_reason, booking_orders.cancel_time, booking_orders.refund_amount, booking_orders.created_at, venues.name, venue_time_slots.date, venue_time_slots.start_time, venue_time_slots.end_time 
FROM booking_orders INNER JOIN venues ON booking_orders.venue_id = venues.id INNER JOIN venue_time_slots ON booking_orders.slot_id = venue_time_slots.id 
WHERE booking_orders.user_id = %s ORDER BY booking_orders.created_at DESC 
 LIMIT %s, %s
2026-06-14 19:11:46,765 [INFO] sqlalchemy.engine.Engine: [generated in 0.00055s] (1, 0, 20)
2026-06-14 19:11:46,839 [INFO] sqlalchemy.engine.Engine: COMMIT
2026-06-14 19:11:47,032 [INFO] club-api: GET /api/v1/users/me/bookings → 200 (393ms)
2026-06-14 19:12:03,953 [INFO] sqlalchemy.engine.Engine: BEGIN (implicit)
2026-06-14 19:12:03,956 [INFO] sqlalchemy.engine.Engine: SELECT clubs.id, clubs.name, clubs.sport_types, clubs.description, clubs.cover_image, clubs.images, clubs.address, clubs.latitude, clubs.longitude, clubs.contact_phone, clubs.split_ratio, clubs.sub_merchant_id, clubs.status, clubs.created_at, clubs.updated_at 
FROM clubs 
WHERE clubs.id = %s
2026-06-14 19:12:03,956 [INFO] sqlalchemy.engine.Engine: [generated in 0.00058s] (12,)
2026-06-14 19:12:04,020 [INFO] sqlalchemy.engine.Engine: SELECT venues.id, venues.club_id, venues.name, venues.sport_type, venues.price_per_hour, venues.max_capacity, venues.open_time, venues.close_time, venues.cover_image, venues.status, venues.sort_order, venues.created_at 
FROM venues 
WHERE venues.club_id = %s
2026-06-14 19:12:04,020 [INFO] sqlalchemy.engine.Engine: [generated in 0.00074s] (12,)
2026-06-14 19:12:04,076 [INFO] sqlalchemy.engine.Engine: COMMIT
2026-06-14 19:12:04,168 [INFO] club-api: GET /api/v1/clubs/12 → 200 (216ms)
2026-06-14 19:12:05,537 [INFO] sqlalchemy.engine.Engine: BEGIN (implicit)
2026-06-14 19:12:05,539 [INFO] sqlalchemy.engine.Engine: SELECT venues.id, venues.club_id, venues.name, venues.sport_type, venues.price_per_hour, venues.max_capacity, venues.open_time, venues.close_time, venues.cover_image, venues.status, venues.sort_order, venues.created_at 
FROM venues 
WHERE venues.id = %s
2026-06-14 19:12:05,539 [INFO] sqlalchemy.engine.Engine: [generated in 0.00041s] (2,)
2026-06-14 19:12:05,542 [INFO] sqlalchemy.engine.Engine: BEGIN (implicit)
2026-06-14 19:12:05,542 [INFO] sqlalchemy.engine.Engine: SELECT venues.id, venues.club_id, venues.name, venues.sport_type, venues.price_per_hour, venues.max_capacity, venues.open_time, venues.close_time, venues.cover_image, venues.status, venues.sort_order, venues.created_at 
FROM venues 
WHERE venues.id = %s
2026-06-14 19:12:05,542 [INFO] sqlalchemy.engine.Engine: [cached since 0.003914s ago] (2,)
2026-06-14 19:12:05,588 [INFO] sqlalchemy.engine.Engine: SELECT venue_time_slots.id, venue_time_slots.venue_id, venue_time_slots.date, venue_time_slots.start_time, venue_time_slots.end_time, venue_time_slots.price_override, venue_time_slots.status, venue_time_slots.locked_by, venue_time_slots.locked_at 
FROM venue_time_slots 
WHERE venue_time_slots.venue_id = %s AND venue_time_slots.date >= %s AND venue_time_slots.date <= %s ORDER BY venue_time_slots.date, venue_time_slots.start_time
2026-06-14 19:12:05,589 [INFO] sqlalchemy.engine.Engine: [generated in 0.00095s] (2, datetime.date(2026, 6, 14), datetime.date(2026, 6, 14))
2026-06-14 19:12:05,592 [INFO] sqlalchemy.engine.Engine: COMMIT
2026-06-14 19:12:05,641 [INFO] sqlalchemy.engine.Engine: COMMIT
2026-06-14 19:12:05,677 [INFO] club-api: GET /api/v1/venues/2 → 200 (137ms)
2026-06-14 19:12:05,710 [INFO] club-api: GET /api/v1/venues/2/slots → 200 (175ms)
2026-06-14 19:13:22,211 [INFO] sqlalchemy.engine.Engine: BEGIN (implicit)
2026-06-14 19:13:22,212 [INFO] sqlalchemy.engine.Engine: SELECT users.id, users.openid, users.unionid, users.nickname, users.avatar_url, users.phone, users.`role`, users.created_at, users.updated_at 
FROM users 
WHERE users.id = %s
2026-06-14 19:13:22,212 [INFO] sqlalchemy.engine.Engine: [cached since 112.3s ago] (1,)
2026-06-14 19:13:22,277 [INFO] sqlalchemy.engine.Engine: SELECT club_members.club_id 
FROM club_members 
WHERE club_members.user_id = %s
2026-06-14 19:13:22,278 [INFO] sqlalchemy.engine.Engine: [cached since 112.3s ago] (1,)
2026-06-14 19:13:22,327 [INFO] sqlalchemy.engine.Engine: COMMIT
2026-06-14 19:13:22,436 [INFO] club-api: GET /api/v1/users/me → 200 (227ms)
2026-06-14 19:13:22,447 [INFO] sqlalchemy.engine.Engine: BEGIN (implicit)
2026-06-14 19:13:22,449 [INFO] sqlalchemy.engine.Engine: SELECT venues.id, venues.club_id, venues.name, venues.sport_type, venues.price_per_hour, venues.max_capacity, venues.open_time, venues.close_time, venues.cover_image, venues.status, venues.sort_order, venues.created_at 
FROM venues 
WHERE venues.club_id = %s ORDER BY venues.sort_order
2026-06-14 19:13:22,450 [INFO] sqlalchemy.engine.Engine: [generated in 0.00089s] (12,)
2026-06-14 19:13:22,496 [INFO] sqlalchemy.engine.Engine: COMMIT
2026-06-14 19:13:22,574 [INFO] club-api: GET /api/v1/clubs/12/venues → 200 (129ms)
2026-06-14 19:13:27,155 [INFO] sqlalchemy.engine.Engine: BEGIN (implicit)
2026-06-14 19:13:27,156 [INFO] sqlalchemy.engine.Engine: SELECT users.id, users.openid, users.unionid, users.nickname, users.avatar_url, users.phone, users.`role`, users.created_at, users.updated_at 
FROM users 
WHERE users.id = %s
2026-06-14 19:13:27,156 [INFO] sqlalchemy.engine.Engine: [cached since 117.3s ago] (1,)
2026-06-14 19:13:27,209 [INFO] sqlalchemy.engine.Engine: SELECT club_members.club_id 
FROM club_members 
WHERE club_members.user_id = %s
2026-06-14 19:13:27,212 [INFO] sqlalchemy.engine.Engine: [cached since 117.3s ago] (1,)
2026-06-14 19:13:27,312 [INFO] sqlalchemy.engine.Engine: COMMIT
2026-06-14 19:13:27,380 [INFO] club-api: GET /api/v1/users/me → 200 (227ms)
2026-06-14 19:13:27,391 [INFO] sqlalchemy.engine.Engine: BEGIN (implicit)
2026-06-14 19:13:27,392 [INFO] sqlalchemy.engine.Engine: SELECT clubs.id, clubs.name, clubs.sport_types, clubs.description, clubs.cover_image, clubs.images, clubs.address, clubs.latitude, clubs.longitude, clubs.contact_phone, clubs.split_ratio, clubs.sub_merchant_id, clubs.status, clubs.created_at, clubs.updated_at 
FROM clubs 
WHERE clubs.id = %s
2026-06-14 19:13:27,392 [INFO] sqlalchemy.engine.Engine: [cached since 83.44s ago] (12,)
2026-06-14 19:13:27,396 [INFO] sqlalchemy.engine.Engine: BEGIN (implicit)
2026-06-14 19:13:27,397 [INFO] sqlalchemy.engine.Engine: SELECT users.id, users.openid, users.unionid, users.nickname, users.avatar_url, users.phone, users.`role`, users.created_at, users.updated_at 
FROM users 
WHERE users.id = %s
2026-06-14 19:13:27,397 [INFO] sqlalchemy.engine.Engine: [cached since 117.5s ago] (1,)
2026-06-14 19:13:27,446 [INFO] sqlalchemy.engine.Engine: SELECT venues.id, venues.club_id, venues.name, venues.sport_type, venues.price_per_hour, venues.max_capacity, venues.open_time, venues.close_time, venues.cover_image, venues.status, venues.sort_order, venues.created_at 
FROM venues 
WHERE venues.club_id = %s
2026-06-14 19:13:27,447 [INFO] sqlalchemy.engine.Engine: [cached since 83.43s ago] (12,)
2026-06-14 19:13:27,452 [INFO] sqlalchemy.engine.Engine: SELECT club_members.id, club_members.club_id, club_members.user_id, club_members.`role` 
FROM club_members 
WHERE club_members.club_id = %s AND club_members.user_id = %s
2026-06-14 19:13:27,452 [INFO] sqlalchemy.engine.Engine: [generated in 0.00061s] (12, 1)
2026-06-14 19:13:27,500 [INFO] sqlalchemy.engine.Engine: SELECT count(venues.id) AS count_1 
FROM venues 
WHERE venues.club_id = %s
2026-06-14 19:13:27,501 [INFO] sqlalchemy.engine.Engine: [generated in 0.00064s] (12,)
2026-06-14 19:13:27,504 [INFO] sqlalchemy.engine.Engine: COMMIT
2026-06-14 19:13:27,554 [INFO] sqlalchemy.engine.Engine: SELECT count(booking_orders.id) AS count_1 
FROM booking_orders 
WHERE booking_orders.club_id = %s
2026-06-14 19:13:27,554 [INFO] sqlalchemy.engine.Engine: [generated in 0.00082s] (12,)
2026-06-14 19:13:27,592 [INFO] club-api: GET /api/v1/clubs/12 → 200 (203ms)
2026-06-14 19:13:27,611 [INFO] sqlalchemy.engine.Engine: SELECT coalesce(sum(booking_orders.amount), %s) AS coalesce_1 
FROM booking_orders 
WHERE booking_orders.club_id = %s AND booking_orders.status IN (%s, %s)
2026-06-14 19:13:27,611 [INFO] sqlalchemy.engine.Engine: [generated in 0.00096s] (0, 12, 'paid', 'completed')
2026-06-14 19:13:27,662 [INFO] sqlalchemy.engine.Engine: SELECT count(booking_orders.id) AS count_1 
FROM booking_orders 
WHERE booking_orders.club_id = %s AND date(booking_orders.created_at) = %s
2026-06-14 19:13:27,662 [INFO] sqlalchemy.engine.Engine: [generated in 0.00046s] (12, datetime.date(2026, 6, 14))
2026-06-14 19:13:27,715 [INFO] sqlalchemy.engine.Engine: SELECT coalesce(sum(booking_orders.amount), %s) AS coalesce_1 
FROM booking_orders 
WHERE booking_orders.club_id = %s AND date(booking_orders.created_at) = %s AND booking_orders.status IN (%s, %s)
2026-06-14 19:13:27,716 [INFO] sqlalchemy.engine.Engine: [generated in 0.00108s] (0, 12, datetime.date(2026, 6, 14), 'paid', 'completed')
2026-06-14 19:13:27,764 [INFO] sqlalchemy.engine.Engine: COMMIT
2026-06-14 19:13:27,833 [INFO] club-api: GET /api/v1/clubs/12/stats → 200 (439ms)
2026-06-14 19:13:32,746 [INFO] sqlalchemy.engine.Engine: BEGIN (implicit)
2026-06-14 19:13:32,747 [INFO] sqlalchemy.engine.Engine: SELECT users.id, users.openid, users.unionid, users.nickname, users.avatar_url, users.phone, users.`role`, users.created_at, users.updated_at 
FROM users 
WHERE users.id = %s
2026-06-14 19:13:32,747 [INFO] sqlalchemy.engine.Engine: [cached since 122.9s ago] (1,)
2026-06-14 19:13:32,822 [INFO] sqlalchemy.engine.Engine: SELECT club_members.club_id 
FROM club_members 
WHERE club_members.user_id = %s
2026-06-14 19:13:32,822 [INFO] sqlalchemy.engine.Engine: [cached since 122.9s ago] (1,)
2026-06-14 19:13:32,859 [INFO] sqlalchemy.engine.Engine: COMMIT
2026-06-14 19:13:33,027 [INFO] club-api: GET /api/v1/users/me → 200 (282ms)
2026-06-14 19:13:33,040 [INFO] sqlalchemy.engine.Engine: BEGIN (implicit)
2026-06-14 19:13:33,041 [INFO] sqlalchemy.engine.Engine: SELECT venues.id, venues.club_id, venues.name, venues.sport_type, venues.price_per_hour, venues.max_capacity, venues.open_time, venues.close_time, venues.cover_image, venues.status, venues.sort_order, venues.created_at 
FROM venues 
WHERE venues.club_id = %s ORDER BY venues.sort_order
2026-06-14 19:13:33,041 [INFO] sqlalchemy.engine.Engine: [cached since 10.59s ago] (12,)
2026-06-14 19:13:33,131 [INFO] sqlalchemy.engine.Engine: COMMIT
2026-06-14 19:13:33,269 [INFO] club-api: GET /api/v1/clubs/12/venues → 200 (231ms)
2026-06-14 19:13:37,141 [INFO] sqlalchemy.engine.Engine: BEGIN (implicit)
2026-06-14 19:13:37,142 [INFO] sqlalchemy.engine.Engine: SELECT users.id, users.openid, users.unionid, users.nickname, users.avatar_url, users.phone, users.`role`, users.created_at, users.updated_at 
FROM users 
WHERE users.id = %s
2026-06-14 19:13:37,142 [INFO] sqlalchemy.engine.Engine: [cached since 127.3s ago] (1,)
2026-06-14 19:13:37,226 [INFO] sqlalchemy.engine.Engine: SELECT club_members.club_id 
FROM club_members 
WHERE club_members.user_id = %s
2026-06-14 19:13:37,226 [INFO] sqlalchemy.engine.Engine: [cached since 127.3s ago] (1,)
2026-06-14 19:13:37,270 [INFO] sqlalchemy.engine.Engine: COMMIT
2026-06-14 19:13:37,429 [INFO] club-api: GET /api/v1/users/me → 200 (290ms)
2026-06-14 19:13:37,439 [INFO] sqlalchemy.engine.Engine: BEGIN (implicit)
2026-06-14 19:13:37,440 [INFO] sqlalchemy.engine.Engine: SELECT clubs.id, clubs.name, clubs.sport_types, clubs.description, clubs.cover_image, clubs.images, clubs.address, clubs.latitude, clubs.longitude, clubs.contact_phone, clubs.split_ratio, clubs.sub_merchant_id, clubs.status, clubs.created_at, clubs.updated_at 
FROM clubs 
WHERE clubs.id = %s
2026-06-14 19:13:37,441 [INFO] sqlalchemy.engine.Engine: [cached since 93.48s ago] (12,)
2026-06-14 19:13:37,445 [INFO] sqlalchemy.engine.Engine: BEGIN (implicit)
2026-06-14 19:13:37,446 [INFO] sqlalchemy.engine.Engine: SELECT users.id, users.openid, users.unionid, users.nickname, users.avatar_url, users.phone, users.`role`, users.created_at, users.updated_at 
FROM users 
WHERE users.id = %s
2026-06-14 19:13:37,446 [INFO] sqlalchemy.engine.Engine: [cached since 127.6s ago] (1,)
2026-06-14 19:13:37,535 [INFO] sqlalchemy.engine.Engine: SELECT venues.id, venues.club_id, venues.name, venues.sport_type, venues.price_per_hour, venues.max_capacity, venues.open_time, venues.close_time, venues.cover_image, venues.status, venues.sort_order, venues.created_at 
FROM venues 
WHERE venues.club_id = %s
2026-06-14 19:13:37,536 [INFO] sqlalchemy.engine.Engine: [cached since 93.51s ago] (12,)
2026-06-14 19:13:37,539 [INFO] sqlalchemy.engine.Engine: SELECT club_members.id, club_members.club_id, club_members.user_id, club_members.`role` 
FROM club_members 
WHERE club_members.club_id = %s AND club_members.user_id = %s
2026-06-14 19:13:37,540 [INFO] sqlalchemy.engine.Engine: [cached since 10.09s ago] (12, 1)
2026-06-14 19:13:37,634 [INFO] sqlalchemy.engine.Engine: COMMIT
2026-06-14 19:13:37,638 [INFO] sqlalchemy.engine.Engine: SELECT count(venues.id) AS count_1 
FROM venues 
WHERE venues.club_id = %s
2026-06-14 19:13:37,638 [INFO] sqlalchemy.engine.Engine: [cached since 10.14s ago] (12,)
2026-06-14 19:13:37,737 [INFO] sqlalchemy.engine.Engine: SELECT count(booking_orders.id) AS count_1 
FROM booking_orders 
WHERE booking_orders.club_id = %s
2026-06-14 19:13:37,738 [INFO] sqlalchemy.engine.Engine: [cached since 10.18s ago] (12,)
2026-06-14 19:13:37,741 [INFO] club-api: GET /api/v1/clubs/12 → 200 (303ms)
2026-06-14 19:13:37,840 [INFO] sqlalchemy.engine.Engine: SELECT coalesce(sum(booking_orders.amount), %s) AS coalesce_1 
FROM booking_orders 
WHERE booking_orders.club_id = %s AND booking_orders.status IN (%s, %s)
2026-06-14 19:13:37,841 [INFO] sqlalchemy.engine.Engine: [cached since 10.23s ago] (0, 12, 'paid', 'completed')
2026-06-14 19:13:37,886 [INFO] sqlalchemy.engine.Engine: SELECT count(booking_orders.id) AS count_1 
FROM booking_orders 
WHERE booking_orders.club_id = %s AND date(booking_orders.created_at) = %s
2026-06-14 19:13:37,886 [INFO] sqlalchemy.engine.Engine: [cached since 10.22s ago] (12, datetime.date(2026, 6, 14))
2026-06-14 19:13:37,988 [INFO] sqlalchemy.engine.Engine: SELECT coalesce(sum(booking_orders.amount), %s) AS coalesce_1 
FROM booking_orders 
WHERE booking_orders.club_id = %s AND date(booking_orders.created_at) = %s AND booking_orders.status IN (%s, %s)
2026-06-14 19:13:37,988 [INFO] sqlalchemy.engine.Engine: [cached since 10.27s ago] (0, 12, datetime.date(2026, 6, 14), 'paid', 'completed')
2026-06-14 19:13:38,070 [INFO] sqlalchemy.engine.Engine: COMMIT
2026-06-14 19:13:38,252 [INFO] club-api: GET /api/v1/clubs/12/stats → 200 (809ms)
2026-06-14 20:12:16,587 [INFO] sqlalchemy.engine.Engine: BEGIN (implicit)
2026-06-14 20:12:16,589 [INFO] sqlalchemy.engine.Engine: SELECT clubs.id, clubs.name, clubs.sport_types, clubs.description, clubs.cover_image, clubs.images, clubs.address, clubs.latitude, clubs.longitude, clubs.contact_phone, clubs.split_ratio, clubs.sub_merchant_id, clubs.status, clubs.created_at, clubs.updated_at 
FROM clubs 
WHERE clubs.id = %s
2026-06-14 20:12:16,589 [INFO] sqlalchemy.engine.Engine: [cached since 390s ago] (12,)
2026-06-14 20:18:54,166 [INFO] club-api: GET /api/v1/users/me → 401 (4ms)
2026-06-14 20:18:54,199 [INFO] sqlalchemy.engine.Engine: BEGIN (implicit)
2026-06-14 20:18:54,200 [INFO] sqlalchemy.engine.Engine: SELECT count(match_posts.id) AS count_1 
FROM match_posts
2026-06-14 20:18:54,201 [INFO] sqlalchemy.engine.Engine: [cached since 460s ago] ()
2026-06-14 20:18:54,206 [INFO] sqlalchemy.engine.Engine: BEGIN (implicit)
2026-06-14 20:18:54,206 [INFO] sqlalchemy.engine.Engine: SELECT count(tournaments.id) AS count_1 
FROM tournaments 
WHERE tournaments.status = %s
2026-06-14 20:18:54,207 [INFO] sqlalchemy.engine.Engine: [cached since 460s ago] ('open',)
2026-06-14 20:18:54,212 [INFO] club-api: POST /api/v1/auth/refresh → 200 (4ms) body={"refresh_token":"eyJhbGciOiJIUzI1NiIsInR5cCI6IkpXVCJ9.eyJzdWIiOiIxIiwiZXhwIjoxNzgyMDM0OTgzLCJ0eXBlIjoicmVmcmVzaCJ9.aliXP5pBrCz3qIbaIlzGJ6Gp57SleqkyQjh1jZTkSzY"}
2026-06-14 20:18:54,784 [INFO] sqlalchemy.engine.Engine: BEGIN (implicit)
2026-06-14 20:18:54,785 [INFO] sqlalchemy.engine.Engine: SELECT users.id, users.openid, users.unionid, users.nickname, users.avatar_url, users.phone, users.`role`, users.created_at, users.updated_at 
FROM users 
WHERE users.id = %s
2026-06-14 20:18:54,786 [INFO] sqlalchemy.engine.Engine: [cached since 460.9s ago] (1,)
2026-06-14 20:18:54,893 [INFO] sqlalchemy.engine.Engine: SELECT club_members.club_id 
FROM club_members 
WHERE club_members.user_id = %s
2026-06-14 20:18:54,894 [INFO] sqlalchemy.engine.Engine: [cached since 461s ago] (1,)
2026-06-14 20:18:54,989 [INFO] sqlalchemy.engine.Engine: COMMIT
2026-06-14 20:18:55,216 [INFO] club-api: GET /api/v1/users/me → 200 (963ms)
2026-06-14 20:19:21,615 [INFO] sqlalchemy.engine.Engine: SELECT DATABASE()
2026-06-14 20:19:21,616 [INFO] sqlalchemy.engine.Engine: [raw sql] ()
2026-06-14 20:19:21,820 [INFO] sqlalchemy.engine.Engine: SELECT @@sql_mode
2026-06-14 20:19:21,820 [INFO] sqlalchemy.engine.Engine: [raw sql] ()
2026-06-14 20:19:21,920 [INFO] sqlalchemy.engine.Engine: SELECT @@lower_case_table_names
2026-06-14 20:19:21,920 [INFO] sqlalchemy.engine.Engine: [raw sql] ()
2026-06-14 20:19:22,129 [INFO] sqlalchemy.engine.Engine: BEGIN (implicit)
2026-06-14 20:19:22,130 [INFO] sqlalchemy.engine.Engine: DESCRIBE `club_db`.`users`
2026-06-14 20:19:22,130 [INFO] sqlalchemy.engine.Engine: [raw sql] ()
2026-06-14 20:19:22,233 [INFO] sqlalchemy.engine.Engine: DESCRIBE `club_db`.`clubs`
2026-06-14 20:19:22,233 [INFO] sqlalchemy.engine.Engine: [raw sql] ()
2026-06-14 20:19:22,338 [INFO] sqlalchemy.engine.Engine: DESCRIBE `club_db`.`club_members`
2026-06-14 20:19:22,339 [INFO] sqlalchemy.engine.Engine: [raw sql] ()
2026-06-14 20:19:22,432 [INFO] sqlalchemy.engine.Engine: DESCRIBE `club_db`.`venues`
2026-06-14 20:19:22,433 [INFO] sqlalchemy.engine.Engine: [raw sql] ()
2026-06-14 20:19:22,539 [INFO] sqlalchemy.engine.Engine: DESCRIBE `club_db`.`venue_time_slots`
2026-06-14 20:19:22,540 [INFO] sqlalchemy.engine.Engine: [raw sql] ()
2026-06-14 20:19:22,641 [INFO] sqlalchemy.engine.Engine: DESCRIBE `club_db`.`booking_orders`
2026-06-14 20:19:22,641 [INFO] sqlalchemy.engine.Engine: [raw sql] ()
2026-06-14 20:19:22,742 [INFO] sqlalchemy.engine.Engine: DESCRIBE `club_db`.`settlement_records`
2026-06-14 20:19:22,743 [INFO] sqlalchemy.engine.Engine: [raw sql] ()
2026-06-14 20:19:22,843 [INFO] sqlalchemy.engine.Engine: DESCRIBE `club_db`.`match_posts`
2026-06-14 20:19:22,843 [INFO] sqlalchemy.engine.Engine: [raw sql] ()
2026-06-14 20:19:22,948 [INFO] sqlalchemy.engine.Engine: DESCRIBE `club_db`.`match_registrations`
2026-06-14 20:19:22,948 [INFO] sqlalchemy.engine.Engine: [raw sql] ()
2026-06-14 20:19:23,046 [INFO] sqlalchemy.engine.Engine: DESCRIBE `club_db`.`tournaments`
2026-06-14 20:19:23,047 [INFO] sqlalchemy.engine.Engine: [raw sql] ()
2026-06-14 20:19:23,157 [INFO] sqlalchemy.engine.Engine: DESCRIBE `club_db`.`tournament_registrations`
2026-06-14 20:19:23,157 [INFO] sqlalchemy.engine.Engine: [raw sql] ()
2026-06-14 20:19:23,251 [INFO] sqlalchemy.engine.Engine: DESCRIBE `club_db`.`notifications`
2026-06-14 20:19:23,252 [INFO] sqlalchemy.engine.Engine: [raw sql] ()
2026-06-14 20:19:23,357 [INFO] sqlalchemy.engine.Engine: COMMIT
2026-06-14 20:19:23,562 [INFO] club-api: Database tables created/verified
2026-06-14 20:19:27,832 [INFO] sqlalchemy.engine.Engine: BEGIN (implicit)
2026-06-14 20:19:27,873 [INFO] sqlalchemy.engine.Engine: SELECT users.id, users.openid, users.unionid, users.nickname, users.avatar_url, users.phone, users.`role`, users.created_at, users.updated_at 
FROM users 
WHERE users.id = %s
2026-06-14 20:19:27,874 [INFO] sqlalchemy.engine.Engine: [generated in 0.00027s] (1,)
2026-06-14 20:19:27,971 [INFO] sqlalchemy.engine.Engine: SELECT club_members.club_id 
FROM club_members 
WHERE club_members.user_id = %s
2026-06-14 20:19:27,971 [INFO] sqlalchemy.engine.Engine: [generated in 0.00048s] (1,)
2026-06-14 20:19:28,071 [INFO] sqlalchemy.engine.Engine: COMMIT
2026-06-14 20:19:28,273 [INFO] club-api: GET /api/v1/users/me → 200 (448ms)
2026-06-14 20:19:28,371 [INFO] sqlalchemy.engine.Engine: BEGIN (implicit)
2026-06-14 20:19:28,376 [INFO] sqlalchemy.engine.Engine: SELECT count(match_posts.id) AS count_1 
FROM match_posts
2026-06-14 20:19:28,376 [INFO] sqlalchemy.engine.Engine: [generated in 0.00073s] ()
2026-06-14 20:19:28,377 [INFO] sqlalchemy.engine.Engine: BEGIN (implicit)
2026-06-14 20:19:28,379 [INFO] sqlalchemy.engine.Engine: SELECT count(tournaments.id) AS count_1 
FROM tournaments 
WHERE tournaments.status = %s
2026-06-14 20:19:28,380 [INFO] sqlalchemy.engine.Engine: [generated in 0.00052s] ('open',)
2026-06-14 20:19:28,504 [INFO] sqlalchemy.engine.Engine: SELECT match_posts.id, match_posts.club_id, match_posts.user_id, match_posts.title, match_posts.sport_type, match_posts.preferred_date, match_posts.preferred_start, match_posts.preferred_end, match_posts.players_needed, match_posts.level_required, match_posts.notes, match_posts.venue_id, match_posts.booking_id, match_posts.group_chat_id, match_posts.status, match_posts.created_at, users.nickname, users.avatar_url, clubs.name, count(match_registrations.id) AS count_1 
FROM match_posts INNER JOIN users ON match_posts.user_id = users.id INNER JOIN clubs ON match_posts.club_id = clubs.id LEFT OUTER JOIN match_registrations ON match_registrations.post_id = match_posts.id GROUP BY match_posts.id ORDER BY match_posts.created_at DESC 
 LIMIT %s, %s
2026-06-14 20:19:28,505 [INFO] sqlalchemy.engine.Engine: [generated in 0.00100s] (0, 10)
2026-06-14 20:19:28,512 [INFO] sqlalchemy.engine.Engine: SELECT tournaments.id, tournaments.club_id, tournaments.title, tournaments.description, tournaments.sport_type, tournaments.start_time, tournaments.end_time, tournaments.venue_id, tournaments.lock_venue, tournaments.max_participants, tournaments.current_participants, tournaments.entry_fee, tournaments.cover_image, tournaments.group_chat_id, tournaments.status, tournaments.created_at, clubs.name 
FROM tournaments INNER JOIN clubs ON tournaments.club_id = clubs.id 
WHERE tournaments.status = %s ORDER BY tournaments.start_time 
 LIMIT %s, %s
2026-06-14 20:19:28,512 [INFO] sqlalchemy.engine.Engine: [generated in 0.00098s] ('open', 0, 5)
2026-06-14 20:19:28,683 [INFO] sqlalchemy.engine.Engine: COMMIT
2026-06-14 20:19:28,686 [INFO] sqlalchemy.engine.Engine: COMMIT
2026-06-14 20:19:28,818 [INFO] club-api: GET /api/v1/tournaments → 200 (942ms)
2026-06-14 20:19:28,884 [INFO] club-api: GET /api/v1/posts → 200 (1008ms)
2026-06-14 20:19:31,680 [INFO] sqlalchemy.engine.Engine: BEGIN (implicit)
2026-06-14 20:19:31,682 [INFO] sqlalchemy.engine.Engine: SELECT count(clubs.id) AS count_1 
FROM clubs 
WHERE clubs.status = %s
2026-06-14 20:19:31,682 [INFO] sqlalchemy.engine.Engine: [generated in 0.00034s] ('active',)
2026-06-14 20:19:31,760 [INFO] sqlalchemy.engine.Engine: SELECT clubs.id, clubs.name, clubs.sport_types, clubs.description, clubs.cover_image, clubs.images, clubs.address, clubs.latitude, clubs.longitude, clubs.contact_phone, clubs.split_ratio, clubs.sub_merchant_id, clubs.status, clubs.created_at, clubs.updated_at 
FROM clubs 
WHERE clubs.status = %s ORDER BY clubs.id DESC 
 LIMIT %s, %s
2026-06-14 20:19:31,760 [INFO] sqlalchemy.engine.Engine: [generated in 0.00043s] ('active', 0, 20)
2026-06-14 20:19:31,859 [INFO] sqlalchemy.engine.Engine: COMMIT
2026-06-14 20:19:32,065 [INFO] club-api: GET /api/v1/clubs → 200 (386ms)
2026-06-14 20:19:33,771 [INFO] sqlalchemy.engine.Engine: BEGIN (implicit)
2026-06-14 20:19:33,773 [INFO] sqlalchemy.engine.Engine: SELECT clubs.id, clubs.name, clubs.sport_types, clubs.description, clubs.cover_image, clubs.images, clubs.address, clubs.latitude, clubs.longitude, clubs.contact_phone, clubs.split_ratio, clubs.sub_merchant_id, clubs.status, clubs.created_at, clubs.updated_at 
FROM clubs 
WHERE clubs.id = %s
2026-06-14 20:19:33,773 [INFO] sqlalchemy.engine.Engine: [generated in 0.00039s] (12,)
2026-06-14 20:19:33,911 [INFO] sqlalchemy.engine.Engine: SELECT venues.id, venues.club_id, venues.name, venues.sport_type, venues.price_per_hour, venues.max_capacity, venues.open_time, venues.close_time, venues.cover_image, venues.status, venues.sort_order, venues.created_at 
FROM venues 
WHERE venues.club_id = %s
2026-06-14 20:19:33,912 [INFO] sqlalchemy.engine.Engine: [generated in 0.00070s] (12,)
2026-06-14 20:19:34,008 [INFO] sqlalchemy.engine.Engine: COMMIT
2026-06-14 20:19:34,208 [INFO] club-api: GET /api/v1/clubs/12 → 200 (437ms)
2026-06-14 20:19:39,661 [INFO] sqlalchemy.engine.Engine: BEGIN (implicit)
2026-06-14 20:19:39,663 [INFO] sqlalchemy.engine.Engine: SELECT venues.id, venues.club_id, venues.name, venues.sport_type, venues.price_per_hour, venues.max_capacity, venues.open_time, venues.close_time, venues.cover_image, venues.status, venues.sort_order, venues.created_at 
FROM venues 
WHERE venues.id = %s
2026-06-14 20:19:39,663 [INFO] sqlalchemy.engine.Engine: [generated in 0.00043s] (2,)
2026-06-14 20:19:39,665 [INFO] sqlalchemy.engine.Engine: BEGIN (implicit)
2026-06-14 20:19:39,666 [INFO] sqlalchemy.engine.Engine: SELECT venues.id, venues.club_id, venues.name, venues.sport_type, venues.price_per_hour, venues.max_capacity, venues.open_time, venues.close_time, venues.cover_image, venues.status, venues.sort_order, venues.created_at 
FROM venues 
WHERE venues.id = %s
2026-06-14 20:19:39,666 [INFO] sqlalchemy.engine.Engine: [cached since 0.00332s ago] (2,)
2026-06-14 20:19:39,749 [INFO] sqlalchemy.engine.Engine: SELECT venue_time_slots.id, venue_time_slots.venue_id, venue_time_slots.date, venue_time_slots.start_time, venue_time_slots.end_time, venue_time_slots.price_override, venue_time_slots.status, venue_time_slots.locked_by, venue_time_slots.locked_at 
FROM venue_time_slots 
WHERE venue_time_slots.venue_id = %s AND venue_time_slots.date >= %s AND venue_time_slots.date <= %s ORDER BY venue_time_slots.date, venue_time_slots.start_time
2026-06-14 20:19:39,750 [INFO] sqlalchemy.engine.Engine: [generated in 0.00123s] (2, datetime.date(2026, 6, 14), datetime.date(2026, 6, 14))
2026-06-14 20:19:39,753 [INFO] sqlalchemy.engine.Engine: COMMIT
2026-06-14 20:19:39,847 [INFO] sqlalchemy.engine.Engine: COMMIT
2026-06-14 20:19:39,975 [INFO] club-api: GET /api/v1/venues/2 → 200 (310ms)
2026-06-14 20:19:40,044 [INFO] club-api: GET /api/v1/venues/2/slots → 200 (385ms)
2026-06-14 20:19:54,494 [INFO] sqlalchemy.engine.Engine: BEGIN (implicit)
2026-06-14 20:19:54,496 [INFO] sqlalchemy.engine.Engine: SELECT venues.id, venues.club_id, venues.name, venues.sport_type, venues.price_per_hour, venues.max_capacity, venues.open_time, venues.close_time, venues.cover_image, venues.status, venues.sort_order, venues.created_at 
FROM venues 
WHERE venues.id = %s
2026-06-14 20:19:54,496 [INFO] sqlalchemy.engine.Engine: [cached since 14.83s ago] (2,)
2026-06-14 20:19:54,553 [INFO] sqlalchemy.engine.Engine: SELECT venue_time_slots.id, venue_time_slots.venue_id, venue_time_slots.date, venue_time_slots.start_time, venue_time_slots.end_time, venue_time_slots.price_override, venue_time_slots.status, venue_time_slots.locked_by, venue_time_slots.locked_at 
FROM venue_time_slots 
WHERE venue_time_slots.venue_id = %s AND venue_time_slots.date >= %s AND venue_time_slots.date <= %s ORDER BY venue_time_slots.date, venue_time_slots.start_time
2026-06-14 20:19:54,554 [INFO] sqlalchemy.engine.Engine: [cached since 14.81s ago] (2, datetime.date(2026, 6, 15), datetime.date(2026, 6, 15))
2026-06-14 20:19:54,609 [INFO] sqlalchemy.engine.Engine: COMMIT
2026-06-14 20:19:54,691 [INFO] club-api: GET /api/v1/venues/2/slots → 200 (199ms)
2026-06-14 20:19:55,258 [INFO] sqlalchemy.engine.Engine: BEGIN (implicit)
2026-06-14 20:19:55,259 [INFO] sqlalchemy.engine.Engine: SELECT venues.id, venues.club_id, venues.name, venues.sport_type, venues.price_per_hour, venues.max_capacity, venues.open_time, venues.close_time, venues.cover_image, venues.status, venues.sort_order, venues.created_at 
FROM venues 
WHERE venues.id = %s
2026-06-14 20:19:55,259 [INFO] sqlalchemy.engine.Engine: [cached since 15.6s ago] (2,)
2026-06-14 20:19:55,325 [INFO] sqlalchemy.engine.Engine: SELECT venue_time_slots.id, venue_time_slots.venue_id, venue_time_slots.date, venue_time_slots.start_time, venue_time_slots.end_time, venue_time_slots.price_override, venue_time_slots.status, venue_time_slots.locked_by, venue_time_slots.locked_at 
FROM venue_time_slots 
WHERE venue_time_slots.venue_id = %s AND venue_time_slots.date >= %s AND venue_time_slots.date <= %s ORDER BY venue_time_slots.date, venue_time_slots.start_time
2026-06-14 20:19:55,325 [INFO] sqlalchemy.engine.Engine: [cached since 15.58s ago] (2, datetime.date(2026, 6, 16), datetime.date(2026, 6, 16))
2026-06-14 20:19:55,380 [INFO] sqlalchemy.engine.Engine: COMMIT
2026-06-14 20:19:55,474 [INFO] club-api: GET /api/v1/venues/2/slots → 200 (218ms)
2026-06-14 20:19:55,773 [INFO] sqlalchemy.engine.Engine: BEGIN (implicit)
2026-06-14 20:19:55,774 [INFO] sqlalchemy.engine.Engine: SELECT venues.id, venues.club_id, venues.name, venues.sport_type, venues.price_per_hour, venues.max_capacity, venues.open_time, venues.close_time, venues.cover_image, venues.status, venues.sort_order, venues.created_at 
FROM venues 
WHERE venues.id = %s
2026-06-14 20:19:55,774 [INFO] sqlalchemy.engine.Engine: [cached since 16.11s ago] (2,)
2026-06-14 20:19:55,824 [INFO] sqlalchemy.engine.Engine: SELECT venue_time_slots.id, venue_time_slots.venue_id, venue_time_slots.date, venue_time_slots.start_time, venue_time_slots.end_time, venue_time_slots.price_override, venue_time_slots.status, venue_time_slots.locked_by, venue_time_slots.locked_at 
FROM venue_time_slots 
WHERE venue_time_slots.venue_id = %s AND venue_time_slots.date >= %s AND venue_time_slots.date <= %s ORDER BY venue_time_slots.date, venue_time_slots.start_time
2026-06-14 20:19:55,825 [INFO] sqlalchemy.engine.Engine: [cached since 16.08s ago] (2, datetime.date(2026, 6, 14), datetime.date(2026, 6, 14))
2026-06-14 20:19:55,891 [INFO] sqlalchemy.engine.Engine: COMMIT
2026-06-14 20:19:55,986 [INFO] club-api: GET /api/v1/venues/2/slots → 200 (215ms)
2026-06-14 20:20:02,934 [INFO] sqlalchemy.engine.Engine: BEGIN (implicit)
2026-06-14 20:20:02,934 [INFO] sqlalchemy.engine.Engine: SELECT count(clubs.id) AS count_1 
FROM clubs 
WHERE clubs.status = %s
2026-06-14 20:20:02,935 [INFO] sqlalchemy.engine.Engine: [cached since 31.25s ago] ('active',)
2026-06-14 20:20:03,092 [INFO] sqlalchemy.engine.Engine: SELECT clubs.id, clubs.name, clubs.sport_types, clubs.description, clubs.cover_image, clubs.images, clubs.address, clubs.latitude, clubs.longitude, clubs.contact_phone, clubs.split_ratio, clubs.sub_merchant_id, clubs.status, clubs.created_at, clubs.updated_at 
FROM clubs 
WHERE clubs.status = %s ORDER BY clubs.id DESC 
 LIMIT %s, %s
2026-06-14 20:20:03,093 [INFO] sqlalchemy.engine.Engine: [cached since 31.33s ago] ('active', 0, 50)
2026-06-14 20:20:03,191 [INFO] sqlalchemy.engine.Engine: COMMIT
2026-06-14 20:20:03,396 [INFO] club-api: GET /api/v1/clubs → 200 (463ms)
2026-06-14 20:20:09,770 [INFO] sqlalchemy.engine.Engine: BEGIN (implicit)
2026-06-14 20:20:09,772 [INFO] sqlalchemy.engine.Engine: SELECT venues.id, venues.club_id, venues.name, venues.sport_type, venues.price_per_hour, venues.max_capacity, venues.open_time, venues.close_time, venues.cover_image, venues.status, venues.sort_order, venues.created_at 
FROM venues 
WHERE venues.club_id = %s ORDER BY venues.sort_order
2026-06-14 20:20:09,772 [INFO] sqlalchemy.engine.Engine: [generated in 0.00070s] (12,)
2026-06-14 20:20:09,844 [INFO] sqlalchemy.engine.Engine: COMMIT
2026-06-14 20:20:10,052 [INFO] club-api: GET /api/v1/clubs/12/venues → 200 (284ms)
2026-06-14 20:20:12,306 [INFO] club-api: GET /api/v1/venues/2/slots → 422 (3ms)
2026-06-14 20:20:14,208 [INFO] sqlalchemy.engine.Engine: BEGIN (implicit)
2026-06-14 20:20:14,209 [INFO] sqlalchemy.engine.Engine: SELECT venues.id, venues.club_id, venues.name, venues.sport_type, venues.price_per_hour, venues.max_capacity, venues.open_time, venues.close_time, venues.cover_image, venues.status, venues.sort_order, venues.created_at 
FROM venues 
WHERE venues.id = %s
2026-06-14 20:20:14,209 [INFO] sqlalchemy.engine.Engine: [cached since 34.55s ago] (2,)
2026-06-14 20:20:14,292 [INFO] sqlalchemy.engine.Engine: SELECT venue_time_slots.id, venue_time_slots.venue_id, venue_time_slots.date, venue_time_slots.start_time, venue_time_slots.end_time, venue_time_slots.price_override, venue_time_slots.status, venue_time_slots.locked_by, venue_time_slots.locked_at 
FROM venue_time_slots 
WHERE venue_time_slots.venue_id = %s AND venue_time_slots.date >= %s AND venue_time_slots.date <= %s ORDER BY venue_time_slots.date, venue_time_slots.start_time
2026-06-14 20:20:14,292 [INFO] sqlalchemy.engine.Engine: [cached since 34.54s ago] (2, datetime.date(2026, 6, 14), datetime.date(2026, 6, 14))
2026-06-14 20:20:14,461 [INFO] sqlalchemy.engine.Engine: COMMIT
2026-06-14 20:20:14,660 [INFO] club-api: GET /api/v1/venues/2/slots → 200 (453ms)
2026-06-14 20:20:20,084 [INFO] sqlalchemy.engine.Engine: BEGIN (implicit)
2026-06-14 20:20:20,088 [INFO] sqlalchemy.engine.Engine: SELECT match_posts.id, match_posts.club_id, match_posts.user_id, match_posts.title, match_posts.sport_type, match_posts.preferred_date, match_posts.preferred_start, match_posts.preferred_end, match_posts.players_needed, match_posts.level_required, match_posts.notes, match_posts.venue_id, match_posts.booking_id, match_posts.group_chat_id, match_posts.status, match_posts.created_at, users.nickname, users.avatar_url, clubs.name, count(match_registrations.id) AS count_1 
FROM match_posts INNER JOIN users ON match_posts.user_id = users.id INNER JOIN clubs ON match_posts.club_id = clubs.id LEFT OUTER JOIN match_registrations ON match_registrations.post_id = match_posts.id 
WHERE match_posts.id = %s GROUP BY match_posts.id
2026-06-14 20:20:20,088 [INFO] sqlalchemy.engine.Engine: [generated in 0.00038s] (3,)
2026-06-14 20:20:20,209 [INFO] sqlalchemy.engine.Engine: SELECT match_registrations.id, match_registrations.post_id, match_registrations.user_id, match_registrations.message, match_registrations.status, users.nickname, users.avatar_url 
FROM match_registrations INNER JOIN users ON match_registrations.user_id = users.id 
WHERE match_registrations.post_id = %s ORDER BY match_registrations.id
2026-06-14 20:20:20,209 [INFO] sqlalchemy.engine.Engine: [generated in 0.00045s] (3,)
2026-06-14 20:20:20,301 [INFO] sqlalchemy.engine.Engine: COMMIT
2026-06-14 20:20:20,497 [INFO] club-api: GET /api/v1/posts/3 → 200 (415ms)
